# 3ds Max Wavefront OBJ Exporter v0.99 - (c)2007 guruware
# File Created: 14.03.2025 10:37:22

mtllib PataEnfente2Goddar.mtl

#
# object C_rculo_001
#

v  0.5503 2.1766 -0.5916
v  0.5529 2.1752 -0.5793
v  0.5716 2.1832 -0.5818
v  0.5696 2.1849 -0.5942
v  0.5904 2.1912 -0.5833
v  0.5890 2.1931 -0.5957
v  0.5694 2.1822 -0.6065
v  0.5495 2.1737 -0.6039
v  0.5893 2.1907 -0.6081
v  0.5343 2.1672 -0.5758
v  0.5389 2.1615 -0.5657
v  0.5570 2.1693 -0.5691
v  0.5753 2.1771 -0.5715
v  0.5937 2.1849 -0.5730
v  0.6121 2.1927 -0.5735
v  0.6093 2.1992 -0.5838
v  0.6084 2.2014 -0.5962
v  0.6093 2.1992 -0.6087
v  0.5916 2.1840 -0.6184
v  0.6121 2.1927 -0.6190
v  0.5712 2.1753 -0.6168
v  0.5509 2.1666 -0.6141
v  0.5307 2.1580 -0.6103
v  0.5298 2.1653 -0.6002
v  0.5311 2.1685 -0.5880
v  0.5774 2.1131 -0.5916
v  0.5967 2.1213 -0.5942
v  0.5969 2.1239 -0.5818
v  0.5781 2.1159 -0.5793
v  0.5748 2.1145 -0.6039
v  0.5946 2.1230 -0.6065
v  0.6161 2.1296 -0.5957
v  0.6157 2.1320 -0.5833
v  0.6146 2.1315 -0.6081
v  0.5595 2.1080 -0.5758
v  0.5767 2.1230 -0.5691
v  0.5586 2.1153 -0.5657
v  0.5582 2.1049 -0.5880
v  0.5551 2.1061 -0.6002
v  0.5504 2.1118 -0.6103
v  0.5706 2.1204 -0.6141
v  0.5909 2.1291 -0.6168
v  0.6113 2.1378 -0.6184
v  0.6346 2.1400 -0.6087
v  0.6318 2.1465 -0.6190
v  0.6355 2.1378 -0.5962
v  0.6346 2.1400 -0.5838
v  0.6134 2.1387 -0.5730
v  0.6318 2.1465 -0.5735
v  0.5950 2.1308 -0.5715
v  0.5020 2.0809 -0.5711
v  0.5205 2.0888 -0.5777
v  0.5229 2.0924 -0.5658
v  0.5050 2.0847 -0.5594
v  0.4972 2.0815 -0.5828
v  0.5162 2.0896 -0.5896
v  0.5392 2.0968 -0.5833
v  0.5411 2.1001 -0.5713
v  0.5355 2.0978 -0.5954
v  0.5054 2.0926 -0.5497
v  0.4882 2.0853 -0.5425
v  0.4873 2.0772 -0.5520
v  0.4839 2.0732 -0.5635
v  0.4786 2.0735 -0.5749
v  0.4722 2.0785 -0.5845
v  0.4913 2.0866 -0.5925
v  0.5107 2.0949 -0.5995
v  0.5305 2.1033 -0.6054
v  0.5406 2.1076 -0.5613
v  0.5229 2.1001 -0.5559
v  0.4318 2.0510 -0.5350
v  0.4487 2.0582 -0.5454
v  0.4532 2.0627 -0.5344
v  0.4368 2.0557 -0.5243
v  0.4250 2.0507 -0.5456
v  0.4424 2.0581 -0.5564
v  0.4661 2.0656 -0.5549
v  0.4701 2.0699 -0.5437
v  0.4603 2.0657 -0.5661
v  0.4389 2.0642 -0.5155
v  0.4233 2.0576 -0.5048
v  0.4208 2.0489 -0.5133
v  0.4154 2.0440 -0.5237
v  0.4081 2.0434 -0.5340
v  0.4001 2.0477 -0.5426
v  0.4174 2.0551 -0.5545
v  0.4352 2.0627 -0.5654
v  0.4535 2.0705 -0.5754
v  0.4714 2.0781 -0.5343
v  0.4549 2.0711 -0.5253
v  0.3694 2.0244 -0.4847
v  0.3842 2.0307 -0.4985
v  0.3905 2.0359 -0.4889
v  0.3762 2.0298 -0.4755
v  0.3608 2.0233 -0.4939
v  0.3760 2.0297 -0.5081
v  0.3995 2.0372 -0.5115
v  0.4054 2.0423 -0.5015
v  0.3918 2.0365 -0.5215
v  0.3798 2.0391 -0.4678
v  0.3664 2.0334 -0.4540
v  0.3625 2.0240 -0.4613
v  0.3553 2.0184 -0.4701
v  0.3463 2.0171 -0.4789
v  0.3517 2.0271 -0.5015
v  0.3369 2.0208 -0.4862
v  0.3672 2.0337 -0.5161
v  0.3833 2.0406 -0.5297
v  0.4083 2.0512 -0.4932
v  0.3937 2.0450 -0.4809
v  0.3173 2.0022 -0.4221
v  0.3292 2.0073 -0.4388
v  0.3372 2.0132 -0.4309
v  0.3255 2.0082 -0.4147
v  0.3072 2.0004 -0.4295
v  0.3195 2.0057 -0.4467
v  0.3419 2.0127 -0.4548
v  0.3495 2.0185 -0.4464
v  0.3325 2.0112 -0.4631
v  0.3304 2.0180 -0.4086
v  0.3198 2.0135 -0.3922
v  0.3147 2.0036 -0.3979
v  0.3061 1.9974 -0.4048
v  0.2956 1.9955 -0.4117
v  0.2850 1.9986 -0.4175
v  0.2968 2.0037 -0.4357
v  0.3094 2.0090 -0.4532
v  0.3227 2.0147 -0.4701
v  0.3537 2.0279 -0.4395
v  0.3417 2.0228 -0.4244
v  0.2773 1.9851 -0.3497
v  0.2861 1.9889 -0.3686
v  0.2953 1.9953 -0.3627
v  0.2868 1.9917 -0.3444
v  0.2661 1.9829 -0.3550
v  0.2751 1.9867 -0.3744
v  0.2957 1.9929 -0.3870
v  0.3046 1.9993 -0.3806
v  0.2849 1.9909 -0.3934
v  0.2926 2.0019 -0.3400
v  0.2851 1.9987 -0.3217
v  0.2791 1.9884 -0.3256
v  0.2695 1.9818 -0.3304
v  0.2580 1.9794 -0.3351
v  0.2464 1.9822 -0.3391
v  0.2547 1.9857 -0.3594
v  0.2639 1.9897 -0.3793
v  0.2740 1.9940 -0.3987
v  0.3099 2.0093 -0.3753
v  0.3008 2.0054 -0.3579
v  0.2512 1.9740 -0.2702
v  0.2564 1.9762 -0.2906
v  0.2664 1.9830 -0.2870
v  0.2613 1.9809 -0.2672
v  0.2392 1.9714 -0.2732
v  0.2445 1.9737 -0.2942
v  0.2625 1.9788 -0.3106
v  0.2723 1.9855 -0.3065
v  0.2508 1.9764 -0.3148
v  0.2678 1.9913 -0.2647
v  0.2637 1.9896 -0.2451
v  0.2572 1.9791 -0.2471
v  0.2469 1.9722 -0.2496
v  0.2348 1.9695 -0.2520
v  0.2227 1.9721 -0.2540
v  0.2272 1.9740 -0.2757
v  0.2327 1.9763 -0.2972
v  0.2391 1.9791 -0.3183
v  0.2785 1.9959 -0.3030
v  0.2727 1.9934 -0.2840
v  0.2398 1.9691 -0.1867
v  0.2412 1.9697 -0.2078
v  0.2517 1.9767 -0.2065
v  0.2503 1.9762 -0.1861
v  0.2274 1.9664 -0.1873
v  0.2289 1.9670 -0.2090
v  0.2436 1.9707 -0.2287
v  0.2540 1.9777 -0.2269
v  0.2314 1.9681 -0.2306
v  0.2570 1.9867 -0.1856
v  0.2565 1.9865 -0.1655
v  0.2498 1.9760 -0.1655
v  0.2393 1.9689 -0.1655
v  0.2269 1.9662 -0.1655
v  0.2152 1.9689 -0.1878
v  0.2147 1.9687 -0.1655
v  0.2167 1.9695 -0.2100
v  0.2192 1.9706 -0.2321
v  0.2606 1.9882 -0.2254
v  0.2583 1.9873 -0.2055
v  0.2436 1.9707 -0.1023
v  0.2412 1.9697 -0.1233
v  0.2517 1.9767 -0.1245
v  0.2540 1.9777 -0.1042
v  0.2314 1.9681 -0.1005
v  0.2289 1.9670 -0.1221
v  0.2398 1.9691 -0.1444
v  0.2503 1.9762 -0.1450
v  0.2274 1.9664 -0.1438
v  0.2606 1.9882 -0.1057
v  0.2637 1.9896 -0.0859
v  0.2572 1.9791 -0.0839
v  0.2469 1.9722 -0.0815
v  0.2348 1.9695 -0.0791
v  0.2192 1.9706 -0.0990
v  0.2227 1.9721 -0.0771
v  0.2167 1.9695 -0.1211
v  0.2152 1.9689 -0.1433
v  0.2570 1.9867 -0.1455
v  0.2583 1.9873 -0.1256
v  0.2625 1.9788 -0.0204
v  0.2564 1.9762 -0.0405
v  0.2664 1.9830 -0.0441
v  0.2723 1.9855 -0.0246
v  0.2508 1.9764 -0.0162
v  0.2445 1.9737 -0.0369
v  0.2512 1.9740 -0.0609
v  0.2613 1.9809 -0.0639
v  0.2392 1.9714 -0.0579
v  0.2785 1.9959 -0.0281
v  0.2851 1.9987 -0.0094
v  0.2791 1.9884 -0.0055
v  0.2695 1.9818 -0.0007
v  0.2580 1.9794 0.0040
v  0.2391 1.9791 -0.0128
v  0.2464 1.9822 0.0080
v  0.2327 1.9763 -0.0339
v  0.2272 1.9740 -0.0554
v  0.2678 1.9913 -0.0664
v  0.2727 1.9934 -0.0471
v  0.2957 1.9929 0.0559
v  0.2861 1.9889 0.0375
v  0.2953 1.9953 0.0316
v  0.3046 1.9993 0.0495
v  0.2849 1.9909 0.0623
v  0.2751 1.9867 0.0434
v  0.2773 1.9851 0.0186
v  0.2868 1.9917 0.0133
v  0.2661 1.9829 0.0239
v  0.3099 2.0093 0.0442
v  0.3198 2.0135 0.0611
v  0.3147 2.0036 0.0668
v  0.3061 1.9974 0.0738
v  0.2956 1.9955 0.0807
v  0.2740 1.9940 0.0676
v  0.2850 1.9986 0.0864
v  0.2639 1.9897 0.0482
v  0.2547 1.9857 0.0283
v  0.2926 2.0019 0.0089
v  0.3008 2.0054 0.0268
v  0.3419 2.0127 0.1237
v  0.3292 2.0073 0.1077
v  0.3372 2.0132 0.0998
v  0.3495 2.0185 0.1154
v  0.3325 2.0112 0.1321
v  0.3195 2.0057 0.1156
v  0.3173 2.0022 0.0910
v  0.3255 2.0082 0.0836
v  0.3072 2.0004 0.0984
v  0.3537 2.0279 0.1084
v  0.3664 2.0334 0.1229
v  0.3625 2.0240 0.1302
v  0.3553 2.0184 0.1390
v  0.3463 2.0171 0.1478
v  0.3227 2.0147 0.1390
v  0.3369 2.0208 0.1551
v  0.3094 2.0090 0.1221
v  0.2968 2.0037 0.1046
v  0.3304 2.0180 0.0775
v  0.3417 2.0228 0.0933
v  0.3995 2.0372 0.1804
v  0.3842 2.0307 0.1674
v  0.3905 2.0359 0.1578
v  0.4054 2.0423 0.1704
v  0.3918 2.0365 0.1904
v  0.3760 2.0297 0.1770
v  0.3694 2.0244 0.1536
v  0.3762 2.0298 0.1444
v  0.3608 2.0233 0.1628
v  0.4083 2.0512 0.1621
v  0.4233 2.0576 0.1737
v  0.4208 2.0489 0.1822
v  0.4154 2.0440 0.1926
v  0.4081 2.0434 0.2029
v  0.3833 2.0406 0.1987
v  0.4001 2.0477 0.2115
v  0.3672 2.0337 0.1850
v  0.3517 2.0271 0.1704
v  0.3798 2.0391 0.1367
v  0.3937 2.0450 0.1498
v  0.4661 2.0656 0.2238
v  0.4487 2.0582 0.2143
v  0.4532 2.0627 0.2033
v  0.4701 2.0699 0.2126
v  0.4603 2.0657 0.2351
v  0.4424 2.0581 0.2253
v  0.4318 2.0510 0.2039
v  0.4368 2.0557 0.1932
v  0.4250 2.0507 0.2146
v  0.4714 2.0781 0.2033
v  0.4882 2.0853 0.2114
v  0.4873 2.0772 0.2209
v  0.4839 2.0732 0.2324
v  0.4786 2.0735 0.2439
v  0.4535 2.0705 0.2444
v  0.4722 2.0785 0.2534
v  0.4352 2.0627 0.2344
v  0.4174 2.0551 0.2234
v  0.4389 2.0642 0.1844
v  0.4549 2.0711 0.1943
v  0.5392 2.0968 0.2523
v  0.5205 2.0888 0.2466
v  0.5229 2.0924 0.2347
v  0.5411 2.1001 0.2402
v  0.5355 2.0978 0.2643
v  0.5162 2.0896 0.2585
v  0.5020 2.0809 0.2400
v  0.5050 2.0847 0.2283
v  0.4972 2.0815 0.2517
v  0.5406 2.1076 0.2302
v  0.5586 2.1153 0.2346
v  0.5595 2.1080 0.2447
v  0.5582 2.1049 0.2569
v  0.5551 2.1061 0.2691
v  0.5305 2.1033 0.2743
v  0.5504 2.1118 0.2792
v  0.5107 2.0949 0.2684
v  0.4913 2.0866 0.2614
v  0.5054 2.0926 0.2186
v  0.5229 2.1001 0.2249
v  0.6161 2.1296 0.2646
v  0.5967 2.1213 0.2631
v  0.5969 2.1239 0.2507
v  0.6157 2.1320 0.2522
v  0.6146 2.1315 0.2771
v  0.5946 2.1230 0.2755
v  0.5774 2.1131 0.2605
v  0.5781 2.1159 0.2482
v  0.5748 2.1145 0.2728
v  0.6134 2.1387 0.2419
v  0.6318 2.1465 0.2424
v  0.6346 2.1400 0.2527
v  0.6355 2.1378 0.2652
v  0.6346 2.1400 0.2776
v  0.6113 2.1378 0.2874
v  0.6318 2.1465 0.2879
v  0.5909 2.1291 0.2857
v  0.5706 2.1204 0.2830
v  0.5767 2.1230 0.2380
v  0.5950 2.1308 0.2405
v  0.6936 2.1626 0.2605
v  0.6743 2.1544 0.2631
v  0.6723 2.1561 0.2507
v  0.6910 2.1641 0.2482
v  0.6944 2.1655 0.2728
v  0.6745 2.1570 0.2755
v  0.6549 2.1461 0.2646
v  0.6535 2.1481 0.2522
v  0.6546 2.1485 0.2771
v  0.6869 2.1700 0.2380
v  0.7050 2.1777 0.2346
v  0.7096 2.1720 0.2447
v  0.7128 2.1708 0.2569
v  0.7141 2.1739 0.2691
v  0.6930 2.1726 0.2830
v  0.7132 2.1812 0.2792
v  0.6727 2.1639 0.2857
v  0.6523 2.1552 0.2874
v  0.6502 2.1544 0.2419
v  0.6686 2.1622 0.2405
v  0.7690 2.1948 0.2400
v  0.7505 2.1869 0.2466
v  0.7463 2.1876 0.2347
v  0.7642 2.1953 0.2283
v  0.7719 2.1986 0.2517
v  0.7529 2.1905 0.2585
v  0.7318 2.1789 0.2523
v  0.7281 2.1799 0.2402
v  0.7336 2.1822 0.2643
v  0.7582 2.2004 0.2186
v  0.7754 2.2077 0.2114
v  0.7818 2.2028 0.2209
v  0.7871 2.2025 0.2324
v  0.7906 2.2065 0.2439
v  0.7723 2.2064 0.2614
v  0.7914 2.2146 0.2534
v  0.7529 2.1981 0.2684
v  0.7332 2.1897 0.2743
v  0.7230 2.1854 0.2302
v  0.7407 2.1930 0.2249
v  0.8392 2.2247 0.2039
v  0.8223 2.2175 0.2143
v  0.8160 2.2173 0.2033
v  0.8324 2.2243 0.1932
v  0.8441 2.2294 0.2146
v  0.8267 2.2219 0.2253
v  0.8049 2.2101 0.2238
v  0.7991 2.2101 0.2126
v  0.8089 2.2143 0.2351
v  0.8247 2.2288 0.1844
v  0.8403 2.2354 0.1737
v  0.8483 2.2311 0.1822
v  0.8556 2.2317 0.1926
v  0.8610 2.2366 0.2029
v  0.8462 2.2379 0.2234
v  0.8635 2.2453 0.2115
v  0.8284 2.2303 0.2344
v  0.8101 2.2225 0.2444
v  0.7923 2.2149 0.2033
v  0.8087 2.2219 0.1943
v  0.9016 2.2513 0.1536
v  0.8868 2.2450 0.1674
v  0.8787 2.2441 0.1578
v  0.8930 2.2502 0.1444
v  0.9083 2.2567 0.1628
v  0.8932 2.2503 0.1770
v  0.8715 2.2385 0.1804
v  0.8638 2.2377 0.1704
v  0.8774 2.2435 0.1904
v  0.8838 2.2540 0.1367
v  0.8972 2.2597 0.1229
v  0.9066 2.2560 0.1302
v  0.9157 2.2573 0.1390
v  0.9228 2.2629 0.1478
v  0.9119 2.2659 0.1704
v  0.9267 2.2723 0.1551
v  0.8964 2.2593 0.1850
v  0.8803 2.2525 0.1987
v  0.8554 2.2418 0.1621
v  0.8699 2.2480 0.1498
v  0.9537 2.2735 0.0910
v  0.9418 2.2684 0.1077
v  0.9320 2.2668 0.0998
v  0.9436 2.2718 0.0836
v  0.9620 2.2796 0.0984
v  0.9497 2.2744 0.1156
v  0.9291 2.2630 0.1237
v  0.9197 2.2616 0.1154
v  0.9366 2.2688 0.1321
v  0.9332 2.2750 0.0775
v  0.9438 2.2796 0.0611
v  0.9545 2.2764 0.0668
v  0.9649 2.2783 0.0738
v  0.9735 2.2845 0.0807
v  0.9668 2.2894 0.1046
v  0.9786 2.2944 0.0864
v  0.9542 2.2840 0.1221
v  0.9409 2.2783 0.1390
v  0.9099 2.2651 0.1084
v  0.9219 2.2702 0.0933
v  0.9937 2.2905 0.0186
v  0.9849 2.2868 0.0375
v  0.9739 2.2847 0.0316
v  0.9824 2.2883 0.0133
v  1.0031 2.2971 0.0239
v  0.9941 2.2933 0.0434
v  0.9753 2.2827 0.0559
v  0.9646 2.2807 0.0495
v  0.9842 2.2891 0.0623
v  0.9711 2.2912 0.0089
v  0.9785 2.2943 -0.0094
v  0.9901 2.2916 -0.0055
v  1.0015 2.2939 -0.0007
v  1.0112 2.3006 0.0040
v  1.0089 2.3073 0.0283
v  1.0172 2.3108 0.0080
v  0.9997 2.3034 0.0482
v  0.9896 2.2991 0.0676
v  0.9537 2.2838 0.0442
v  0.9628 2.2876 0.0268
v  1.0198 2.3017 -0.0609
v  1.0146 2.2995 -0.0405
v  1.0028 2.2970 -0.0441
v  1.0078 2.2991 -0.0639
v  1.0300 2.3086 -0.0579
v  1.0247 2.3063 -0.0369
v  1.0085 2.2969 -0.0204
v  0.9968 2.2945 -0.0246
v  1.0184 2.3037 -0.0162
v  0.9958 2.3017 -0.0664
v  0.9999 2.3034 -0.0859
v  1.0119 2.3009 -0.0839
v  1.0241 2.3035 -0.0815
v  1.0344 2.3105 -0.0791
v  1.0364 2.3190 -0.0554
v  1.0409 2.3209 -0.0771
v  1.0310 2.3167 -0.0339
v  1.0245 2.3140 -0.0128
v  0.9852 2.2972 -0.0281
v  0.9909 2.2996 -0.0471
v  1.0312 2.3066 -0.1444
v  1.0298 2.3060 -0.1233
v  1.0175 2.3033 -0.1245
v  1.0189 2.3039 -0.1450
v  1.0417 2.3136 -0.1438
v  1.0402 2.3130 -0.1221
v  1.0274 2.3049 -0.1023
v  1.0152 2.3023 -0.1042
v  1.0378 2.3119 -0.1005
v  1.0066 2.3063 -0.1455
v  1.0071 2.3065 -0.1655
v  1.0193 2.3041 -0.1655
v  1.0317 2.3068 -0.1655
v  1.0422 2.3138 -0.1655
v  1.0484 2.3241 -0.1433
v  1.0489 2.3244 -0.1655
v  1.0469 2.3235 -0.1211
v  1.0444 2.3224 -0.0990
v  1.0030 2.3048 -0.1057
v  1.0053 2.3057 -0.1256
v  1.0274 2.3049 -0.2287
v  1.0298 2.3060 -0.2078
v  1.0175 2.3033 -0.2065
v  1.0152 2.3023 -0.2269
v  1.0378 2.3119 -0.2306
v  1.0402 2.3130 -0.2090
v  1.0312 2.3066 -0.1867
v  1.0189 2.3039 -0.1861
v  1.0417 2.3136 -0.1873
v  1.0030 2.3048 -0.2254
v  0.9999 2.3034 -0.2451
v  1.0119 2.3009 -0.2471
v  1.0241 2.3035 -0.2496
v  1.0344 2.3105 -0.2520
v  1.0444 2.3224 -0.2321
v  1.0409 2.3209 -0.2540
v  1.0469 2.3235 -0.2100
v  1.0484 2.3241 -0.1878
v  1.0066 2.3063 -0.1856
v  1.0053 2.3057 -0.2055
v  1.0085 2.2969 -0.3106
v  1.0146 2.2995 -0.2906
v  1.0028 2.2970 -0.2870
v  0.9968 2.2945 -0.3065
v  1.0184 2.3037 -0.3148
v  1.0247 2.3063 -0.2942
v  1.0198 2.3017 -0.2702
v  1.0078 2.2991 -0.2672
v  1.0300 2.3086 -0.2732
v  0.9852 2.2972 -0.3030
v  0.9785 2.2943 -0.3217
v  0.9901 2.2916 -0.3256
v  1.0015 2.2939 -0.3304
v  1.0112 2.3006 -0.3351
v  1.0245 2.3140 -0.3183
v  1.0172 2.3108 -0.3391
v  1.0310 2.3167 -0.2972
v  1.0364 2.3190 -0.2757
v  0.9958 2.3017 -0.2647
v  0.9909 2.2996 -0.2840
v  0.9753 2.2827 -0.3870
v  0.9849 2.2868 -0.3686
v  0.9739 2.2847 -0.3627
v  0.9646 2.2807 -0.3806
v  0.9842 2.2891 -0.3934
v  0.9941 2.2933 -0.3744
v  0.9937 2.2905 -0.3497
v  0.9824 2.2883 -0.3444
v  1.0031 2.2971 -0.3550
v  0.9537 2.2838 -0.3753
v  0.9438 2.2796 -0.3922
v  0.9545 2.2764 -0.3979
v  0.9649 2.2783 -0.4048
v  0.9735 2.2845 -0.4117
v  0.9896 2.2991 -0.3987
v  0.9786 2.2944 -0.4175
v  0.9997 2.3034 -0.3793
v  1.0089 2.3073 -0.3594
v  0.9711 2.2912 -0.3400
v  0.9628 2.2876 -0.3579
v  0.9291 2.2630 -0.4548
v  0.9418 2.2684 -0.4388
v  0.9320 2.2668 -0.4309
v  0.9197 2.2616 -0.4464
v  0.9366 2.2688 -0.4631
v  0.9497 2.2744 -0.4467
v  0.9537 2.2735 -0.4221
v  0.9436 2.2718 -0.4147
v  0.9620 2.2796 -0.4295
v  0.9099 2.2651 -0.4395
v  0.8972 2.2597 -0.4540
v  0.9066 2.2560 -0.4613
v  0.9157 2.2573 -0.4701
v  0.9228 2.2629 -0.4789
v  0.9409 2.2783 -0.4701
v  0.9267 2.2723 -0.4862
v  0.9542 2.2840 -0.4532
v  0.9668 2.2894 -0.4357
v  0.9332 2.2750 -0.4086
v  0.9219 2.2702 -0.4244
v  0.8715 2.2385 -0.5115
v  0.8868 2.2450 -0.4985
v  0.8787 2.2441 -0.4889
v  0.8638 2.2377 -0.5015
v  0.8774 2.2435 -0.5215
v  0.8932 2.2503 -0.5081
v  0.9016 2.2513 -0.4847
v  0.8930 2.2502 -0.4755
v  0.9083 2.2567 -0.4939
v  0.8554 2.2418 -0.4932
v  0.8403 2.2354 -0.5048
v  0.8483 2.2311 -0.5133
v  0.8556 2.2317 -0.5237
v  0.8610 2.2366 -0.5340
v  0.8803 2.2525 -0.5297
v  0.8635 2.2453 -0.5426
v  0.8964 2.2593 -0.5161
v  0.9119 2.2659 -0.5015
v  0.8838 2.2540 -0.4678
v  0.8699 2.2480 -0.4809
v  0.8049 2.2101 -0.5549
v  0.8223 2.2175 -0.5454
v  0.8160 2.2173 -0.5344
v  0.7991 2.2101 -0.5437
v  0.8089 2.2143 -0.5661
v  0.8267 2.2219 -0.5564
v  0.8392 2.2247 -0.5350
v  0.8324 2.2243 -0.5243
v  0.8441 2.2294 -0.5456
v  0.7923 2.2149 -0.5343
v  0.7754 2.2077 -0.5425
v  0.7818 2.2028 -0.5520
v  0.7871 2.2025 -0.5635
v  0.7906 2.2065 -0.5749
v  0.8101 2.2225 -0.5754
v  0.7914 2.2146 -0.5845
v  0.8284 2.2303 -0.5654
v  0.8462 2.2379 -0.5545
v  0.8247 2.2288 -0.5155
v  0.8087 2.2219 -0.5253
v  0.7318 2.1789 -0.5833
v  0.7505 2.1869 -0.5777
v  0.7463 2.1876 -0.5658
v  0.7281 2.1799 -0.5713
v  0.7336 2.1822 -0.5954
v  0.7529 2.1905 -0.5896
v  0.7690 2.1948 -0.5711
v  0.7642 2.1953 -0.5594
v  0.7719 2.1986 -0.5828
v  0.7230 2.1854 -0.5613
v  0.7050 2.1777 -0.5657
v  0.7096 2.1720 -0.5758
v  0.7128 2.1708 -0.5880
v  0.7141 2.1739 -0.6002
v  0.7332 2.1897 -0.6054
v  0.7132 2.1812 -0.6103
v  0.7529 2.1981 -0.5995
v  0.7723 2.2064 -0.5925
v  0.7582 2.2004 -0.5497
v  0.7407 2.1930 -0.5559
v  0.6549 2.1461 -0.5957
v  0.6743 2.1544 -0.5942
v  0.6723 2.1561 -0.5818
v  0.6535 2.1481 -0.5833
v  0.6546 2.1485 -0.6081
v  0.6745 2.1570 -0.6065
v  0.6936 2.1626 -0.5916
v  0.6910 2.1641 -0.5793
v  0.6944 2.1655 -0.6039
v  0.6502 2.1544 -0.5730
v  0.6523 2.1552 -0.6184
v  0.6727 2.1639 -0.6168
v  0.6930 2.1726 -0.6141
v  0.6869 2.1700 -0.5691
v  0.6686 2.1622 -0.5715
v  0.4976 2.1516 -0.5658
v  0.4934 2.1524 -0.5777
v  0.4749 2.1445 -0.5711
v  0.4797 2.1440 -0.5594
v  0.5158 2.1594 -0.5713
v  0.5121 2.1604 -0.5833
v  0.4910 2.1488 -0.5896
v  0.4720 2.1407 -0.5828
v  0.5103 2.1570 -0.5954
v  0.4857 2.1388 -0.5497
v  0.4621 2.1365 -0.5520
v  0.4685 2.1315 -0.5425
v  0.5032 2.1463 -0.5559
v  0.5209 2.1539 -0.5613
v  0.5107 2.1495 -0.6054
v  0.4910 2.1411 -0.5995
v  0.4716 2.1328 -0.5925
v  0.4525 2.1247 -0.5845
v  0.4533 2.1327 -0.5749
v  0.4568 2.1368 -0.5635
v  0.4279 2.1219 -0.5344
v  0.4216 2.1218 -0.5454
v  0.4047 2.1146 -0.5350
v  0.4115 2.1149 -0.5243
v  0.4448 2.1291 -0.5437
v  0.4390 2.1292 -0.5549
v  0.4172 2.1173 -0.5564
v  0.3998 2.1099 -0.5456
v  0.4350 2.1249 -0.5661
v  0.3956 2.1081 -0.5133
v  0.4036 2.1038 -0.5048
v  0.4192 2.1105 -0.5155
v  0.4352 2.1173 -0.5253
v  0.4516 2.1243 -0.5343
v  0.4338 2.1167 -0.5754
v  0.4155 2.1089 -0.5654
v  0.3977 2.1013 -0.5545
v  0.3804 2.0939 -0.5426
v  0.3829 2.1027 -0.5340
v  0.3883 2.1076 -0.5237
v  0.3652 2.0952 -0.4889
v  0.3571 2.0942 -0.4985
v  0.3423 2.0880 -0.4847
v  0.3509 2.0891 -0.4755
v  0.3801 2.1015 -0.5015
v  0.3724 2.1008 -0.5115
v  0.3507 2.0890 -0.5081
v  0.3356 2.0825 -0.4939
v  0.3665 2.0957 -0.5215
v  0.3373 2.0832 -0.4613
v  0.3467 2.0796 -0.4540
v  0.3601 2.0853 -0.4678
v  0.3740 2.0912 -0.4809
v  0.3885 2.0974 -0.4932
v  0.3636 2.0868 -0.5297
v  0.3475 2.0799 -0.5161
v  0.3320 2.0733 -0.5015
v  0.3172 2.0670 -0.4862
v  0.3211 2.0763 -0.4789
v  0.3282 2.0820 -0.4701
v  0.3119 2.0724 -0.4309
v  0.3021 2.0708 -0.4388
v  0.2902 2.0657 -0.4221
v  0.3003 2.0675 -0.4147
v  0.3242 2.0777 -0.4464
v  0.3148 2.0762 -0.4548
v  0.2942 2.0649 -0.4467
v  0.2819 2.0596 -0.4295
v  0.3073 2.0705 -0.4631
v  0.2894 2.0628 -0.3979
v  0.3001 2.0597 -0.3922
v  0.3107 2.0642 -0.4086
v  0.3220 2.0691 -0.4244
v  0.3340 2.0742 -0.4395
v  0.3030 2.0610 -0.4701
v  0.2897 2.0553 -0.4532
v  0.2771 2.0499 -0.4357
v  0.2653 2.0449 -0.4175
v  0.2704 2.0547 -0.4117
v  0.2790 2.0610 -0.4048
v  0.2700 2.0546 -0.3627
v  0.2590 2.0524 -0.3686
v  0.2502 2.0487 -0.3497
v  0.2615 2.0509 -0.3444
v  0.2793 2.0585 -0.3806
v  0.2686 2.0565 -0.3870
v  0.2498 2.0460 -0.3744
v  0.2408 2.0421 -0.3550
v  0.2597 2.0502 -0.3934
v  0.2538 2.0477 -0.3256
v  0.2654 2.0449 -0.3217
v  0.2728 2.0481 -0.3400
v  0.2811 2.0516 -0.3579
v  0.2902 2.0555 -0.3753
v  0.2543 2.0402 -0.3987
v  0.2442 2.0359 -0.3793
v  0.2350 2.0320 -0.3594
v  0.2267 2.0284 -0.3391
v  0.2327 2.0387 -0.3351
v  0.2424 2.0453 -0.3304
v  0.2411 2.0423 -0.2870
v  0.2293 2.0398 -0.2906
v  0.2241 2.0375 -0.2702
v  0.2361 2.0401 -0.2672
v  0.2471 2.0448 -0.3065
v  0.2354 2.0424 -0.3106
v  0.2192 2.0329 -0.2942
v  0.2139 2.0306 -0.2732
v  0.2255 2.0356 -0.3148
v  0.2320 2.0383 -0.2471
v  0.2440 2.0358 -0.2451
v  0.2481 2.0375 -0.2647
v  0.2530 2.0396 -0.2840
v  0.2587 2.0421 -0.3030
v  0.2194 2.0253 -0.3183
v  0.2129 2.0226 -0.2972
v  0.2075 2.0202 -0.2757
v  0.2030 2.0183 -0.2540
v  0.2095 2.0288 -0.2520
v  0.2198 2.0357 -0.2496
v  0.2264 2.0360 -0.2065
v  0.2141 2.0333 -0.2078
v  0.2127 2.0327 -0.1867
v  0.2250 2.0354 -0.1861
v  0.2287 2.0370 -0.2269
v  0.2165 2.0343 -0.2287
v  0.2036 2.0263 -0.2090
v  0.2022 2.0256 -0.1873
v  0.2061 2.0273 -0.2306
v  0.2246 2.0352 -0.1655
v  0.2368 2.0327 -0.1655
v  0.2373 2.0329 -0.1856
v  0.2386 2.0335 -0.2055
v  0.2409 2.0345 -0.2254
v  0.1995 2.0168 -0.2321
v  0.1970 2.0158 -0.2100
v  0.1955 2.0151 -0.1878
v  0.1950 2.0149 -0.1655
v  0.2017 2.0254 -0.1655
v  0.2122 2.0325 -0.1655
v  0.2264 2.0360 -0.1245
v  0.2141 2.0333 -0.1233
v  0.2165 2.0343 -0.1023
v  0.2287 2.0370 -0.1042
v  0.2250 2.0354 -0.1450
v  0.2127 2.0327 -0.1444
v  0.2036 2.0263 -0.1221
v  0.2061 2.0273 -0.1005
v  0.2022 2.0256 -0.1438
v  0.2320 2.0383 -0.0839
v  0.2440 2.0358 -0.0859
v  0.2409 2.0345 -0.1057
v  0.2386 2.0335 -0.1256
v  0.2373 2.0329 -0.1455
v  0.1955 2.0151 -0.1433
v  0.1970 2.0158 -0.1211
v  0.1995 2.0168 -0.0990
v  0.2030 2.0183 -0.0771
v  0.2095 2.0288 -0.0791
v  0.2198 2.0357 -0.0815
v  0.2411 2.0423 -0.0441
v  0.2293 2.0398 -0.0405
v  0.2354 2.0424 -0.0204
v  0.2471 2.0448 -0.0246
v  0.2361 2.0401 -0.0639
v  0.2241 2.0375 -0.0609
v  0.2192 2.0329 -0.0369
v  0.2255 2.0356 -0.0162
v  0.2139 2.0306 -0.0579
v  0.2538 2.0477 -0.0055
v  0.2654 2.0449 -0.0094
v  0.2587 2.0421 -0.0281
v  0.2530 2.0396 -0.0471
v  0.2481 2.0375 -0.0664
v  0.2075 2.0202 -0.0554
v  0.2129 2.0226 -0.0339
v  0.2194 2.0253 -0.0128
v  0.2267 2.0284 0.0080
v  0.2327 2.0387 0.0040
v  0.2424 2.0453 -0.0007
v  0.2700 2.0546 0.0316
v  0.2590 2.0524 0.0375
v  0.2686 2.0565 0.0559
v  0.2793 2.0585 0.0495
v  0.2615 2.0509 0.0133
v  0.2502 2.0487 0.0186
v  0.2498 2.0460 0.0434
v  0.2597 2.0502 0.0623
v  0.2408 2.0421 0.0239
v  0.2894 2.0628 0.0668
v  0.3001 2.0597 0.0611
v  0.2902 2.0555 0.0442
v  0.2811 2.0516 0.0268
v  0.2728 2.0481 0.0089
v  0.2350 2.0320 0.0283
v  0.2442 2.0359 0.0482
v  0.2543 2.0402 0.0676
v  0.2653 2.0449 0.0864
v  0.2704 2.0547 0.0807
v  0.2790 2.0610 0.0737
v  0.3119 2.0724 0.0998
v  0.3021 2.0708 0.1077
v  0.3148 2.0762 0.1237
v  0.3242 2.0777 0.1154
v  0.3003 2.0675 0.0836
v  0.2902 2.0657 0.0910
v  0.2942 2.0649 0.1156
v  0.3073 2.0705 0.1321
v  0.2819 2.0596 0.0984
v  0.3373 2.0832 0.1302
v  0.3467 2.0796 0.1229
v  0.3340 2.0742 0.1084
v  0.3220 2.0691 0.0933
v  0.3107 2.0642 0.0775
v  0.2771 2.0499 0.1046
v  0.2897 2.0553 0.1221
v  0.3030 2.0610 0.1390
v  0.3172 2.0670 0.1551
v  0.3211 2.0763 0.1478
v  0.3282 2.0820 0.1390
v  0.3652 2.0952 0.1578
v  0.3571 2.0942 0.1674
v  0.3724 2.1008 0.1804
v  0.3801 2.1015 0.1704
v  0.3509 2.0891 0.1444
v  0.3423 2.0880 0.1536
v  0.3507 2.0890 0.1770
v  0.3665 2.0957 0.1904
v  0.3356 2.0825 0.1628
v  0.3956 2.1081 0.1822
v  0.4036 2.1038 0.1737
v  0.3885 2.0974 0.1621
v  0.3740 2.0912 0.1498
v  0.3601 2.0853 0.1367
v  0.3320 2.0733 0.1704
v  0.3475 2.0799 0.1850
v  0.3636 2.0868 0.1987
v  0.3804 2.0939 0.2115
v  0.3829 2.1027 0.2029
v  0.3883 2.1076 0.1926
v  0.4279 2.1219 0.2033
v  0.4216 2.1218 0.2143
v  0.4390 2.1292 0.2238
v  0.4448 2.1291 0.2126
v  0.4115 2.1149 0.1932
v  0.4047 2.1146 0.2039
v  0.4172 2.1173 0.2253
v  0.4350 2.1249 0.2351
v  0.3998 2.1099 0.2146
v  0.4621 2.1365 0.2209
v  0.4685 2.1315 0.2114
v  0.4516 2.1243 0.2033
v  0.4352 2.1173 0.1943
v  0.4192 2.1105 0.1844
v  0.3977 2.1013 0.2234
v  0.4155 2.1089 0.2344
v  0.4338 2.1167 0.2444
v  0.4525 2.1247 0.2534
v  0.4533 2.1327 0.2439
v  0.4568 2.1368 0.2324
v  0.4976 2.1516 0.2347
v  0.4934 2.1524 0.2466
v  0.5121 2.1604 0.2523
v  0.5158 2.1594 0.2402
v  0.4797 2.1440 0.2283
v  0.4749 2.1445 0.2400
v  0.4910 2.1488 0.2585
v  0.5103 2.1570 0.2643
v  0.4720 2.1407 0.2517
v  0.5343 2.1672 0.2447
v  0.5389 2.1615 0.2346
v  0.5209 2.1539 0.2302
v  0.5032 2.1463 0.2249
v  0.4857 2.1388 0.2186
v  0.4716 2.1328 0.2614
v  0.4910 2.1411 0.2684
v  0.5107 2.1495 0.2743
v  0.5307 2.1580 0.2792
v  0.5298 2.1653 0.2691
v  0.5311 2.1685 0.2569
v  0.5716 2.1832 0.2507
v  0.5696 2.1849 0.2631
v  0.5890 2.1931 0.2646
v  0.5904 2.1912 0.2522
v  0.5529 2.1752 0.2482
v  0.5503 2.1766 0.2605
v  0.5694 2.1822 0.2755
v  0.5893 2.1907 0.2771
v  0.5495 2.1737 0.2728
v  0.6093 2.1992 0.2527
v  0.6121 2.1927 0.2424
v  0.5937 2.1849 0.2419
v  0.5753 2.1771 0.2405
v  0.5570 2.1693 0.2380
v  0.5509 2.1666 0.2830
v  0.5712 2.1753 0.2857
v  0.5916 2.1840 0.2874
v  0.6121 2.1927 0.2879
v  0.6093 2.1992 0.2776
v  0.6084 2.2014 0.2652
v  0.6470 2.2153 0.2507
v  0.6472 2.2180 0.2631
v  0.6665 2.2262 0.2605
v  0.6658 2.2233 0.2482
v  0.6282 2.2073 0.2522
v  0.6278 2.2097 0.2646
v  0.6493 2.2163 0.2755
v  0.6691 2.2247 0.2728
v  0.6293 2.2078 0.2771
v  0.6844 2.2313 0.2447
v  0.6853 2.2240 0.2346
v  0.6672 2.2162 0.2380
v  0.6489 2.2084 0.2405
v  0.6305 2.2006 0.2419
v  0.6326 2.2015 0.2874
v  0.6530 2.2102 0.2857
v  0.6733 2.2188 0.2830
v  0.6935 2.2274 0.2792
v  0.6888 2.2332 0.2691
v  0.6857 2.2344 0.2569
v  0.7210 2.2469 0.2347
v  0.7234 2.2504 0.2466
v  0.7419 2.2583 0.2400
v  0.7389 2.2545 0.2283
v  0.7028 2.2391 0.2402
v  0.7047 2.2425 0.2523
v  0.7277 2.2497 0.2585
v  0.7466 2.2578 0.2517
v  0.7084 2.2415 0.2643
v  0.7566 2.2620 0.2209
v  0.7557 2.2540 0.2114
v  0.7385 2.2466 0.2186
v  0.7210 2.2392 0.2249
v  0.7033 2.2316 0.2302
v  0.7134 2.2360 0.2743
v  0.7332 2.2444 0.2684
v  0.7526 2.2527 0.2614
v  0.7717 2.2608 0.2534
v  0.7653 2.2658 0.2439
v  0.7600 2.2661 0.2324
v  0.7907 2.2766 0.2033
v  0.7952 2.2810 0.2143
v  0.8121 2.2883 0.2039
v  0.8071 2.2836 0.1932
v  0.7738 2.2694 0.2126
v  0.7778 2.2736 0.2238
v  0.8015 2.2812 0.2253
v  0.8189 2.2886 0.2146
v  0.7836 2.2736 0.2351
v  0.8231 2.2904 0.1822
v  0.8206 2.2816 0.1737
v  0.8050 2.2750 0.1844
v  0.7890 2.2682 0.1943
v  0.7725 2.2612 0.2033
v  0.7904 2.2688 0.2444
v  0.8087 2.2766 0.2344
v  0.8265 2.2842 0.2234
v  0.8438 2.2915 0.2115
v  0.8358 2.2958 0.2029
v  0.8285 2.2953 0.1926
v  0.8534 2.3033 0.1578
v  0.8597 2.3086 0.1674
v  0.8745 2.3149 0.1536
v  0.8677 2.3094 0.1444
v  0.8385 2.2970 0.1704
v  0.8444 2.3020 0.1804
v  0.8679 2.3095 0.1770
v  0.8831 2.3160 0.1628
v  0.8521 2.3028 0.1904
v  0.8814 2.3152 0.1302
v  0.8775 2.3059 0.1229
v  0.8641 2.3002 0.1367
v  0.8502 2.2943 0.1498
v  0.8356 2.2881 0.1621
v  0.8606 2.2987 0.1987
v  0.8767 2.3056 0.1850
v  0.8922 2.3122 0.1704
v  0.9070 2.3185 0.1551
v  0.8976 2.3221 0.1478
v  0.8886 2.3209 0.1390
v  0.9067 2.3261 0.0998
v  0.9147 2.3320 0.1077
v  0.9266 2.3371 0.0910
v  0.9184 2.3310 0.0836
v  0.8944 2.3208 0.1154
v  0.9020 2.3266 0.1237
v  0.9244 2.3336 0.1156
v  0.9367 2.3388 0.0984
v  0.9114 2.3280 0.1321
v  0.9292 2.3356 0.0668
v  0.9241 2.3258 0.0611
v  0.9135 2.3213 0.0775
v  0.9022 2.3164 0.0933
v  0.8902 2.3113 0.1084
v  0.9212 2.3245 0.1390
v  0.9345 2.3302 0.1221
v  0.9471 2.3356 0.1046
v  0.9589 2.3406 0.0864
v  0.9483 2.3438 0.0807
v  0.9378 2.3419 0.0738
v  0.9486 2.3439 0.0316
v  0.9578 2.3504 0.0375
v  0.9666 2.3541 0.0186
v  0.9571 2.3475 0.0133
v  0.9393 2.3400 0.0495
v  0.9482 2.3463 0.0559
v  0.9688 2.3525 0.0434
v  0.9778 2.3564 0.0239
v  0.9590 2.3483 0.0623
v  0.9648 2.3508 -0.0055
v  0.9588 2.3406 -0.0094
v  0.9513 2.3374 0.0089
v  0.9431 2.3339 0.0268
v  0.9340 2.3300 0.0442
v  0.9699 2.3453 0.0676
v  0.9800 2.3496 0.0482
v  0.9892 2.3535 0.0283
v  0.9975 2.3571 0.0080
v  0.9859 2.3598 0.0040
v  0.9744 2.3575 -0.0007
v  0.9775 2.3562 -0.0441
v  0.9875 2.3631 -0.0405
v  0.9927 2.3653 -0.0609
v  0.9826 2.3584 -0.0639
v  0.9716 2.3537 -0.0246
v  0.9814 2.3605 -0.0204
v  0.9994 2.3656 -0.0369
v  1.0047 2.3678 -0.0579
v  0.9931 2.3629 -0.0162
v  0.9867 2.3601 -0.0839
v  0.9802 2.3497 -0.0859
v  0.9761 2.3480 -0.0664
v  0.9712 2.3459 -0.0471
v  0.9654 2.3434 -0.0281
v  1.0048 2.3602 -0.0128
v  1.0112 2.3629 -0.0339
v  1.0167 2.3653 -0.0554
v  1.0212 2.3672 -0.0771
v  1.0091 2.3697 -0.0791
v  0.9970 2.3671 -0.0815
v  0.9922 2.3625 -0.1245
v  1.0027 2.3695 -0.1233
v  1.0041 2.3701 -0.1444
v  0.9936 2.3631 -0.1450
v  0.9899 2.3615 -0.1042
v  1.0003 2.3685 -0.1023
v  1.0150 2.3722 -0.1221
v  1.0165 2.3728 -0.1438
v  1.0125 2.3712 -0.1005
v  0.9941 2.3633 -0.1655
v  0.9874 2.3528 -0.1655
v  0.9869 2.3526 -0.1455
v  0.9856 2.3520 -0.1256
v  0.9833 2.3510 -0.1057
v  1.0247 2.3687 -0.0990
v  1.0272 2.3697 -0.1211
v  1.0287 2.3704 -0.1433
v  1.0292 2.3706 -0.1655
v  1.0170 2.3730 -0.1655
v  1.0046 2.3703 -0.1655
v  0.9922 2.3625 -0.2065
v  1.0027 2.3695 -0.2078
v  1.0003 2.3685 -0.2287
v  0.9899 2.3615 -0.2269
v  0.9936 2.3631 -0.1861
v  1.0041 2.3701 -0.1867
v  1.0150 2.3722 -0.2090
v  1.0125 2.3712 -0.2306
v  1.0165 2.3728 -0.1873
v  0.9867 2.3601 -0.2471
v  0.9802 2.3497 -0.2451
v  0.9833 2.3510 -0.2254
v  0.9856 2.3520 -0.2055
v  0.9869 2.3526 -0.1856
v  1.0287 2.3704 -0.1878
v  1.0272 2.3697 -0.2100
v  1.0247 2.3687 -0.2321
v  1.0212 2.3672 -0.2540
v  1.0091 2.3697 -0.2520
v  0.9970 2.3671 -0.2496
v  0.9775 2.3562 -0.2870
v  0.9875 2.3631 -0.2906
v  0.9814 2.3605 -0.3106
v  0.9716 2.3537 -0.3065
v  0.9826 2.3584 -0.2672
v  0.9927 2.3653 -0.2702
v  0.9994 2.3656 -0.2942
v  0.9931 2.3629 -0.3148
v  1.0047 2.3678 -0.2732
v  0.9648 2.3508 -0.3256
v  0.9588 2.3406 -0.3217
v  0.9654 2.3434 -0.3030
v  0.9712 2.3459 -0.2840
v  0.9761 2.3480 -0.2647
v  1.0167 2.3653 -0.2757
v  1.0112 2.3629 -0.2972
v  1.0048 2.3602 -0.3183
v  0.9975 2.3571 -0.3391
v  0.9859 2.3598 -0.3351
v  0.9744 2.3575 -0.3304
v  0.9486 2.3439 -0.3627
v  0.9578 2.3504 -0.3686
v  0.9482 2.3463 -0.3870
v  0.9393 2.3400 -0.3806
v  0.9571 2.3475 -0.3444
v  0.9666 2.3541 -0.3497
v  0.9688 2.3525 -0.3744
v  0.9590 2.3483 -0.3934
v  0.9778 2.3564 -0.3550
v  0.9292 2.3356 -0.3979
v  0.9241 2.3258 -0.3922
v  0.9340 2.3300 -0.3753
v  0.9431 2.3339 -0.3579
v  0.9513 2.3374 -0.3400
v  0.9892 2.3535 -0.3594
v  0.9800 2.3496 -0.3793
v  0.9699 2.3453 -0.3987
v  0.9589 2.3406 -0.4175
v  0.9483 2.3438 -0.4117
v  0.9378 2.3419 -0.4048
v  0.9067 2.3261 -0.4309
v  0.9147 2.3320 -0.4388
v  0.9020 2.3266 -0.4548
v  0.8944 2.3208 -0.4464
v  0.9184 2.3310 -0.4147
v  0.9266 2.3371 -0.4221
v  0.9244 2.3336 -0.4467
v  0.9114 2.3280 -0.4631
v  0.9367 2.3388 -0.4295
v  0.8814 2.3152 -0.4613
v  0.8775 2.3059 -0.4540
v  0.8902 2.3113 -0.4395
v  0.9022 2.3164 -0.4244
v  0.9135 2.3213 -0.4086
v  0.9471 2.3356 -0.4357
v  0.9345 2.3302 -0.4532
v  0.9212 2.3245 -0.4701
v  0.9070 2.3185 -0.4862
v  0.8976 2.3221 -0.4789
v  0.8886 2.3209 -0.4701
v  0.8534 2.3033 -0.4889
v  0.8597 2.3086 -0.4985
v  0.8444 2.3020 -0.5115
v  0.8385 2.2970 -0.5015
v  0.8677 2.3094 -0.4755
v  0.8745 2.3149 -0.4847
v  0.8679 2.3095 -0.5081
v  0.8521 2.3028 -0.5215
v  0.8831 2.3160 -0.4939
v  0.8231 2.2904 -0.5133
v  0.8206 2.2816 -0.5048
v  0.8356 2.2881 -0.4932
v  0.8502 2.2943 -0.4809
v  0.8641 2.3002 -0.4678
v  0.8922 2.3122 -0.5015
v  0.8767 2.3056 -0.5161
v  0.8606 2.2987 -0.5297
v  0.8438 2.2915 -0.5426
v  0.8358 2.2958 -0.5340
v  0.8285 2.2953 -0.5237
v  0.7907 2.2766 -0.5344
v  0.7952 2.2810 -0.5454
v  0.7778 2.2736 -0.5549
v  0.7738 2.2694 -0.5437
v  0.8071 2.2836 -0.5243
v  0.8121 2.2883 -0.5350
v  0.8015 2.2812 -0.5564
v  0.7836 2.2736 -0.5661
v  0.8189 2.2886 -0.5456
v  0.7566 2.2620 -0.5520
v  0.7557 2.2540 -0.5425
v  0.7725 2.2612 -0.5343
v  0.7890 2.2682 -0.5253
v  0.8050 2.2750 -0.5155
v  0.8265 2.2842 -0.5545
v  0.8087 2.2766 -0.5654
v  0.7904 2.2688 -0.5754
v  0.7717 2.2608 -0.5845
v  0.7653 2.2658 -0.5749
v  0.7600 2.2661 -0.5635
v  0.7210 2.2469 -0.5658
v  0.7234 2.2504 -0.5777
v  0.7047 2.2425 -0.5833
v  0.7028 2.2391 -0.5713
v  0.7389 2.2545 -0.5594
v  0.7419 2.2583 -0.5711
v  0.7277 2.2497 -0.5896
v  0.7084 2.2415 -0.5954
v  0.7466 2.2578 -0.5828
v  0.6844 2.2313 -0.5758
v  0.6853 2.2240 -0.5657
v  0.7033 2.2316 -0.5613
v  0.7210 2.2392 -0.5559
v  0.7385 2.2466 -0.5497
v  0.7526 2.2527 -0.5925
v  0.7332 2.2444 -0.5995
v  0.7134 2.2360 -0.6054
v  0.6935 2.2274 -0.6103
v  0.6888 2.2332 -0.6002
v  0.6857 2.2344 -0.5880
v  0.6470 2.2153 -0.5818
v  0.6472 2.2180 -0.5942
v  0.6278 2.2097 -0.5957
v  0.6282 2.2073 -0.5833
v  0.6658 2.2233 -0.5793
v  0.6665 2.2262 -0.5916
v  0.6493 2.2163 -0.6065
v  0.6293 2.2078 -0.6081
v  0.6691 2.2247 -0.6039
v  0.6305 2.2006 -0.5730
v  0.6489 2.2084 -0.5715
v  0.6672 2.2162 -0.5691
v  0.6733 2.2188 -0.6141
v  0.6530 2.2102 -0.6168
v  0.6326 2.2015 -0.6184
v  1.0321 2.3296 -0.2990
v  1.0286 2.3430 -0.2996
v  1.0342 2.3454 -0.2778
v  1.0377 2.3319 -0.2773
v  1.0256 2.3268 -0.3205
v  1.0221 2.3402 -0.3212
v  1.0213 2.3549 -0.2990
v  1.0269 2.3572 -0.2773
v  1.0148 2.3521 -0.3205
v  1.0422 2.3339 -0.2552
v  1.0181 2.3236 -0.3415
v  1.0146 2.3370 -0.3423
v  1.0074 2.3489 -0.3415
v  1.0314 2.3592 -0.2552
v  1.0387 2.3473 -0.2557
v  0.6635 2.1724 -0.5652
v  0.6580 2.1850 -0.5631
v  0.6400 2.1773 -0.5645
v  0.6455 2.1647 -0.5666
v  0.6815 2.1801 -0.5628
v  0.6759 2.1926 -0.5607
v  0.6528 2.1977 -0.5652
v  0.6347 2.1900 -0.5666
v  0.6708 2.2054 -0.5628
v  0.6273 2.1570 -0.5671
v  0.6994 2.1877 -0.5594
v  0.6936 2.2002 -0.5573
v  0.6886 2.2130 -0.5594
v  0.6166 2.1823 -0.5671
v  0.6219 2.1696 -0.5650
v  0.3016 2.0181 -0.3548
v  0.2979 2.0315 -0.3538
v  0.2898 2.0280 -0.3363
v  0.2934 2.0146 -0.3372
v  0.3105 2.0219 -0.3720
v  0.3068 2.0352 -0.3709
v  0.2908 2.0434 -0.3548
v  0.2826 2.0399 -0.3372
v  0.2997 2.0472 -0.3720
v  0.2861 2.0115 -0.3192
v  0.3202 2.0260 -0.3886
v  0.3164 2.0394 -0.3875
v  0.3094 2.0513 -0.3886
v  0.2753 2.0368 -0.3192
v  0.2825 2.0249 -0.3184
v  1.0004 2.3160 -0.3823
v  0.9967 2.3294 -0.3833
v  1.0061 2.3334 -0.3631
v  1.0097 2.3200 -0.3621
v  0.9902 2.3117 -0.4019
v  0.9864 2.3250 -0.4030
v  0.9896 2.3413 -0.3823
v  0.9989 2.3453 -0.3621
v  0.9794 2.3370 -0.4019
v  0.9790 2.3069 -0.4210
v  0.9753 2.3203 -0.4222
v  0.9683 2.3322 -0.4210
v  0.5859 2.1393 -0.6232
v  0.5803 2.1519 -0.6253
v  0.6011 2.1607 -0.6270
v  0.6066 2.1481 -0.6248
v  0.5653 2.1305 -0.6204
v  0.5596 2.1430 -0.6225
v  0.5751 2.1646 -0.6232
v  0.5958 2.1734 -0.6248
v  0.5545 2.1558 -0.6204
v  0.6273 2.1570 -0.6254
v  0.5448 2.1218 -0.6165
v  0.5390 2.1343 -0.6186
v  0.5340 2.1471 -0.6165
v  0.6166 2.1823 -0.6254
v  0.6219 2.1696 -0.6275
v  0.2738 2.0063 -0.2821
v  0.2703 2.0197 -0.2815
v  0.2655 2.0177 -0.2626
v  0.2690 2.0042 -0.2631
v  0.2795 2.0087 -0.3008
v  0.2760 2.0221 -0.3001
v  0.2631 2.0315 -0.2821
v  0.2582 2.0295 -0.2631
v  0.2688 2.0340 -0.3008
v  0.2650 2.0025 -0.2439
v  0.2543 2.0278 -0.2439
v  0.2616 2.0160 -0.2435
v  0.9543 2.2964 -0.4573
v  0.9504 2.3097 -0.4586
v  0.9633 2.3152 -0.4407
v  0.9671 2.3018 -0.4395
v  0.9408 2.2906 -0.4743
v  0.9368 2.3039 -0.4758
v  0.9435 2.3217 -0.4573
v  0.9563 2.3271 -0.4395
v  0.9300 2.3159 -0.4743
v  0.9264 2.2845 -0.4907
v  0.9224 2.2977 -0.4922
v  0.9157 2.3098 -0.4907
v  0.5046 2.1046 -0.6056
v  0.4986 2.1170 -0.6076
v  0.5187 2.1256 -0.6137
v  0.5246 2.1132 -0.6116
v  0.4848 2.0962 -0.5985
v  0.4788 2.1086 -0.6005
v  0.4938 2.1299 -0.6056
v  0.5138 2.1384 -0.6116
v  0.4741 2.1215 -0.5985
v  0.4655 2.0880 -0.5904
v  0.4593 2.1003 -0.5923
v  0.4547 2.1133 -0.5904
v  0.2597 2.0002 -0.2049
v  0.2563 2.0137 -0.2047
v  0.2550 2.0131 -0.1851
v  0.2584 1.9997 -0.1852
v  0.2619 2.0012 -0.2245
v  0.2585 2.0147 -0.2241
v  0.2489 2.0255 -0.2049
v  0.2476 2.0250 -0.1852
v  0.2512 2.0265 -0.2245
v  0.2579 1.9995 -0.1655
v  0.2472 2.0248 -0.1655
v  0.2545 2.0130 -0.1655
v  0.8957 2.2714 -0.5210
v  0.8915 2.2846 -0.5226
v  0.9073 2.2913 -0.5078
v  0.9114 2.2781 -0.5063
v  0.8793 2.2644 -0.5349
v  0.8751 2.2776 -0.5366
v  0.8849 2.2967 -0.5210
v  0.9006 2.3034 -0.5063
v  0.8685 2.2897 -0.5349
v  0.8623 2.2572 -0.5479
v  0.8580 2.2703 -0.5497
v  0.8516 2.2825 -0.5479
v  0.4279 2.0720 -0.5711
v  0.4216 2.0842 -0.5730
v  0.4403 2.0922 -0.5832
v  0.4465 2.0799 -0.5812
v  0.4099 2.0643 -0.5600
v  0.4035 2.0765 -0.5618
v  0.4172 2.0972 -0.5711
v  0.4357 2.1052 -0.5812
v  0.3991 2.0895 -0.5600
v  0.3923 2.0568 -0.5479
v  0.3859 2.0690 -0.5497
v  0.3816 2.0821 -0.5479
v  0.2597 2.0002 -0.1262
v  0.2563 2.0137 -0.1264
v  0.2585 2.0147 -0.1069
v  0.2619 2.0012 -0.1066
v  0.2584 1.9997 -0.1458
v  0.2550 2.0131 -0.1459
v  0.2489 2.0255 -0.1262
v  0.2512 2.0265 -0.1066
v  0.2476 2.0250 -0.1458
v  0.2650 2.0025 -0.0872
v  0.2543 2.0278 -0.0872
v  0.2616 2.0160 -0.0876
v  0.8267 2.2420 -0.5711
v  0.8223 2.2550 -0.5730
v  0.8404 2.2628 -0.5618
v  0.8448 2.2497 -0.5600
v  0.8082 2.2341 -0.5812
v  0.8036 2.2471 -0.5832
v  0.8160 2.2673 -0.5711
v  0.8340 2.2750 -0.5600
v  0.7974 2.2594 -0.5812
v  0.7892 2.2260 -0.5904
v  0.7846 2.2390 -0.5923
v  0.7784 2.2513 -0.5904
v  0.3590 2.0426 -0.5210
v  0.3524 2.0547 -0.5226
v  0.3688 2.0617 -0.5366
v  0.3754 2.0495 -0.5349
v  0.3433 2.0359 -0.5063
v  0.3366 2.0479 -0.5078
v  0.3482 2.0679 -0.5210
v  0.3646 2.0748 -0.5349
v  0.3325 2.0612 -0.5063
v  0.3282 2.0295 -0.4907
v  0.3215 2.0415 -0.4922
v  0.3175 2.0547 -0.4907
v  0.2738 2.0063 -0.0490
v  0.2703 2.0197 -0.0496
v  0.2760 2.0221 -0.0310
v  0.2795 2.0087 -0.0303
v  0.2690 2.0042 -0.0680
v  0.2655 2.0177 -0.0685
v  0.2631 2.0315 -0.0490
v  0.2688 2.0340 -0.0303
v  0.2582 2.0295 -0.0680
v  0.2861 2.0115 -0.0119
v  0.2753 2.0368 -0.0119
v  0.2825 2.0249 -0.0127
v  0.7501 2.2093 -0.6056
v  0.7453 2.2222 -0.6076
v  0.7651 2.2307 -0.6005
v  0.7698 2.2177 -0.5985
v  0.7301 2.2008 -0.6116
v  0.7252 2.2137 -0.6137
v  0.7393 2.2346 -0.6056
v  0.7591 2.2430 -0.5985
v  0.7193 2.2261 -0.6116
v  0.7099 2.1922 -0.6165
v  0.7049 2.2050 -0.6186
v  0.6991 2.2175 -0.6165
v  0.3004 2.0176 -0.4573
v  0.2935 2.0296 -0.4586
v  0.3071 2.0354 -0.4758
v  0.3139 2.0234 -0.4743
v  0.2876 2.0121 -0.4395
v  0.2806 2.0241 -0.4407
v  0.2896 2.0429 -0.4573
v  0.3031 2.0486 -0.4743
v  0.2768 2.0374 -0.4395
v  0.2756 2.0070 -0.4210
v  0.2686 2.0190 -0.4222
v  0.2649 2.0323 -0.4210
v  0.3016 2.0181 0.0238
v  0.2979 2.0315 0.0228
v  0.3068 2.0352 0.0398
v  0.3105 2.0219 0.0409
v  0.2934 2.0146 0.0062
v  0.2898 2.0280 0.0052
v  0.2908 2.0434 0.0238
v  0.2997 2.0472 0.0409
v  0.2826 2.0399 0.0062
v  0.3202 2.0260 0.0576
v  0.3094 2.0513 0.0576
v  0.3164 2.0394 0.0564
v  0.6688 2.1747 -0.6232
v  0.6636 2.1874 -0.6253
v  0.6843 2.1962 -0.6225
v  0.6894 2.1834 -0.6204
v  0.6481 2.1658 -0.6248
v  0.6428 2.1785 -0.6270
v  0.6580 2.1999 -0.6232
v  0.6786 2.2087 -0.6204
v  0.6373 2.1911 -0.6248
v  0.2543 1.9979 -0.3823
v  0.2472 2.0098 -0.3833
v  0.2575 2.0142 -0.4030
v  0.2645 2.0023 -0.4019
v  0.2450 1.9939 -0.3621
v  0.2378 2.0058 -0.3631
v  0.2435 2.0232 -0.3823
v  0.2537 2.0276 -0.4019
v  0.2342 2.0192 -0.3621
v  0.2365 1.9904 -0.3415
v  0.2293 2.0022 -0.3423
v  0.2258 2.0156 -0.3415
v  0.3418 2.0352 0.0892
v  0.3379 2.0485 0.0879
v  0.3497 2.0535 0.1027
v  0.3536 2.0403 0.1041
v  0.3306 2.0305 0.0737
v  0.3268 2.0438 0.0724
v  0.3310 2.0605 0.0892
v  0.3429 2.0656 0.1041
v  0.3199 2.0558 0.0737
v  0.3661 2.0456 0.1184
v  0.3554 2.0709 0.1184
v  0.3621 2.0588 0.1169
v  0.2226 1.9844 -0.2990
v  0.2153 1.9962 -0.2996
v  0.2218 1.9990 -0.3212
v  0.2291 1.9872 -0.3205
v  0.2170 1.9820 -0.2773
v  0.2097 1.9939 -0.2778
v  0.2118 2.0097 -0.2990
v  0.2183 2.0125 -0.3205
v  0.2062 2.0073 -0.2773
v  0.2125 1.9801 -0.2552
v  0.2052 1.9919 -0.2557
v  0.2017 2.0054 -0.2552
v  0.3930 2.0571 0.1449
v  0.3888 2.0702 0.1432
v  0.4031 2.0763 0.1553
v  0.4073 2.0632 0.1570
v  0.3793 2.0512 0.1320
v  0.3752 2.0644 0.1304
v  0.3822 2.0824 0.1449
v  0.3965 2.0884 0.1570
v  0.3685 2.0765 0.1320
v  0.4221 2.0695 0.1684
v  0.4113 2.0948 0.1684
v  0.4178 2.0826 0.1666
v  0.2064 1.9775 -0.2106
v  0.1990 1.9893 -0.2108
v  0.2016 1.9904 -0.2333
v  0.2089 1.9786 -0.2330
v  0.2049 1.9768 -0.1881
v  0.1975 1.9887 -0.1882
v  0.1956 2.0028 -0.2106
v  0.1981 2.0039 -0.2330
v  0.1941 2.0021 -0.1881
v  0.2043 1.9766 -0.1655
v  0.1970 1.9884 -0.1655
v  0.1936 2.0019 -0.1655
v  0.4532 2.0827 0.1886
v  0.4487 2.0958 0.1867
v  0.4648 2.1026 0.1956
v  0.4694 2.0896 0.1975
v  0.4374 2.0760 0.1789
v  0.4330 2.0891 0.1771
v  0.4424 2.1080 0.1886
v  0.4586 2.1149 0.1975
v  0.4266 2.1013 0.1789
v  0.4860 2.0967 0.2055
v  0.4752 2.1220 0.2055
v  0.4813 2.1097 0.2035
v  0.2064 1.9775 -0.1205
v  0.1990 1.9893 -0.1203
v  0.1975 1.9887 -0.1429
v  0.2049 1.9768 -0.1430
v  0.2089 1.9786 -0.0981
v  0.2016 1.9904 -0.0978
v  0.1956 2.0028 -0.1205
v  0.1941 2.0021 -0.1430
v  0.1981 2.0039 -0.0981
v  0.2125 1.9801 -0.0758
v  0.2052 1.9919 -0.0754
v  0.2017 2.0054 -0.0758
v  0.5201 2.1113 0.2187
v  0.5153 2.1241 0.2167
v  0.5327 2.1316 0.2219
v  0.5376 2.1187 0.2240
v  0.5029 2.1039 0.2126
v  0.4982 2.1168 0.2106
v  0.5093 2.1365 0.2187
v  0.5268 2.1440 0.2240
v  0.4921 2.1292 0.2126
v  0.5553 2.1263 0.2283
v  0.5445 2.1515 0.2283
v  0.5503 2.1391 0.2262
v  0.2226 1.9844 -0.0321
v  0.2153 1.9962 -0.0314
v  0.2097 1.9939 -0.0533
v  0.2170 1.9820 -0.0538
v  0.2291 1.9872 -0.0106
v  0.2218 1.9990 -0.0099
v  0.2118 2.0097 -0.0321
v  0.2062 2.0073 -0.0538
v  0.2183 2.0125 -0.0106
v  0.2365 1.9904 0.0104
v  0.2293 2.0022 0.0112
v  0.2258 2.0156 0.0104
v  0.5911 2.1415 0.2341
v  0.5859 2.1543 0.2320
v  0.6039 2.1619 0.2334
v  0.6092 2.1493 0.2356
v  0.5731 2.1339 0.2317
v  0.5680 2.1466 0.2296
v  0.5804 2.1668 0.2341
v  0.5984 2.1745 0.2356
v  0.5624 2.1592 0.2317
v  0.6273 2.1570 0.2360
v  0.6166 2.1823 0.2360
v  0.6219 2.1696 0.2339
v  0.2543 1.9979 0.0512
v  0.2472 2.0098 0.0522
v  0.2378 2.0058 0.0320
v  0.2450 1.9939 0.0311
v  0.2645 2.0023 0.0709
v  0.2575 2.0142 0.0720
v  0.2435 2.0232 0.0512
v  0.2342 2.0192 0.0311
v  0.2537 2.0276 0.0709
v  0.2756 2.0070 0.0899
v  0.2686 2.0190 0.0911
v  0.2649 2.0323 0.0899
v  0.6635 2.1724 0.2341
v  0.6580 2.1850 0.2320
v  0.6759 2.1926 0.2296
v  0.6815 2.1801 0.2317
v  0.6455 2.1647 0.2356
v  0.6400 2.1773 0.2334
v  0.6528 2.1977 0.2341
v  0.6708 2.2054 0.2317
v  0.6347 2.1900 0.2356
v  0.6994 2.1877 0.2283
v  0.6886 2.2130 0.2283
v  0.6936 2.2002 0.2262
v  0.3004 2.0176 0.1262
v  0.2935 2.0296 0.1275
v  0.2806 2.0241 0.1097
v  0.2876 2.0121 0.1084
v  0.3139 2.0234 0.1433
v  0.3071 2.0354 0.1447
v  0.2896 2.0429 0.1262
v  0.2768 2.0374 0.1084
v  0.3031 2.0486 0.1433
v  0.3282 2.0295 0.1596
v  0.3215 2.0415 0.1611
v  0.3175 2.0547 0.1596
v  0.7346 2.2027 0.2187
v  0.7286 2.2151 0.2167
v  0.7457 2.2224 0.2106
v  0.7518 2.2100 0.2126
v  0.7171 2.1953 0.2240
v  0.7112 2.2077 0.2219
v  0.7238 2.2280 0.2187
v  0.7410 2.2353 0.2126
v  0.7063 2.2205 0.2240
v  0.7687 2.2173 0.2055
v  0.7579 2.2425 0.2055
v  0.7626 2.2296 0.2035
v  0.3590 2.0426 0.1899
v  0.3524 2.0547 0.1916
v  0.3366 2.0479 0.1768
v  0.3433 2.0359 0.1752
v  0.3754 2.0495 0.2038
v  0.3688 2.0617 0.2055
v  0.3482 2.0679 0.1899
v  0.3325 2.0612 0.1752
v  0.3646 2.0748 0.2038
v  0.3923 2.0568 0.2168
v  0.3859 2.0690 0.2186
v  0.3816 2.0821 0.2168
v  0.8015 2.2312 0.1886
v  0.7952 2.2435 0.1867
v  0.8109 2.2502 0.1771
v  0.8173 2.2380 0.1789
v  0.7853 2.2243 0.1975
v  0.7791 2.2366 0.1956
v  0.7907 2.2565 0.1886
v  0.8065 2.2632 0.1789
v  0.7745 2.2496 0.1975
v  0.8326 2.2445 0.1684
v  0.8218 2.2698 0.1684
v  0.8261 2.2567 0.1666
v  0.4279 2.0720 0.2400
v  0.4216 2.0842 0.2419
v  0.4035 2.0765 0.2307
v  0.4099 2.0643 0.2289
v  0.4465 2.0799 0.2501
v  0.4403 2.0922 0.2521
v  0.4172 2.0972 0.2400
v  0.3991 2.0895 0.2289
v  0.4357 2.1052 0.2501
v  0.4655 2.0880 0.2593
v  0.4593 2.1003 0.2613
v  0.4547 2.1133 0.2593
v  0.8617 2.2569 0.1449
v  0.8551 2.2690 0.1432
v  0.8687 2.2748 0.1304
v  0.8754 2.2628 0.1320
v  0.8474 2.2508 0.1570
v  0.8408 2.2630 0.1553
v  0.8509 2.2822 0.1449
v  0.8646 2.2880 0.1320
v  0.8366 2.2761 0.1570
v  0.8885 2.2684 0.1184
v  0.8778 2.2936 0.1184
v  0.8818 2.2804 0.1169
v  0.5046 2.1046 0.2745
v  0.4986 2.1170 0.2765
v  0.4788 2.1086 0.2694
v  0.4848 2.0962 0.2674
v  0.5246 2.1132 0.2805
v  0.5187 2.1256 0.2826
v  0.4938 2.1299 0.2745
v  0.4741 2.1215 0.2674
v  0.5138 2.1384 0.2805
v  0.5448 2.1218 0.2855
v  0.5390 2.1343 0.2876
v  0.5340 2.1471 0.2855
v  0.9129 2.2787 0.0892
v  0.9060 2.2907 0.0879
v  0.9171 2.2955 0.0724
v  0.9240 2.2835 0.0737
v  0.9010 2.2737 0.1041
v  0.8942 2.2857 0.1027
v  0.9021 2.3040 0.0892
v  0.9133 2.3088 0.0737
v  0.8903 2.2990 0.1041
v  0.9345 2.2879 0.0576
v  0.9237 2.3132 0.0576
v  0.9275 2.2999 0.0564
v  0.5859 2.1393 0.2921
v  0.5803 2.1519 0.2942
v  0.5596 2.1430 0.2914
v  0.5653 2.1305 0.2893
v  0.6066 2.1481 0.2937
v  0.6011 2.1607 0.2959
v  0.5751 2.1646 0.2921
v  0.5545 2.1558 0.2893
v  0.5958 2.1734 0.2937
v  0.6273 2.1570 0.2943
v  0.6219 2.1696 0.2964
v  0.6166 2.1823 0.2943
v  0.9531 2.2959 0.0238
v  0.9460 2.3078 0.0228
v  0.9541 2.3113 0.0052
v  0.9613 2.2994 0.0062
v  0.9442 2.2921 0.0409
v  0.9371 2.3040 0.0398
v  0.9423 2.3212 0.0238
v  0.9505 2.3246 0.0062
v  0.9334 2.3174 0.0409
v  0.9686 2.3025 -0.0119
v  0.9578 2.3278 -0.0119
v  0.9614 2.3144 -0.0127
v  0.6688 2.1747 0.2921
v  0.6636 2.1874 0.2942
v  0.6428 2.1785 0.2959
v  0.6481 2.1658 0.2937
v  0.6894 2.1834 0.2893
v  0.6843 2.1962 0.2914
v  0.6580 2.1999 0.2921
v  0.6373 2.1911 0.2937
v  0.6786 2.2087 0.2893
v  0.7099 2.1922 0.2855
v  0.7049 2.2050 0.2876
v  0.6991 2.2175 0.2855
v  0.9808 2.3077 -0.0490
v  0.9736 2.3195 -0.0496
v  0.9784 2.3216 -0.0685
v  0.9857 2.3098 -0.0680
v  0.9751 2.3053 -0.0303
v  0.9679 2.3171 -0.0310
v  0.9701 2.3330 -0.0490
v  0.9749 2.3351 -0.0680
v  0.9644 2.3306 -0.0303
v  0.9896 2.3115 -0.0872
v  0.9789 2.3367 -0.0872
v  0.9823 2.3233 -0.0876
v  0.7501 2.2093 0.2745
v  0.7453 2.2222 0.2765
v  0.7252 2.2137 0.2826
v  0.7301 2.2008 0.2805
v  0.7698 2.2177 0.2674
v  0.7651 2.2307 0.2694
v  0.7393 2.2346 0.2745
v  0.7193 2.2261 0.2805
v  0.7591 2.2430 0.2674
v  0.7892 2.2260 0.2593
v  0.7846 2.2390 0.2613
v  0.7784 2.2513 0.2593
v  0.9950 2.3137 -0.1262
v  0.9876 2.3255 -0.1264
v  0.9889 2.3261 -0.1459
v  0.9963 2.3143 -0.1458
v  0.9927 2.3128 -0.1066
v  0.9854 2.3246 -0.1069
v  0.9842 2.3390 -0.1262
v  0.9855 2.3396 -0.1458
v  0.9820 2.3381 -0.1066
v  0.9967 2.3145 -0.1655
v  0.9860 2.3398 -0.1655
v  0.9894 2.3263 -0.1655
v  0.8267 2.2420 0.2400
v  0.8223 2.2550 0.2419
v  0.8036 2.2471 0.2521
v  0.8082 2.2341 0.2501
v  0.8448 2.2497 0.2289
v  0.8404 2.2628 0.2307
v  0.8160 2.2673 0.2400
v  0.7974 2.2594 0.2501
v  0.8340 2.2750 0.2289
v  0.8623 2.2572 0.2168
v  0.8580 2.2703 0.2186
v  0.8516 2.2825 0.2168
v  0.9950 2.3137 -0.2049
v  0.9876 2.3255 -0.2047
v  0.9854 2.3246 -0.2241
v  0.9927 2.3128 -0.2245
v  0.9963 2.3143 -0.1852
v  0.9889 2.3261 -0.1851
v  0.9842 2.3390 -0.2049
v  0.9820 2.3381 -0.2245
v  0.9855 2.3396 -0.1852
v  0.9896 2.3115 -0.2439
v  0.9789 2.3367 -0.2439
v  0.9823 2.3233 -0.2435
v  0.8957 2.2714 0.1899
v  0.8915 2.2846 0.1916
v  0.8751 2.2776 0.2055
v  0.8793 2.2644 0.2038
v  0.9114 2.2781 0.1752
v  0.9073 2.2913 0.1768
v  0.8849 2.2967 0.1899
v  0.8685 2.2897 0.2038
v  0.9006 2.3034 0.1752
v  0.9264 2.2845 0.1596
v  0.9224 2.2977 0.1611
v  0.9157 2.3098 0.1596
v  0.9808 2.3077 -0.2821
v  0.9736 2.3195 -0.2815
v  0.9679 2.3171 -0.3001
v  0.9751 2.3053 -0.3008
v  0.9857 2.3098 -0.2631
v  0.9784 2.3216 -0.2626
v  0.9701 2.3330 -0.2821
v  0.9644 2.3306 -0.3008
v  0.9749 2.3351 -0.2631
v  0.9686 2.3025 -0.3192
v  0.9578 2.3278 -0.3192
v  0.9614 2.3144 -0.3184
v  0.9543 2.2964 0.1262
v  0.9504 2.3097 0.1275
v  0.9368 2.3039 0.1447
v  0.9408 2.2906 0.1433
v  0.9671 2.3018 0.1084
v  0.9633 2.3152 0.1097
v  0.9435 2.3217 0.1262
v  0.9300 2.3159 0.1433
v  0.9563 2.3271 0.1084
v  0.9790 2.3069 0.0899
v  0.9753 2.3203 0.0911
v  0.9683 2.3322 0.0899
v  0.9531 2.2959 -0.3548
v  0.9460 2.3078 -0.3538
v  0.9371 2.3040 -0.3709
v  0.9442 2.2921 -0.3720
v  0.9613 2.2994 -0.3372
v  0.9541 2.3113 -0.3363
v  0.9423 2.3212 -0.3548
v  0.9334 2.3174 -0.3720
v  0.9505 2.3246 -0.3372
v  0.9345 2.2879 -0.3886
v  0.9237 2.3132 -0.3886
v  0.9275 2.2999 -0.3875
v  0.5911 2.1415 -0.5652
v  0.5859 2.1543 -0.5631
v  0.5680 2.1466 -0.5607
v  0.5731 2.1339 -0.5628
v  0.6092 2.1493 -0.5666
v  0.6039 2.1619 -0.5645
v  0.5804 2.1668 -0.5652
v  0.5624 2.1592 -0.5628
v  0.5984 2.1745 -0.5666
v  0.5553 2.1263 -0.5594
v  0.5445 2.1515 -0.5594
v  0.5503 2.1391 -0.5573
v  1.0004 2.3160 0.0512
v  0.9967 2.3294 0.0522
v  0.9864 2.3250 0.0720
v  0.9902 2.3117 0.0709
v  1.0097 2.3200 0.0311
v  1.0061 2.3334 0.0320
v  0.9896 2.3413 0.0512
v  0.9794 2.3370 0.0709
v  0.9989 2.3453 0.0311
v  1.0181 2.3236 0.0104
v  1.0146 2.3370 0.0112
v  1.0074 2.3489 0.0104
v  0.9129 2.2787 -0.4203
v  0.9060 2.2907 -0.4189
v  0.8942 2.2857 -0.4338
v  0.9010 2.2737 -0.4352
v  0.9240 2.2835 -0.4048
v  0.9171 2.2955 -0.4035
v  0.9021 2.3040 -0.4203
v  0.8903 2.2990 -0.4352
v  0.9133 2.3088 -0.4048
v  0.8885 2.2684 -0.4495
v  0.8778 2.2936 -0.4495
v  0.8818 2.2804 -0.4480
v  0.5201 2.1113 -0.5498
v  0.5153 2.1241 -0.5478
v  0.4982 2.1168 -0.5416
v  0.5029 2.1039 -0.5436
v  0.5376 2.1187 -0.5551
v  0.5327 2.1316 -0.5530
v  0.5093 2.1365 -0.5498
v  0.4921 2.1292 -0.5436
v  0.5268 2.1440 -0.5551
v  0.4860 2.0967 -0.5365
v  0.4752 2.1220 -0.5365
v  0.4813 2.1097 -0.5346
v  1.0321 2.3296 -0.0321
v  1.0286 2.3430 -0.0314
v  1.0221 2.3402 -0.0099
v  1.0256 2.3268 -0.0106
v  1.0377 2.3319 -0.0538
v  1.0342 2.3454 -0.0533
v  1.0213 2.3549 -0.0321
v  1.0148 2.3521 -0.0106
v  1.0269 2.3572 -0.0538
v  1.0422 2.3339 -0.0758
v  1.0387 2.3473 -0.0754
v  1.0314 2.3592 -0.0758
v  0.8617 2.2569 -0.4760
v  0.8551 2.2690 -0.4743
v  0.8408 2.2630 -0.4864
v  0.8474 2.2508 -0.4881
v  0.8754 2.2628 -0.4631
v  0.8687 2.2748 -0.4615
v  0.8509 2.2822 -0.4760
v  0.8366 2.2761 -0.4881
v  0.8646 2.2880 -0.4631
v  0.8326 2.2445 -0.4994
v  0.8218 2.2698 -0.4994
v  0.8261 2.2567 -0.4977
v  0.4532 2.0827 -0.5197
v  0.4487 2.0958 -0.5178
v  0.4330 2.0891 -0.5082
v  0.4374 2.0760 -0.5100
v  0.4694 2.0896 -0.5286
v  0.4648 2.1026 -0.5266
v  0.4424 2.1080 -0.5197
v  0.4266 2.1013 -0.5100
v  0.4586 2.1149 -0.5286
v  0.4221 2.0695 -0.4994
v  0.4113 2.0948 -0.4994
v  0.4178 2.0826 -0.4977
v  1.0483 2.3365 -0.1205
v  1.0449 2.3499 -0.1203
v  1.0423 2.3489 -0.0978
v  1.0458 2.3354 -0.0981
v  1.0498 2.3371 -0.1430
v  1.0464 2.3506 -0.1429
v  1.0375 2.3618 -0.1205
v  1.0350 2.3607 -0.0981
v  1.0390 2.3624 -0.1430
v  1.0503 2.3373 -0.1655
v  1.0469 2.3508 -0.1655
v  1.0396 2.3626 -0.1655
v  0.8015 2.2312 -0.5197
v  0.7952 2.2435 -0.5178
v  0.7791 2.2366 -0.5266
v  0.7853 2.2243 -0.5286
v  0.8173 2.2380 -0.5100
v  0.8109 2.2502 -0.5082
v  0.7907 2.2565 -0.5197
v  0.7745 2.2496 -0.5286
v  0.8065 2.2632 -0.5100
v  0.7687 2.2173 -0.5365
v  0.7579 2.2425 -0.5365
v  0.7626 2.2296 -0.5346
v  0.3930 2.0571 -0.4760
v  0.3888 2.0702 -0.4743
v  0.3752 2.0644 -0.4615
v  0.3793 2.0512 -0.4631
v  0.4073 2.0632 -0.4881
v  0.4031 2.0763 -0.4864
v  0.3822 2.0824 -0.4760
v  0.3685 2.0765 -0.4631
v  0.3965 2.0884 -0.4881
v  0.3661 2.0456 -0.4495
v  0.3554 2.0709 -0.4495
v  0.3621 2.0588 -0.4480
v  1.0483 2.3365 -0.2106
v  1.0449 2.3499 -0.2108
v  1.0464 2.3506 -0.1882
v  1.0498 2.3371 -0.1881
v  1.0458 2.3354 -0.2330
v  1.0423 2.3489 -0.2333
v  1.0375 2.3618 -0.2106
v  1.0390 2.3624 -0.1881
v  1.0350 2.3607 -0.2330
v  0.7346 2.2027 -0.5498
v  0.7286 2.2151 -0.5478
v  0.7112 2.2077 -0.5530
v  0.7171 2.1953 -0.5551
v  0.7518 2.2100 -0.5436
v  0.7457 2.2224 -0.5416
v  0.7238 2.2280 -0.5498
v  0.7063 2.2205 -0.5551
v  0.7410 2.2353 -0.5436
v  0.3418 2.0352 -0.4203
v  0.3379 2.0485 -0.4189
v  0.3268 2.0438 -0.4035
v  0.3306 2.0305 -0.4048
v  0.3536 2.0403 -0.4352
v  0.3497 2.0535 -0.4338
v  0.3310 2.0605 -0.4203
v  0.3199 2.0558 -0.4048
v  0.3429 2.0656 -0.4352
# 2048 vertices

vn -0.3644 0.9127 0.1848
vn -0.3727 0.9092 0.1857
vn -0.4063 0.8948 -0.1848
vn -0.3980 0.8984 -0.1857
vn -0.2344 0.7964 0.5575
vn -0.2597 0.7856 0.5616
vn -0.2851 0.7748 0.5643
vn -0.3107 0.7639 0.5657
vn -0.3106 0.7639 0.5657
vn -0.3811 0.9056 0.1862
vn -0.3895 0.9020 -0.1863
vn -0.3896 0.9020 -0.1862
vn -0.3362 0.7530 -0.5657
vn -0.3362 0.7529 -0.5657
vn -0.3617 0.7421 -0.5643
vn -0.3871 0.7313 -0.5616
vn -0.4124 0.7205 -0.5575
vn -0.4123 0.7205 -0.5576
vn -0.4145 0.8914 -0.1832
vn -0.4146 0.8913 -0.1835
vn -0.3561 0.9163 0.1835
vn 0.4063 -0.8949 0.1848
vn 0.3644 -0.9127 -0.1848
vn 0.3980 -0.8984 0.1858
vn 0.3980 -0.8984 0.1857
vn 0.3727 -0.9092 -0.1857
vn 0.4124 -0.7205 0.5575
vn 0.4125 -0.7205 0.5575
vn 0.4146 -0.8913 0.1835
vn 0.3561 -0.9163 -0.1835
vn 0.2344 -0.7964 -0.5575
vn 0.2343 -0.7966 -0.5572
vn 0.2597 -0.7856 -0.5616
vn 0.2850 -0.7748 -0.5643
vn 0.2851 -0.7748 -0.5643
vn 0.3106 -0.7639 -0.5657
vn 0.3811 -0.9056 -0.1862
vn 0.3896 -0.9020 0.1862
vn 0.3361 -0.7530 0.5657
vn 0.3362 -0.7530 0.5657
vn 0.3617 -0.7421 0.5643
vn 0.3871 -0.7313 0.5616
vn 0.4391 -0.8809 0.1767
vn 0.4391 -0.8809 0.1768
vn 0.3316 -0.9267 -0.1768
vn 0.3316 -0.9267 -0.1769
vn 0.4310 -0.8843 0.1795
vn 0.3397 -0.9233 -0.1795
vn 0.3397 -0.9232 -0.1795
vn 0.5107 -0.6786 0.5279
vn 0.4470 -0.8775 0.1738
vn 0.3237 -0.9301 -0.1737
vn 0.3237 -0.9301 -0.1738
vn 0.1361 -0.8383 -0.5279
vn 0.1601 -0.8281 -0.5373
vn 0.1845 -0.8177 -0.5453
vn 0.2093 -0.8071 -0.5521
vn 0.2092 -0.8071 -0.5522
vn 0.3477 -0.9198 -0.1818
vn 0.3478 -0.9198 -0.1817
vn 0.4229 -0.8878 0.1817
vn 0.4374 -0.7098 0.5521
vn 0.4375 -0.7098 0.5521
vn 0.4622 -0.6993 0.5453
vn 0.4867 -0.6888 0.5372
vn 0.4866 -0.6888 0.5373
vn 0.4698 -0.8678 0.1618
vn 0.4698 -0.8678 0.1621
vn 0.3009 -0.9398 -0.1620
vn 0.4624 -0.8709 0.1664
vn 0.3083 -0.9366 -0.1664
vn 0.6018 -0.6397 0.4781
vn 0.4770 -0.8647 0.1573
vn 0.2937 -0.9429 -0.1573
vn 0.0449 -0.8771 -0.4781
vn 0.0449 -0.8772 -0.4781
vn 0.0668 -0.8678 -0.4924
vn 0.0893 -0.8582 -0.5054
vn 0.1125 -0.8484 -0.5173
vn 0.1123 -0.8484 -0.5173
vn 0.3159 -0.9334 -0.1703
vn 0.3159 -0.9334 -0.1704
vn 0.4548 -0.8742 0.1702
vn 0.5343 -0.6685 0.5173
vn 0.5574 -0.6587 0.5054
vn 0.5799 -0.6491 0.4923
vn 0.4972 -0.8561 0.1410
vn 0.2735 -0.9515 -0.1410
vn 0.2736 -0.9515 -0.1409
vn 0.4907 -0.8588 0.1469
vn 0.4907 -0.8589 0.1468
vn 0.2800 -0.9487 -0.1468
vn 0.6823 -0.6054 0.4099
vn 0.6823 -0.6054 0.4098
vn 0.5035 -0.8534 0.1349
vn 0.2673 -0.9541 -0.1349
vn 0.2671 -0.9542 -0.1349
vn -0.0355 -0.9115 -0.4098
vn -0.0166 -0.9034 -0.4285
vn 0.0031 -0.8950 -0.4461
vn 0.0237 -0.8862 -0.4626
vn 0.2867 -0.9458 -0.1523
vn 0.4840 -0.8617 0.1523
vn 0.4841 -0.8617 0.1523
vn 0.6231 -0.6307 0.4626
vn 0.6436 -0.6219 0.4461
vn 0.6634 -0.6134 0.4285
vn 0.6634 -0.6135 0.4285
vn 0.5204 -0.8462 0.1146
vn 0.2503 -0.9614 -0.1145
vn 0.5151 -0.8485 0.1216
vn 0.2556 -0.9591 -0.1216
vn 0.7489 -0.5772 0.3257
vn 0.7489 -0.5770 0.3258
vn 0.5254 -0.8441 0.1072
vn 0.2453 -0.9635 -0.1072
vn -0.1022 -0.9399 -0.3258
vn -0.0869 -0.9334 -0.3482
vn -0.0708 -0.9265 -0.3696
vn -0.0536 -0.9192 -0.3902
vn 0.2613 -0.9567 -0.1284
vn 0.5094 -0.8509 0.1284
vn 0.7004 -0.5977 0.3901
vn 0.7003 -0.5978 0.3900
vn 0.7175 -0.5904 0.3696
vn 0.7337 -0.5835 0.3482
vn 0.7337 -0.5835 0.3481
vn 0.5384 -0.8385 0.0837
vn 0.2323 -0.9690 -0.0837
vn 0.5344 -0.8402 0.0918
vn 0.2363 -0.9673 -0.0918
vn 0.7992 -0.5556 0.2293
vn 0.5420 -0.8370 0.0755
vn 0.2287 -0.9706 -0.0755
vn -0.1526 -0.9613 -0.2292
vn -0.1525 -0.9613 -0.2293
vn -0.1415 -0.9567 -0.2544
vn -0.1295 -0.9515 -0.2789
vn -0.1164 -0.9460 -0.3027
vn 0.2406 -0.9655 -0.0996
vn 0.5301 -0.8421 0.0996
vn 0.7631 -0.5709 0.3027
vn 0.7763 -0.5654 0.2789
vn 0.7883 -0.5602 0.2544
vn 0.5503 -0.8335 0.0497
vn 0.5504 -0.8334 0.0497
vn 0.2203 -0.9742 -0.0497
vn 0.5480 -0.8344 0.0584
vn 0.5480 -0.8345 0.0584
vn 0.2227 -0.9731 -0.0584
vn 0.2228 -0.9731 -0.0584
vn 0.8312 -0.5419 0.1240
vn 0.5525 -0.8325 0.0408
vn 0.2182 -0.9750 -0.0408
vn 0.2182 -0.9751 -0.0408
vn -0.1845 -0.9750 -0.1240
vn -0.1845 -0.9750 -0.1241
vn -0.1783 -0.9723 -0.1509
vn -0.1708 -0.9692 -0.1774
vn -0.1708 -0.9692 -0.1775
vn -0.1622 -0.9655 -0.2036
vn 0.2255 -0.9719 -0.0670
vn 0.5452 -0.8357 0.0670
vn 0.5452 -0.8356 0.0669
vn 0.8090 -0.5514 0.2036
vn 0.8090 -0.5514 0.2035
vn 0.8176 -0.5477 0.1775
vn 0.8177 -0.5476 0.1775
vn 0.8250 -0.5446 0.1509
vn 0.8251 -0.5445 0.1509
vn 0.5562 -0.8309 0.0137
vn 0.2145 -0.9766 -0.0137
vn 0.5554 -0.8313 0.0228
vn 0.2153 -0.9763 -0.0228
vn 0.8437 -0.5367 0.0139
vn 0.8437 -0.5366 0.0139
vn 0.5566 -0.8308 0.0046
vn 0.2141 -0.9768 -0.0046
vn -0.1970 -0.9803 -0.0139
vn -0.1957 -0.9798 -0.0416
vn -0.1932 -0.9787 -0.0693
vn -0.1895 -0.9771 -0.0967
vn 0.2166 -0.9757 -0.0318
vn 0.5541 -0.8318 0.0318
vn 0.8362 -0.5398 0.0967
vn 0.8362 -0.5398 0.0966
vn 0.8400 -0.5382 0.0692
vn 0.8425 -0.5371 0.0416
vn 0.5554 -0.8313 -0.0228
vn 0.5554 -0.8313 -0.0225
vn 0.2153 -0.9763 0.0228
vn 0.5562 -0.8309 -0.0137
vn 0.2145 -0.9766 0.0137
vn 0.8362 -0.5398 -0.0967
vn 0.5541 -0.8318 -0.0318
vn 0.2166 -0.9757 0.0318
vn -0.1895 -0.9771 0.0967
vn -0.1932 -0.9787 0.0692
vn -0.1957 -0.9798 0.0417
vn -0.1970 -0.9803 0.0139
vn 0.2139 -0.9768 0.0045
vn 0.2140 -0.9768 0.0046
vn 0.5566 -0.8308 -0.0046
vn 0.8437 -0.5366 -0.0139
vn 0.8425 -0.5371 -0.0416
vn 0.8400 -0.5382 -0.0692
vn 0.5479 -0.8345 -0.0584
vn 0.2227 -0.9731 0.0584
vn 0.5504 -0.8334 -0.0497
vn 0.2203 -0.9742 0.0497
vn 0.8091 -0.5513 -0.2036
vn 0.8090 -0.5514 -0.2036
vn 0.5452 -0.8357 -0.0670
vn 0.5452 -0.8356 -0.0670
vn 0.2256 -0.9719 0.0670
vn 0.2255 -0.9719 0.0670
vn -0.1622 -0.9655 0.2036
vn -0.1709 -0.9692 0.1775
vn -0.1782 -0.9724 0.1508
vn -0.1783 -0.9723 0.1509
vn -0.1845 -0.9750 0.1240
vn 0.2182 -0.9750 0.0408
vn 0.2182 -0.9751 0.0408
vn 0.5525 -0.8325 -0.0408
vn 0.8312 -0.5419 -0.1240
vn 0.8250 -0.5446 -0.1509
vn 0.8177 -0.5476 -0.1775
vn 0.5344 -0.8402 -0.0918
vn 0.2363 -0.9673 0.0918
vn 0.5384 -0.8385 -0.0836
vn 0.5384 -0.8385 -0.0837
vn 0.2323 -0.9690 0.0837
vn 0.7631 -0.5710 -0.3027
vn 0.5301 -0.8421 -0.0996
vn 0.2406 -0.9655 0.0996
vn -0.1164 -0.9460 0.3027
vn -0.1295 -0.9516 0.2789
vn -0.1415 -0.9567 0.2544
vn -0.1525 -0.9613 0.2294
vn -0.1525 -0.9613 0.2293
vn 0.2287 -0.9706 0.0755
vn 0.5420 -0.8370 -0.0755
vn 0.7992 -0.5556 -0.2293
vn 0.7883 -0.5602 -0.2544
vn 0.7763 -0.5654 -0.2789
vn 0.5151 -0.8485 -0.1216
vn 0.2556 -0.9591 0.1216
vn 0.5204 -0.8462 -0.1146
vn 0.2503 -0.9614 0.1146
vn 0.7004 -0.5977 -0.3901
vn 0.5094 -0.8509 -0.1284
vn 0.2613 -0.9567 0.1284
vn -0.0536 -0.9192 0.3901
vn -0.0708 -0.9265 0.3696
vn -0.0869 -0.9334 0.3481
vn -0.1022 -0.9399 0.3258
vn 0.2453 -0.9635 0.1072
vn 0.2452 -0.9635 0.1071
vn 0.5254 -0.8441 -0.1072
vn 0.7489 -0.5770 -0.3258
vn 0.7338 -0.5835 -0.3480
vn 0.7337 -0.5835 -0.3481
vn 0.7175 -0.5904 -0.3696
vn 0.4907 -0.8589 -0.1468
vn 0.2800 -0.9487 0.1468
vn 0.4972 -0.8561 -0.1410
vn 0.4972 -0.8561 -0.1409
vn 0.2735 -0.9515 0.1410
vn 0.6231 -0.6307 -0.4626
vn 0.4840 -0.8617 -0.1523
vn 0.4841 -0.8617 -0.1523
vn 0.2867 -0.9459 0.1522
vn 0.2867 -0.9458 0.1522
vn 0.0236 -0.8862 0.4627
vn 0.0236 -0.8862 0.4626
vn 0.0030 -0.8950 0.4461
vn 0.0031 -0.8950 0.4461
vn -0.0166 -0.9034 0.4285
vn -0.0355 -0.9115 0.4098
vn 0.2672 -0.9542 0.1349
vn 0.2673 -0.9541 0.1349
vn 0.5035 -0.8534 -0.1349
vn 0.6823 -0.6054 -0.4098
vn 0.6633 -0.6136 -0.4285
vn 0.6633 -0.6135 -0.4285
vn 0.6436 -0.6219 -0.4461
vn 0.4624 -0.8709 -0.1664
vn 0.4624 -0.8709 -0.1663
vn 0.3083 -0.9366 0.1663
vn 0.3082 -0.9367 0.1663
vn 0.4699 -0.8677 -0.1620
vn 0.4698 -0.8678 -0.1620
vn 0.3009 -0.9398 0.1620
vn 0.5343 -0.6685 -0.5173
vn 0.4548 -0.8742 -0.1702
vn 0.3161 -0.9333 0.1705
vn 0.3161 -0.9334 0.1700
vn 0.1124 -0.8484 0.5173
vn 0.0893 -0.8582 0.5054
vn 0.0895 -0.8583 0.5053
vn 0.0668 -0.8678 0.4924
vn 0.0668 -0.8679 0.4923
vn 0.0449 -0.8772 0.4781
vn 0.0450 -0.8771 0.4781
vn 0.2937 -0.9429 0.1573
vn 0.4770 -0.8647 -0.1573
vn 0.6018 -0.6397 -0.4781
vn 0.5799 -0.6491 -0.4923
vn 0.5574 -0.6587 -0.5054
vn 0.4310 -0.8843 -0.1795
vn 0.3397 -0.9233 0.1795
vn 0.3397 -0.9232 0.1795
vn 0.4391 -0.8809 -0.1768
vn 0.3316 -0.9267 0.1768
vn 0.4374 -0.7098 -0.5521
vn 0.4229 -0.8878 -0.1817
vn 0.3478 -0.9198 0.1817
vn 0.2093 -0.8071 0.5521
vn 0.1845 -0.8177 0.5453
vn 0.1601 -0.8281 0.5373
vn 0.1361 -0.8383 0.5279
vn 0.3237 -0.9301 0.1737
vn 0.4470 -0.8775 -0.1738
vn 0.5107 -0.6786 -0.5279
vn 0.4866 -0.6888 -0.5373
vn 0.4622 -0.6993 -0.5453
vn 0.3980 -0.8984 -0.1857
vn 0.3727 -0.9092 0.1858
vn 0.3727 -0.9092 0.1857
vn 0.4063 -0.8948 -0.1848
vn 0.3644 -0.9127 0.1848
vn 0.3361 -0.7530 -0.5657
vn 0.3362 -0.7530 -0.5657
vn 0.3895 -0.9020 -0.1862
vn 0.3896 -0.9020 -0.1862
vn 0.3811 -0.9056 0.1862
vn 0.3106 -0.7639 0.5657
vn 0.3106 -0.7639 0.5656
vn 0.2851 -0.7748 0.5643
vn 0.2598 -0.7856 0.5616
vn 0.2597 -0.7856 0.5616
vn 0.2344 -0.7964 0.5575
vn 0.2344 -0.7963 0.5576
vn 0.3561 -0.9163 0.1835
vn 0.4146 -0.8913 -0.1835
vn 0.4124 -0.7205 -0.5575
vn 0.3871 -0.7313 -0.5616
vn 0.3617 -0.7421 -0.5643
vn 0.4063 -0.8948 0.1848
vn 0.2344 -0.7964 -0.5576
vn 0.3870 -0.7313 0.5616
vn 0.3617 -0.7421 0.5644
vn 0.3810 -0.9056 -0.1862
vn 0.3105 -0.7639 -0.5657
vn 0.2851 -0.7748 -0.5642
vn 0.3396 -0.9233 -0.1795
vn 0.1361 -0.8383 -0.5280
vn 0.3236 -0.9301 -0.1736
vn 0.3237 -0.9301 -0.1736
vn 0.4470 -0.8775 0.1737
vn 0.4229 -0.8877 0.1818
vn 0.3478 -0.9198 -0.1818
vn 0.4698 -0.8678 0.1620
vn 0.3083 -0.9366 -0.1663
vn 0.4624 -0.8709 0.1663
vn 0.3159 -0.9334 -0.1702
vn 0.1124 -0.8484 -0.5173
vn 0.0668 -0.8678 -0.4923
vn 0.4971 -0.8561 0.1411
vn 0.4907 -0.8588 0.1468
vn 0.2672 -0.9541 -0.1349
vn 0.5034 -0.8535 0.1349
vn 0.6825 -0.6054 0.4095
vn 0.6632 -0.6136 0.4286
vn 0.6633 -0.6135 0.4285
vn 0.6437 -0.6219 0.4460
vn 0.6436 -0.6220 0.4460
vn 0.2867 -0.9458 -0.1522
vn 0.0032 -0.8950 -0.4461
vn -0.0165 -0.9034 -0.4285
vn 0.2502 -0.9614 -0.1148
vn 0.2503 -0.9614 -0.1146
vn 0.5204 -0.8462 0.1145
vn 0.5254 -0.8441 0.1069
vn 0.2613 -0.9567 -0.1285
vn -0.0536 -0.9192 -0.3901
vn -0.0869 -0.9334 -0.3481
vn 0.5384 -0.8385 0.0838
vn 0.2364 -0.9673 -0.0917
vn 0.7762 -0.5654 0.2789
vn 0.7632 -0.5709 0.3027
vn 0.5301 -0.8421 0.0995
vn -0.1295 -0.9516 -0.2789
vn -0.1294 -0.9516 -0.2789
vn 0.2204 -0.9742 -0.0496
vn 0.5482 -0.8343 0.0585
vn 0.8315 -0.5415 0.1241
vn 0.8250 -0.5446 0.1508
vn 0.5453 -0.8356 0.0669
vn 0.5452 -0.8356 0.0670
vn 0.2255 -0.9719 -0.0671
vn -0.1623 -0.9655 -0.2036
vn -0.1709 -0.9692 -0.1775
vn 0.2146 -0.9766 -0.0137
vn 0.2144 -0.9767 -0.0044
vn 0.5565 -0.8308 0.0046
vn 0.8364 -0.5395 0.0967
vn 0.5540 -0.8319 0.0317
vn 0.2165 -0.9758 -0.0318
vn -0.1932 -0.9787 -0.0692
vn -0.1957 -0.9798 -0.0417
vn 0.2146 -0.9766 0.0137
vn 0.5562 -0.8309 -0.0138
vn 0.8362 -0.5398 -0.0969
vn 0.2141 -0.9768 0.0046
vn 0.2144 -0.9767 0.0043
vn 0.5480 -0.8344 -0.0584
vn 0.5503 -0.8335 -0.0497
vn -0.1623 -0.9655 0.2036
vn 0.2255 -0.9719 0.0671
vn 0.5453 -0.8356 -0.0669
vn 0.5452 -0.8356 -0.0669
vn 0.8176 -0.5477 -0.1775
vn 0.8250 -0.5446 -0.1508
vn 0.8312 -0.5420 -0.1240
vn 0.8312 -0.5419 -0.1241
vn -0.1845 -0.9750 0.1241
vn 0.5344 -0.8402 -0.0917
vn 0.7631 -0.5711 -0.3027
vn 0.7631 -0.5710 -0.3028
vn 0.7762 -0.5654 -0.2789
vn 0.7762 -0.5656 -0.2787
vn 0.7884 -0.5601 -0.2544
vn -0.1295 -0.9515 0.2789
vn 0.2555 -0.9591 0.1216
vn 0.2503 -0.9613 0.1147
vn 0.5204 -0.8462 -0.1145
vn -0.0537 -0.9192 0.3900
vn 0.2613 -0.9567 0.1285
vn 0.5254 -0.8441 -0.1071
vn 0.5253 -0.8441 -0.1071
vn 0.2453 -0.9635 0.1071
vn 0.4907 -0.8588 -0.1468
vn 0.4908 -0.8588 -0.1468
vn 0.2734 -0.9515 0.1411
vn 0.4971 -0.8561 -0.1411
vn 0.4971 -0.8562 -0.1410
vn 0.0237 -0.8862 0.4626
vn 0.2867 -0.9458 0.1523
vn 0.6635 -0.6134 -0.4284
vn 0.5034 -0.8535 -0.1349
vn 0.2672 -0.9541 0.1349
vn 0.2670 -0.9542 0.1349
vn 0.3009 -0.9398 0.1621
vn 0.3159 -0.9334 0.1702
vn 0.5799 -0.6491 -0.4924
vn 0.0671 -0.8677 0.4925
vn 0.4310 -0.8843 -0.1794
vn 0.3317 -0.9267 0.1768
vn 0.2094 -0.8071 0.5520
vn 0.4229 -0.8877 -0.1818
vn 0.4374 -0.7098 -0.5522
vn 0.4866 -0.6889 -0.5373
vn 0.4470 -0.8775 -0.1737
vn 0.1601 -0.8280 0.5373
vn 0.4063 -0.8949 -0.1848
vn 0.3361 -0.7529 -0.5659
vn 0.3364 -0.7530 -0.5656
vn 0.4120 -0.7207 -0.5576
vn 0.3562 -0.9162 0.1835
vn -0.3316 0.9267 0.1768
vn -0.3397 0.9232 0.1795
vn -0.3397 0.9233 0.1795
vn -0.4391 0.8809 -0.1769
vn -0.4390 0.8809 -0.1768
vn -0.4310 0.8843 -0.1795
vn -0.4309 0.8843 -0.1796
vn -0.1361 0.8383 0.5279
vn -0.1601 0.8281 0.5373
vn -0.1845 0.8177 0.5453
vn -0.2093 0.8071 0.5521
vn -0.3478 0.9198 0.1817
vn -0.4229 0.8878 -0.1817
vn -0.4375 0.7098 -0.5521
vn -0.4374 0.7098 -0.5521
vn -0.4622 0.6993 -0.5453
vn -0.4866 0.6888 -0.5373
vn -0.4866 0.6888 -0.5374
vn -0.5107 0.6786 -0.5279
vn -0.4470 0.8775 -0.1737
vn -0.3237 0.9301 0.1737
vn -0.3235 0.9302 0.1734
vn -0.3009 0.9398 0.1620
vn -0.3082 0.9366 0.1665
vn -0.3083 0.9366 0.1664
vn -0.4698 0.8678 -0.1620
vn -0.4624 0.8709 -0.1664
vn -0.4624 0.8709 -0.1663
vn -0.0449 0.8772 0.4781
vn -0.0447 0.8774 0.4777
vn -0.0671 0.8677 0.4925
vn -0.0670 0.8677 0.4925
vn -0.0894 0.8582 0.5054
vn -0.0893 0.8583 0.5054
vn -0.1125 0.8484 0.5173
vn -0.1124 0.8484 0.5173
vn -0.3160 0.9334 0.1702
vn -0.3159 0.9334 0.1703
vn -0.4548 0.8742 -0.1702
vn -0.5343 0.6685 -0.5173
vn -0.5574 0.6587 -0.5054
vn -0.5799 0.6491 -0.4922
vn -0.5799 0.6491 -0.4923
vn -0.6018 0.6397 -0.4781
vn -0.4770 0.8647 -0.1573
vn -0.2937 0.9429 0.1573
vn -0.2735 0.9515 0.1410
vn -0.2800 0.9487 0.1468
vn -0.4972 0.8561 -0.1410
vn -0.4907 0.8589 -0.1468
vn 0.0355 0.9115 0.4098
vn 0.0165 0.9034 0.4285
vn 0.0166 0.9034 0.4285
vn -0.0031 0.8950 0.4461
vn -0.0237 0.8862 0.4626
vn -0.2867 0.9458 0.1522
vn -0.2867 0.9459 0.1522
vn -0.4840 0.8618 -0.1521
vn -0.4840 0.8617 -0.1522
vn -0.6231 0.6307 -0.4626
vn -0.6436 0.6219 -0.4460
vn -0.6633 0.6135 -0.4285
vn -0.6823 0.6055 -0.4098
vn -0.6825 0.6054 -0.4095
vn -0.5035 0.8534 -0.1349
vn -0.2672 0.9541 0.1349
vn -0.2502 0.9614 0.1149
vn -0.2503 0.9614 0.1145
vn -0.2556 0.9591 0.1216
vn -0.5204 0.8462 -0.1146
vn -0.5204 0.8462 -0.1145
vn -0.5151 0.8485 -0.1216
vn 0.1021 0.9399 0.3259
vn 0.0869 0.9334 0.3481
vn 0.0708 0.9265 0.3696
vn 0.0536 0.9192 0.3902
vn -0.2613 0.9567 0.1284
vn -0.5094 0.8509 -0.1284
vn -0.7004 0.5977 -0.3902
vn -0.7175 0.5904 -0.3696
vn -0.7337 0.5835 -0.3481
vn -0.7489 0.5770 -0.3258
vn -0.5253 0.8441 -0.1071
vn -0.5254 0.8441 -0.1072
vn -0.2453 0.9635 0.1072
vn -0.2323 0.9690 0.0837
vn -0.2363 0.9673 0.0918
vn -0.5384 0.8385 -0.0838
vn -0.5344 0.8402 -0.0918
vn 0.1526 0.9613 0.2293
vn 0.1525 0.9613 0.2293
vn 0.1415 0.9567 0.2544
vn 0.1295 0.9515 0.2789
vn 0.1295 0.9516 0.2789
vn 0.1164 0.9460 0.3027
vn -0.2406 0.9655 0.0996
vn -0.5301 0.8421 -0.0996
vn -0.7631 0.5710 -0.3027
vn -0.7631 0.5711 -0.3027
vn -0.7762 0.5656 -0.2787
vn -0.7762 0.5654 -0.2789
vn -0.7883 0.5602 -0.2544
vn -0.7992 0.5556 -0.2293
vn -0.5420 0.8370 -0.0755
vn -0.2287 0.9706 0.0755
vn -0.2203 0.9742 0.0497
vn -0.2227 0.9731 0.0584
vn -0.5505 0.8333 -0.0497
vn -0.5505 0.8334 -0.0497
vn -0.5481 0.8343 -0.0587
vn -0.5482 0.8343 -0.0584
vn 0.1845 0.9750 0.1240
vn 0.1783 0.9723 0.1509
vn 0.1709 0.9692 0.1775
vn 0.1708 0.9692 0.1775
vn 0.1623 0.9655 0.2036
vn -0.2255 0.9719 0.0670
vn -0.5452 0.8356 -0.0670
vn -0.8090 0.5514 -0.2036
vn -0.8176 0.5477 -0.1775
vn -0.8250 0.5446 -0.1509
vn -0.8312 0.5419 -0.1240
vn -0.8312 0.5419 -0.1241
vn -0.5525 0.8325 -0.0408
vn -0.2182 0.9750 0.0408
vn -0.2145 0.9766 0.0137
vn -0.2153 0.9763 0.0228
vn -0.5562 0.8309 -0.0137
vn -0.5554 0.8313 -0.0228
vn 0.1970 0.9803 0.0139
vn 0.1958 0.9798 0.0417
vn 0.1957 0.9798 0.0417
vn 0.1932 0.9787 0.0692
vn 0.1895 0.9771 0.0967
vn -0.2166 0.9757 0.0318
vn -0.5541 0.8318 -0.0318
vn -0.5541 0.8318 -0.0319
vn -0.8363 0.5398 -0.0967
vn -0.8364 0.5395 -0.0967
vn -0.8400 0.5382 -0.0692
vn -0.8425 0.5371 -0.0416
vn -0.8437 0.5367 -0.0139
vn -0.5566 0.8308 -0.0046
vn -0.2141 0.9768 0.0046
vn -0.2153 0.9763 -0.0228
vn -0.2147 0.9766 -0.0136
vn -0.2145 0.9766 -0.0137
vn -0.5554 0.8313 0.0228
vn -0.5562 0.8309 0.0137
vn 0.1895 0.9771 -0.0967
vn 0.1932 0.9787 -0.0692
vn 0.1957 0.9798 -0.0417
vn 0.1958 0.9798 -0.0417
vn 0.1970 0.9803 -0.0139
vn -0.2140 0.9768 -0.0046
vn -0.2142 0.9768 -0.0045
vn -0.5566 0.8308 0.0046
vn -0.8437 0.5366 0.0139
vn -0.8425 0.5371 0.0416
vn -0.8400 0.5382 0.0692
vn -0.8400 0.5382 0.0693
vn -0.8362 0.5398 0.0967
vn -0.5541 0.8318 0.0318
vn -0.2166 0.9757 -0.0318
vn -0.2228 0.9731 -0.0584
vn -0.2227 0.9731 -0.0584
vn -0.2203 0.9742 -0.0497
vn -0.5481 0.8344 0.0584
vn -0.5482 0.8343 0.0585
vn -0.5504 0.8334 0.0497
vn 0.1623 0.9655 -0.2036
vn 0.1624 0.9655 -0.2036
vn 0.1709 0.9692 -0.1775
vn 0.1783 0.9723 -0.1509
vn 0.1845 0.9750 -0.1241
vn 0.1845 0.9750 -0.1240
vn -0.2182 0.9751 -0.0408
vn -0.5525 0.8325 0.0408
vn -0.8312 0.5419 0.1240
vn -0.8312 0.5419 0.1241
vn -0.8250 0.5446 0.1509
vn -0.8250 0.5446 0.1508
vn -0.8176 0.5477 0.1775
vn -0.8090 0.5514 0.2036
vn -0.5453 0.8356 0.0668
vn -0.5452 0.8356 0.0670
vn -0.2255 0.9719 -0.0670
vn -0.2363 0.9673 -0.0918
vn -0.2323 0.9690 -0.0837
vn -0.5344 0.8402 0.0918
vn -0.5384 0.8385 0.0838
vn -0.5384 0.8385 0.0837
vn 0.1164 0.9460 -0.3027
vn 0.1295 0.9516 -0.2789
vn 0.1295 0.9515 -0.2789
vn 0.1415 0.9567 -0.2544
vn 0.1525 0.9613 -0.2293
vn -0.2287 0.9706 -0.0755
vn -0.5420 0.8370 0.0755
vn -0.7992 0.5556 0.2293
vn -0.7883 0.5602 0.2544
vn -0.7762 0.5654 0.2788
vn -0.7763 0.5654 0.2789
vn -0.7631 0.5710 0.3027
vn -0.5301 0.8421 0.0996
vn -0.2406 0.9655 -0.0996
vn -0.2405 0.9655 -0.0997
vn -0.2555 0.9591 -0.1216
vn -0.2556 0.9591 -0.1216
vn -0.2503 0.9614 -0.1146
vn -0.5151 0.8485 0.1216
vn -0.5204 0.8462 0.1145
vn -0.5204 0.8462 0.1146
vn 0.0536 0.9192 -0.3902
vn 0.0707 0.9265 -0.3696
vn 0.0869 0.9334 -0.3481
vn 0.1022 0.9399 -0.3259
vn -0.2453 0.9635 -0.1072
vn -0.5254 0.8441 0.1072
vn -0.7489 0.5770 0.3258
vn -0.7337 0.5835 0.3481
vn -0.7175 0.5904 0.3696
vn -0.7004 0.5977 0.3902
vn -0.5094 0.8509 0.1284
vn -0.2613 0.9567 -0.1284
vn -0.2800 0.9487 -0.1468
vn -0.2735 0.9515 -0.1410
vn -0.4907 0.8589 0.1468
vn -0.4908 0.8588 0.1468
vn -0.4972 0.8561 0.1410
vn -0.0237 0.8862 -0.4626
vn -0.0238 0.8862 -0.4627
vn -0.0031 0.8950 -0.4461
vn 0.0166 0.9034 -0.4285
vn 0.0165 0.9034 -0.4285
vn 0.0355 0.9115 -0.4098
vn -0.2672 0.9541 -0.1349
vn -0.2670 0.9542 -0.1349
vn -0.5035 0.8534 0.1349
vn -0.6823 0.6055 0.4097
vn -0.6822 0.6055 0.4099
vn -0.6634 0.6135 0.4285
vn -0.6436 0.6219 0.4461
vn -0.6231 0.6307 0.4626
vn -0.4840 0.8617 0.1522
vn -0.2867 0.9458 -0.1524
vn -0.3083 0.9366 -0.1663
vn -0.3009 0.9398 -0.1620
vn -0.4624 0.8709 0.1663
vn -0.4624 0.8709 0.1664
vn -0.4698 0.8678 0.1620
vn -0.1124 0.8484 -0.5173
vn -0.0893 0.8582 -0.5054
vn -0.0893 0.8582 -0.5055
vn -0.0668 0.8678 -0.4923
vn -0.0670 0.8677 -0.4925
vn -0.0447 0.8774 -0.4777
vn -0.0449 0.8771 -0.4781
vn -0.2937 0.9429 -0.1573
vn -0.4770 0.8647 0.1573
vn -0.6018 0.6397 0.4781
vn -0.5799 0.6491 0.4923
vn -0.5574 0.6587 0.5054
vn -0.5344 0.6685 0.5173
vn -0.5343 0.6685 0.5173
vn -0.4548 0.8742 0.1702
vn -0.3163 0.9333 -0.1701
vn -0.3159 0.9334 -0.1703
vn -0.3396 0.9233 -0.1795
vn -0.3317 0.9267 -0.1767
vn -0.3316 0.9267 -0.1768
vn -0.4310 0.8843 0.1796
vn -0.4310 0.8843 0.1795
vn -0.4391 0.8809 0.1769
vn -0.2093 0.8071 -0.5521
vn -0.1846 0.8177 -0.5453
vn -0.1845 0.8177 -0.5453
vn -0.1601 0.8281 -0.5373
vn -0.1361 0.8383 -0.5279
vn -0.3237 0.9301 -0.1736
vn -0.3237 0.9301 -0.1737
vn -0.4471 0.8775 0.1737
vn -0.4470 0.8775 0.1737
vn -0.5106 0.6784 0.5283
vn -0.5107 0.6785 0.5280
vn -0.4867 0.6888 0.5373
vn -0.4866 0.6888 0.5374
vn -0.4622 0.6993 0.5453
vn -0.4375 0.7098 0.5521
vn -0.4374 0.7098 0.5521
vn -0.4229 0.8878 0.1817
vn -0.3478 0.9198 -0.1817
vn -0.3727 0.9092 -0.1857
vn -0.3644 0.9127 -0.1848
vn -0.3980 0.8984 0.1857
vn -0.4063 0.8948 0.1848
vn -0.3106 0.7639 -0.5657
vn -0.2851 0.7748 -0.5643
vn -0.2597 0.7856 -0.5616
vn -0.2344 0.7964 -0.5575
vn -0.3561 0.9163 -0.1835
vn -0.4147 0.8913 0.1837
vn -0.4146 0.8913 0.1835
vn -0.4120 0.7207 0.5576
vn -0.4124 0.7205 0.5575
vn -0.3871 0.7313 0.5616
vn -0.3617 0.7421 0.5643
vn -0.3362 0.7530 0.5657
vn -0.3361 0.7530 0.5657
vn -0.3896 0.9020 0.1862
vn -0.3810 0.9056 -0.1861
vn -0.3811 0.9056 -0.1862
vn -0.4123 0.7205 -0.5575
vn -0.3872 0.7313 -0.5616
vn -0.3616 0.7422 -0.5643
vn -0.4391 0.8809 -0.1768
vn -0.4866 0.6889 -0.5373
vn -0.4622 0.6992 -0.5453
vn -0.4374 0.7098 -0.5522
vn -0.4229 0.8878 -0.1816
vn -0.3478 0.9198 0.1816
vn -0.4470 0.8775 -0.1738
vn -0.4698 0.8678 -0.1621
vn -0.3083 0.9366 0.1663
vn -0.5574 0.6587 -0.5055
vn -0.3159 0.9334 0.1702
vn -0.1124 0.8484 0.5174
vn -0.0895 0.8583 0.5053
vn -0.0893 0.8582 0.5054
vn -0.0668 0.8678 0.4923
vn -0.0448 0.8772 0.4781
vn -0.0449 0.8772 0.4780
vn -0.4907 0.8588 -0.1468
vn -0.2734 0.9515 0.1411
vn -0.6823 0.6054 -0.4098
vn -0.6436 0.6219 -0.4461
vn -0.4840 0.8618 -0.1522
vn -0.0031 0.8950 0.4460
vn -0.2672 0.9542 0.1349
vn -0.5035 0.8534 -0.1350
vn -0.2503 0.9614 0.1146
vn -0.7003 0.5977 -0.3902
vn -0.5093 0.8509 -0.1284
vn 0.0536 0.9192 0.3901
vn 0.0537 0.9193 0.3900
vn 0.0704 0.9264 0.3699
vn 0.1021 0.9399 0.3258
vn -0.5384 0.8385 -0.0837
vn -0.5384 0.8386 -0.0837
vn -0.7763 0.5653 -0.2789
vn -0.7631 0.5709 -0.3027
vn -0.7632 0.5709 -0.3027
vn -0.5419 0.8371 -0.0755
vn -0.5504 0.8334 -0.0497
vn -0.5480 0.8344 -0.0584
vn -0.5481 0.8344 -0.0584
vn -0.2202 0.9742 0.0497
vn -0.2227 0.9731 0.0585
vn -0.8250 0.5447 -0.1509
vn -0.8176 0.5478 -0.1775
vn 0.1622 0.9655 0.2036
vn -0.2182 0.9751 0.0408
vn -0.5554 0.8313 -0.0229
vn -0.2146 0.9766 0.0137
vn -0.8437 0.5366 -0.0139
vn -0.8399 0.5383 -0.0693
vn -0.8362 0.5398 -0.0967
vn -0.8362 0.5399 -0.0965
vn -0.5541 0.8319 -0.0319
vn -0.2165 0.9758 0.0317
vn 0.1894 0.9771 0.0967
vn -0.5554 0.8313 0.0227
vn -0.8362 0.5399 0.0966
vn -0.8362 0.5398 0.0966
vn -0.8437 0.5367 0.0139
vn -0.8437 0.5366 0.0140
vn 0.1957 0.9798 -0.0416
vn -0.2165 0.9758 -0.0317
vn -0.5480 0.8344 0.0584
vn -0.2202 0.9742 -0.0497
vn -0.8176 0.5478 0.1775
vn -0.2182 0.9750 -0.0408
vn 0.1622 0.9655 -0.2036
vn -0.7763 0.5653 0.2789
vn -0.5419 0.8370 0.0755
vn -0.2503 0.9614 -0.1145
vn -0.7004 0.5977 0.3901
vn 0.1022 0.9399 -0.3258
vn 0.0708 0.9265 -0.3696
vn 0.0536 0.9192 -0.3901
vn -0.2734 0.9515 -0.1411
vn -0.6633 0.6135 0.4285
vn -0.6823 0.6054 0.4098
vn -0.6822 0.6055 0.4098
vn -0.5035 0.8534 0.1350
vn -0.2672 0.9542 -0.1349
vn 0.0355 0.9115 -0.4097
vn 0.0356 0.9115 -0.4098
vn -0.0237 0.8863 -0.4626
vn -0.2867 0.9458 -0.1522
vn -0.4840 0.8617 0.1524
vn -0.4840 0.8617 0.1523
vn -0.5798 0.6492 0.4923
vn -0.4771 0.8647 0.1572
vn -0.0449 0.8772 -0.4781
vn -0.0449 0.8772 -0.4780
vn -0.0668 0.8678 -0.4925
vn -0.0668 0.8678 -0.4924
vn -0.1123 0.8484 -0.5172
vn -0.4548 0.8742 0.1703
vn -0.4391 0.8809 0.1768
vn -0.3397 0.9233 -0.1794
vn -0.3397 0.9232 -0.1795
vn -0.4375 0.7098 0.5520
vn -0.4866 0.6888 0.5373
vn -0.5107 0.6786 0.5279
vn -0.1361 0.8384 -0.5278
vn -0.1361 0.8383 -0.5280
vn -0.3872 0.7313 0.5616
vn -0.2344 0.7963 -0.5577
vn -0.2596 0.7858 -0.5614
vn -0.3896 0.9020 0.1861
vn 0.9362 0.2326 -0.2637
vn 0.9362 0.2326 -0.2636
vn 0.9232 0.2271 -0.3099
vn 0.9233 0.2271 -0.3099
vn 0.8160 0.5145 -0.2636
vn 0.8030 0.5090 -0.3100
vn 0.8030 0.5090 -0.3099
vn 0.9746 -0.1166 -0.1911
vn 0.9651 -0.1207 -0.2326
vn 0.9537 -0.1255 -0.2735
vn 0.9536 -0.1255 -0.2735
vn 0.9404 -0.1312 -0.3138
vn 0.9082 0.2207 -0.3556
vn 0.7880 0.5026 -0.3556
vn 0.5564 0.7694 -0.3138
vn 0.5697 0.7750 -0.2735
vn 0.5811 0.7799 -0.2326
vn 0.5906 0.7840 -0.1911
vn 0.8268 0.5191 -0.2166
vn 0.9470 0.2372 -0.2166
vn -0.0068 -0.1695 0.9855
vn -0.0511 -0.1884 0.9808
vn -0.1270 0.1124 0.9855
vn -0.1714 0.0936 0.9807
vn -0.1713 0.0935 0.9808
vn 0.1723 -0.4587 0.8717
vn 0.1330 -0.4755 0.8696
vn 0.0938 -0.4921 0.8654
vn 0.0938 -0.4921 0.8655
vn 0.0550 -0.5088 0.8591
vn 0.0549 -0.5087 0.8592
vn -0.0953 -0.2072 0.9737
vn -0.0953 -0.2072 0.9736
vn -0.2155 0.0747 0.9736
vn -0.3291 0.3918 0.8592
vn -0.2902 0.4084 0.8654
vn -0.2510 0.4251 0.8696
vn -0.2117 0.4419 0.8717
vn -0.2119 0.4420 0.8716
vn -0.0824 0.1314 0.9879
vn 0.0377 -0.1505 0.9879
vn 0.8720 0.2054 0.4443
vn 0.8720 0.2053 0.4443
vn 0.8510 0.1963 0.4871
vn 0.7518 0.4871 0.4444
vn 0.7518 0.4872 0.4444
vn 0.7308 0.4782 0.4871
vn 0.9253 -0.1376 0.3534
vn 0.9253 -0.1376 0.3535
vn 0.9085 -0.1448 0.3921
vn 0.8899 -0.1527 0.4298
vn 0.8697 -0.1613 0.4665
vn 0.8697 -0.1614 0.4665
vn 0.8281 0.1865 0.5286
vn 0.7079 0.4683 0.5287
vn 0.7079 0.4684 0.5286
vn 0.4857 0.7393 0.4665
vn 0.4856 0.7393 0.4665
vn 0.5059 0.7479 0.4298
vn 0.5245 0.7557 0.3921
vn 0.5245 0.7558 0.3921
vn 0.5413 0.7630 0.3534
vn 0.7709 0.4953 0.4005
vn 0.8911 0.2134 0.4005
vn 0.8720 0.2053 -0.4443
vn 0.8510 0.1963 -0.4870
vn 0.7519 0.4871 -0.4443
vn 0.7518 0.4871 -0.4443
vn 0.7308 0.4782 -0.4871
vn 0.9253 -0.1377 -0.3534
vn 0.9253 -0.1377 -0.3533
vn 0.9085 -0.1448 -0.3921
vn 0.9084 -0.1448 -0.3921
vn 0.8899 -0.1527 -0.4298
vn 0.8899 -0.1526 -0.4298
vn 0.8697 -0.1613 -0.4665
vn 0.8281 0.1865 -0.5286
vn 0.7079 0.4684 -0.5286
vn 0.4857 0.7392 -0.4666
vn 0.4857 0.7392 -0.4665
vn 0.5059 0.7479 -0.4298
vn 0.5245 0.7558 -0.3921
vn 0.5413 0.7629 -0.3534
vn 0.7709 0.4953 -0.4005
vn 0.8911 0.2134 -0.4005
vn -0.0068 -0.1695 -0.9855
vn -0.0511 -0.1884 -0.9808
vn -0.1270 0.1124 -0.9855
vn -0.1713 0.0935 -0.9808
vn 0.1723 -0.4587 -0.8717
vn 0.1330 -0.4755 -0.8696
vn 0.0938 -0.4921 -0.8655
vn 0.0938 -0.4921 -0.8654
vn 0.0549 -0.5088 -0.8591
vn -0.0953 -0.2072 -0.9736
vn -0.2155 0.0747 -0.9736
vn -0.3291 0.3919 -0.8592
vn -0.3290 0.3919 -0.8591
vn -0.2901 0.4084 -0.8655
vn -0.2510 0.4251 -0.8696
vn -0.2117 0.4419 -0.8717
vn -0.0824 0.1314 -0.9879
vn 0.0376 -0.1505 -0.9879
vn 0.0377 -0.1505 -0.9879
vn 0.9362 0.2326 0.2636
vn 0.9362 0.2326 0.2637
vn 0.9232 0.2271 0.3099
vn 0.9232 0.2271 0.3100
vn 0.8160 0.5145 0.2636
vn 0.8030 0.5090 0.3100
vn 0.9746 -0.1166 0.1911
vn 0.9651 -0.1207 0.2326
vn 0.9536 -0.1256 0.2735
vn 0.9404 -0.1312 0.3138
vn 0.9082 0.2207 0.3556
vn 0.7880 0.5026 0.3556
vn 0.5564 0.7694 0.3138
vn 0.5697 0.7750 0.2735
vn 0.5815 0.7796 0.2325
vn 0.5811 0.7799 0.2326
vn 0.5906 0.7840 0.1911
vn 0.5906 0.7840 0.1912
vn 0.8268 0.5191 0.2166
vn 0.9470 0.2372 0.2166
vn 0.9470 0.2372 0.2165
vn 0.7767 0.1646 -0.6080
vn 0.7767 0.1645 -0.6080
vn 0.7484 0.1526 -0.6454
vn 0.6565 0.4465 -0.6080
vn 0.6282 0.4344 -0.6455
vn 0.6282 0.4344 -0.6454
vn 0.8478 -0.1707 -0.5021
vn 0.8243 -0.1807 -0.5365
vn 0.7994 -0.1913 -0.5695
vn 0.7729 -0.2026 -0.6013
vn 0.7184 0.1398 -0.6814
vn 0.7185 0.1398 -0.6814
vn 0.5983 0.4217 -0.6814
vn 0.3890 0.6980 -0.6013
vn 0.4154 0.7093 -0.5695
vn 0.4403 0.7199 -0.5365
vn 0.4639 0.7299 -0.5021
vn 0.4638 0.7299 -0.5021
vn 0.6830 0.4579 -0.5690
vn 0.6831 0.4579 -0.5690
vn 0.8033 0.1759 -0.5690
vn -0.1824 -0.2443 -0.9524
vn -0.2250 -0.2625 -0.9383
vn -0.3026 0.0375 -0.9524
vn -0.3453 0.0194 -0.9383
vn -0.3452 0.0194 -0.9383
vn 0.0162 -0.5252 -0.8508
vn -0.0220 -0.5415 -0.8404
vn -0.0597 -0.5577 -0.8279
vn -0.0966 -0.5733 -0.8136
vn -0.0967 -0.5733 -0.8136
vn -0.2670 -0.2804 -0.9220
vn -0.3872 0.0015 -0.9220
vn -0.4807 0.3272 -0.8136
vn -0.4436 0.3429 -0.8280
vn -0.4436 0.3430 -0.8280
vn -0.4060 0.3591 -0.8404
vn -0.3678 0.3754 -0.8508
vn -0.2593 0.0560 -0.9642
vn -0.1391 -0.2259 -0.9642
vn 0.9666 0.2456 0.0727
vn 0.9623 0.2437 0.1209
vn 0.8465 0.5275 0.0727
vn 0.8421 0.5256 0.1209
vn 0.9939 -0.1084 0.0214
vn 0.9939 -0.1084 0.0213
vn 0.9919 -0.1093 0.0641
vn 0.9919 -0.1092 0.0642
vn 0.9881 -0.1109 0.1067
vn 0.9823 -0.1131 0.1492
vn 0.9823 -0.1133 0.1490
vn 0.9557 0.2409 0.1689
vn 0.8356 0.5228 0.1689
vn 0.8357 0.5227 0.1686
vn 0.5983 0.7873 0.1490
vn 0.6041 0.7897 0.1068
vn 0.6041 0.7897 0.1067
vn 0.6080 0.7914 0.0642
vn 0.6099 0.7922 0.0214
vn 0.8486 0.5284 0.0243
vn 0.8486 0.5285 0.0243
vn 0.9688 0.2465 0.0243
vn 0.6538 0.1122 -0.7483
vn 0.6194 0.0975 -0.7790
vn 0.5336 0.3941 -0.7483
vn 0.4992 0.3794 -0.7790
vn 0.7453 -0.2145 -0.6312
vn 0.7451 -0.2145 -0.6316
vn 0.7159 -0.2269 -0.6603
vn 0.7158 -0.2268 -0.6604
vn 0.6855 -0.2399 -0.6874
vn 0.6539 -0.2534 -0.7129
vn 0.5835 0.0822 -0.8079
vn 0.4634 0.3642 -0.8079
vn 0.4634 0.3641 -0.8079
vn 0.2699 0.6472 -0.7129
vn 0.3015 0.6607 -0.6874
vn 0.3319 0.6737 -0.6603
vn 0.3611 0.6861 -0.6316
vn 0.5667 0.4082 -0.7157
vn 0.6869 0.1263 -0.7157
vn -0.3486 -0.3152 -0.8827
vn -0.3879 -0.3320 -0.8598
vn -0.4688 -0.0333 -0.8827
vn -0.5081 -0.0501 -0.8598
vn -0.1331 -0.5889 -0.7972
vn -0.1687 -0.6041 -0.7789
vn -0.2035 -0.6189 -0.7587
vn -0.2034 -0.6189 -0.7587
vn -0.2371 -0.6333 -0.7367
vn -0.4262 -0.3483 -0.8349
vn -0.5464 -0.0664 -0.8349
vn -0.6211 0.2673 -0.7367
vn -0.6211 0.2673 -0.7368
vn -0.5873 0.2817 -0.7587
vn -0.5527 0.2965 -0.7789
vn -0.5171 0.3117 -0.7972
vn -0.4285 -0.0161 -0.9034
vn -0.3083 -0.2980 -0.9034
vn 0.9623 0.2436 -0.1209
vn 0.9623 0.2437 -0.1209
vn 0.9666 0.2456 -0.0727
vn 0.8421 0.5256 -0.1209
vn 0.8465 0.5275 -0.0727
vn 0.9823 -0.1133 -0.1490
vn 0.9823 -0.1132 -0.1490
vn 0.9881 -0.1109 -0.1067
vn 0.9919 -0.1092 -0.0642
vn 0.9919 -0.1093 -0.0642
vn 0.9939 -0.1084 -0.0214
vn 0.9688 0.2465 -0.0243
vn 0.8486 0.5284 -0.0243
vn 0.6099 0.7922 -0.0214
vn 0.6080 0.7913 -0.0642
vn 0.6080 0.7914 -0.0642
vn 0.6041 0.7897 -0.1067
vn 0.5983 0.7873 -0.1490
vn 0.5983 0.7873 -0.1491
vn 0.8355 0.5229 -0.1689
vn 0.8355 0.5228 -0.1690
vn 0.9557 0.2409 -0.1689
vn 0.5081 0.0501 -0.8598
vn 0.4688 0.0333 -0.8827
vn 0.3879 0.3320 -0.8598
vn 0.3880 0.3320 -0.8598
vn 0.3486 0.3152 -0.8827
vn 0.6211 -0.2673 -0.7367
vn 0.5873 -0.2817 -0.7587
vn 0.5527 -0.2965 -0.7789
vn 0.5171 -0.3117 -0.7971
vn 0.5171 -0.3117 -0.7972
vn 0.4285 0.0161 -0.9034
vn 0.3083 0.2980 -0.9034
vn 0.1331 0.5889 -0.7972
vn 0.1687 0.6041 -0.7789
vn 0.2034 0.6189 -0.7587
vn 0.2371 0.6333 -0.7367
vn 0.2370 0.6333 -0.7367
vn 0.4262 0.3483 -0.8349
vn 0.5464 0.0664 -0.8349
vn -0.4992 -0.3794 -0.7790
vn -0.5336 -0.3941 -0.7483
vn -0.6194 -0.0975 -0.7790
vn -0.6538 -0.1122 -0.7483
vn -0.2699 -0.6472 -0.7130
vn -0.2699 -0.6472 -0.7129
vn -0.3015 -0.6607 -0.6874
vn -0.3319 -0.6737 -0.6603
vn -0.3611 -0.6861 -0.6316
vn -0.5667 -0.4082 -0.7157
vn -0.6869 -0.1263 -0.7157
vn -0.7451 0.2145 -0.6316
vn -0.7159 0.2269 -0.6603
vn -0.7160 0.2269 -0.6602
vn -0.6855 0.2399 -0.6874
vn -0.6540 0.2534 -0.7128
vn -0.6539 0.2534 -0.7129
vn -0.5833 -0.0823 -0.8081
vn -0.5835 -0.0823 -0.8079
vn -0.4634 -0.3640 -0.8079
vn -0.4634 -0.3641 -0.8079
vn 0.5810 0.7800 -0.2324
vn 0.5812 0.7799 -0.2325
vn 0.5698 0.7750 -0.2734
vn 0.3452 -0.0194 -0.9383
vn 0.3453 -0.0194 -0.9383
vn 0.3026 -0.0376 -0.9524
vn 0.2250 0.2625 -0.9383
vn 0.1824 0.2443 -0.9524
vn 0.4806 -0.3272 -0.8136
vn 0.4436 -0.3430 -0.8280
vn 0.4060 -0.3591 -0.8404
vn 0.3678 -0.3753 -0.8508
vn 0.2593 -0.0560 -0.9642
vn 0.1391 0.2259 -0.9642
vn -0.0162 0.5253 -0.8508
vn -0.0162 0.5252 -0.8508
vn 0.0220 0.5415 -0.8404
vn 0.0596 0.5576 -0.8280
vn 0.0966 0.5733 -0.8136
vn 0.0967 0.5734 -0.8136
vn 0.2669 0.2803 -0.9220
vn 0.2670 0.2804 -0.9220
vn 0.3873 -0.0015 -0.9220
vn 0.3872 -0.0015 -0.9220
vn -0.6282 -0.4344 -0.6454
vn -0.6565 -0.4465 -0.6080
vn -0.7484 -0.1525 -0.6454
vn -0.7485 -0.1525 -0.6454
vn -0.7767 -0.1646 -0.6080
vn -0.3890 -0.6980 -0.6012
vn -0.4154 -0.7093 -0.5695
vn -0.4403 -0.7199 -0.5365
vn -0.4638 -0.7299 -0.5021
vn -0.6831 -0.4578 -0.5691
vn -0.8033 -0.1759 -0.5690
vn -0.8478 0.1707 -0.5021
vn -0.8243 0.1807 -0.5365
vn -0.7994 0.1913 -0.5696
vn -0.7730 0.2026 -0.6012
vn -0.7185 -0.1398 -0.6814
vn -0.7184 -0.1398 -0.6814
vn -0.5982 -0.4217 -0.6814
vn -0.5983 -0.4217 -0.6814
vn 0.8510 0.1963 -0.4871
vn 0.8509 0.1962 -0.4873
vn 0.8721 0.2052 -0.4443
vn 0.8720 0.2052 -0.4443
vn 0.9253 -0.1376 -0.3534
vn 0.5413 0.7630 -0.3534
vn 0.5245 0.7557 -0.3922
vn 0.7080 0.4684 -0.5286
vn 0.7079 0.4685 -0.5286
vn 0.1713 -0.0935 -0.9808
vn 0.1712 -0.0936 -0.9808
vn 0.1270 -0.1124 -0.9855
vn 0.0510 0.1884 -0.9808
vn 0.0511 0.1884 -0.9808
vn 0.0068 0.1695 -0.9855
vn 0.3291 -0.3919 -0.8592
vn 0.2901 -0.4082 -0.8656
vn 0.2900 -0.4082 -0.8656
vn 0.2510 -0.4251 -0.8696
vn 0.2118 -0.4419 -0.8717
vn 0.2117 -0.4419 -0.8717
vn 0.0824 -0.1314 -0.9879
vn -0.0377 0.1505 -0.9879
vn -0.1723 0.4587 -0.8717
vn -0.1722 0.4587 -0.8717
vn -0.1330 0.4755 -0.8696
vn -0.0938 0.4922 -0.8654
vn -0.0549 0.5086 -0.8592
vn -0.0549 0.5087 -0.8592
vn 0.0953 0.2072 -0.9736
vn 0.2154 -0.0748 -0.9737
vn 0.2154 -0.0747 -0.9737
vn -0.7308 -0.4782 -0.4870
vn -0.7309 -0.4782 -0.4870
vn -0.7518 -0.4871 -0.4443
vn -0.7519 -0.4871 -0.4443
vn -0.8510 -0.1963 -0.4870
vn -0.8720 -0.2053 -0.4443
vn -0.4857 -0.7392 -0.4665
vn -0.4858 -0.7392 -0.4665
vn -0.5059 -0.7479 -0.4298
vn -0.5245 -0.7557 -0.3921
vn -0.5245 -0.7558 -0.3921
vn -0.5413 -0.7630 -0.3534
vn -0.7709 -0.4953 -0.4005
vn -0.8911 -0.2134 -0.4005
vn -0.9253 0.1376 -0.3534
vn -0.9085 0.1448 -0.3921
vn -0.8899 0.1527 -0.4298
vn -0.8899 0.1526 -0.4298
vn -0.8697 0.1613 -0.4665
vn -0.8281 -0.1865 -0.5286
vn -0.7079 -0.4684 -0.5286
vn -0.7080 -0.4684 -0.5286
vn 0.7484 0.1525 -0.6454
vn 0.7484 0.1525 -0.6455
vn 0.7728 -0.2026 -0.6014
vn 0.6831 0.4578 -0.5690
vn 0.3890 0.6980 -0.6012
vn -0.8031 -0.5090 -0.3099
vn -0.8160 -0.5144 -0.2636
vn -0.8160 -0.5145 -0.2636
vn -0.9232 -0.2271 -0.3099
vn -0.9362 -0.2326 -0.2636
vn -0.5564 -0.7694 -0.3138
vn -0.5697 -0.7750 -0.2735
vn -0.5698 -0.7750 -0.2735
vn -0.5811 -0.7799 -0.2326
vn -0.5906 -0.7840 -0.1911
vn -0.8268 -0.5191 -0.2166
vn -0.9470 -0.2372 -0.2166
vn -0.9470 -0.2372 -0.2165
vn -0.9746 0.1166 -0.1911
vn -0.9651 0.1207 -0.2326
vn -0.9536 0.1256 -0.2735
vn -0.9404 0.1312 -0.3138
vn -0.9082 -0.2207 -0.3556
vn -0.7880 -0.5026 -0.3556
vn 0.7160 -0.2269 -0.6602
vn 0.3015 0.6608 -0.6874
vn 0.2699 0.6473 -0.7129
vn 0.5836 0.0822 -0.8079
vn -0.8421 -0.5256 -0.1209
vn -0.8465 -0.5275 -0.0727
vn -0.9623 -0.2437 -0.1209
vn -0.9666 -0.2456 -0.0727
vn -0.5983 -0.7873 -0.1490
vn -0.6041 -0.7897 -0.1068
vn -0.6041 -0.7897 -0.1067
vn -0.6079 -0.7914 -0.0642
vn -0.6080 -0.7914 -0.0642
vn -0.6099 -0.7922 -0.0214
vn -0.8486 -0.5284 -0.0243
vn -0.9688 -0.2465 -0.0243
vn -0.9939 0.1084 -0.0214
vn -0.9939 0.1085 -0.0214
vn -0.9920 0.1091 -0.0641
vn -0.9919 0.1092 -0.0641
vn -0.9881 0.1109 -0.1067
vn -0.9823 0.1133 -0.1490
vn -0.9557 -0.2410 -0.1689
vn -0.9557 -0.2409 -0.1689
vn -0.8356 -0.5228 -0.1689
vn -0.8355 -0.5228 -0.1689
vn 0.5081 0.0501 -0.8599
vn 0.5172 -0.3117 -0.7971
vn 0.5527 -0.2965 -0.7788
vn 0.2035 0.6188 -0.7587
vn 0.2034 0.6188 -0.7587
vn 0.1687 0.6041 -0.7788
vn -0.8464 -0.5275 0.0727
vn -0.8421 -0.5256 0.1209
vn -0.9666 -0.2456 0.0727
vn -0.9623 -0.2437 0.1209
vn -0.6099 -0.7922 0.0214
vn -0.6080 -0.7913 0.0642
vn -0.6079 -0.7914 0.0642
vn -0.6042 -0.7897 0.1067
vn -0.6041 -0.7897 0.1068
vn -0.5983 -0.7873 0.1490
vn -0.5983 -0.7873 0.1488
vn -0.8355 -0.5228 0.1690
vn -0.8355 -0.5228 0.1689
vn -0.9557 -0.2410 0.1689
vn -0.9557 -0.2409 0.1689
vn -0.9823 0.1133 0.1490
vn -0.9881 0.1109 0.1067
vn -0.9919 0.1092 0.0642
vn -0.9919 0.1092 0.0641
vn -0.9939 0.1084 0.0214
vn -0.9689 -0.2464 0.0244
vn -0.9688 -0.2465 0.0243
vn -0.8486 -0.5284 0.0243
vn 0.3681 -0.3753 -0.8507
vn 0.4059 -0.3591 -0.8404
vn 0.4806 -0.3273 -0.8136
vn 0.0966 0.5734 -0.8136
vn 0.0594 0.5572 -0.8282
vn 0.2593 -0.0561 -0.9642
vn -0.8160 -0.5145 0.2636
vn -0.8030 -0.5090 0.3099
vn -0.9362 -0.2326 0.2636
vn -0.9362 -0.2327 0.2636
vn -0.9232 -0.2271 0.3099
vn -0.5906 -0.7840 0.1911
vn -0.5811 -0.7799 0.2326
vn -0.5697 -0.7750 0.2735
vn -0.5564 -0.7694 0.3138
vn -0.7880 -0.5026 0.3556
vn -0.9082 -0.2207 0.3556
vn -0.9404 0.1312 0.3138
vn -0.9536 0.1256 0.2735
vn -0.9651 0.1207 0.2326
vn -0.9746 0.1166 0.1911
vn -0.9470 -0.2372 0.2166
vn -0.8268 -0.5191 0.2165
vn -0.8268 -0.5191 0.2166
vn 0.1712 -0.0935 -0.9808
vn 0.2902 -0.4084 -0.8654
vn 0.2902 -0.4085 -0.8654
vn 0.3291 -0.3918 -0.8592
vn 0.2155 -0.0747 -0.9737
vn 0.2155 -0.0747 -0.9736
vn 0.0953 0.2072 -0.9737
vn -0.0549 0.5088 -0.8591
vn -0.0938 0.4921 -0.8655
vn -0.7518 -0.4871 0.4443
vn -0.7518 -0.4872 0.4443
vn -0.7308 -0.4782 0.4871
vn -0.8720 -0.2053 0.4443
vn -0.8510 -0.1962 0.4871
vn -0.8510 -0.1963 0.4871
vn -0.5413 -0.7630 0.3534
vn -0.5245 -0.7558 0.3920
vn -0.5245 -0.7558 0.3921
vn -0.5059 -0.7480 0.4297
vn -0.5059 -0.7479 0.4298
vn -0.4857 -0.7392 0.4665
vn -0.4858 -0.7392 0.4665
vn -0.7080 -0.4683 0.5286
vn -0.7079 -0.4684 0.5286
vn -0.8281 -0.1866 0.5286
vn -0.8281 -0.1865 0.5286
vn -0.8697 0.1614 0.4665
vn -0.8697 0.1613 0.4665
vn -0.8899 0.1527 0.4298
vn -0.9085 0.1448 0.3921
vn -0.9084 0.1449 0.3921
vn -0.9253 0.1376 0.3534
vn -0.8911 -0.2134 0.4005
vn -0.7709 -0.4953 0.4005
vn -0.1269 0.1124 -0.9855
vn 0.0549 -0.5088 -0.8592
vn -0.2902 0.4084 -0.8654
vn -0.2900 0.4082 -0.8656
vn -0.3291 0.3918 -0.8592
vn -0.0953 -0.2072 -0.9737
vn -0.6565 -0.4465 0.6080
vn -0.6283 -0.4344 0.6454
vn -0.6282 -0.4344 0.6454
vn -0.7767 -0.1646 0.6080
vn -0.7484 -0.1525 0.6454
vn -0.4638 -0.7299 0.5021
vn -0.4404 -0.7199 0.5365
vn -0.4155 -0.7093 0.5695
vn -0.4154 -0.7093 0.5695
vn -0.3890 -0.6980 0.6012
vn -0.3889 -0.6980 0.6012
vn -0.5983 -0.4217 0.6814
vn -0.7185 -0.1398 0.6814
vn -0.7730 0.2026 0.6012
vn -0.7994 0.1913 0.5696
vn -0.8243 0.1807 0.5365
vn -0.8478 0.1707 0.5021
vn -0.8033 -0.1759 0.5690
vn -0.6831 -0.4578 0.5690
vn -0.2250 -0.2624 -0.9384
vn -0.3026 0.0376 -0.9524
vn -0.0967 -0.5734 -0.8136
vn -0.0968 -0.5734 -0.8136
vn -0.0596 -0.5576 -0.8280
vn -0.1391 -0.2258 -0.9642
vn -0.2594 0.0561 -0.9641
vn -0.3678 0.3753 -0.8508
vn -0.3677 0.3754 -0.8508
vn -0.4806 0.3272 -0.8136
vn -0.3871 0.0015 -0.9220
vn -0.3874 0.0015 -0.9219
vn -0.2671 -0.2805 -0.9220
vn -0.5336 -0.3941 0.7483
vn -0.4992 -0.3794 0.7790
vn -0.6538 -0.1122 0.7483
vn -0.6194 -0.0974 0.7790
vn -0.6193 -0.0975 0.7791
vn -0.3611 -0.6861 0.6316
vn -0.3319 -0.6737 0.6603
vn -0.3015 -0.6607 0.6874
vn -0.2698 -0.6473 0.7129
vn -0.2699 -0.6472 0.7130
vn -0.4634 -0.3641 0.8079
vn -0.5837 -0.0823 0.8078
vn -0.5835 -0.0822 0.8079
vn -0.6539 0.2534 0.7129
vn -0.6540 0.2536 0.7127
vn -0.6855 0.2399 0.6874
vn -0.7159 0.2269 0.6603
vn -0.7159 0.2270 0.6603
vn -0.7450 0.2144 0.6316
vn -0.7451 0.2145 0.6315
vn -0.6869 -0.1263 0.7157
vn -0.5667 -0.4082 0.7157
vn -0.3487 -0.3152 -0.8826
vn -0.2371 -0.6332 -0.7368
vn -0.2034 -0.6188 -0.7587
vn -0.5171 0.3116 -0.7972
vn -0.5873 0.2817 -0.7588
vn -0.5464 -0.0665 -0.8349
vn -0.3879 -0.3320 0.8598
vn -0.3880 -0.3319 0.8598
vn -0.3485 -0.3152 0.8827
vn -0.5081 -0.0501 0.8598
vn -0.4688 -0.0333 0.8827
vn -0.2371 -0.6332 0.7368
vn -0.2373 -0.6332 0.7367
vn -0.2032 -0.6189 0.7588
vn -0.2033 -0.6189 0.7587
vn -0.1687 -0.6041 0.7789
vn -0.1331 -0.5889 0.7972
vn -0.1330 -0.5889 0.7972
vn -0.3083 -0.2980 0.9034
vn -0.4285 -0.0161 0.9034
vn -0.5171 0.3117 0.7972
vn -0.5527 0.2965 0.7789
vn -0.5873 0.2817 0.7587
vn -0.6212 0.2677 0.7366
vn -0.6211 0.2673 0.7367
vn -0.5464 -0.0664 0.8349
vn -0.4262 -0.3483 0.8349
vn -0.4993 -0.3793 -0.7790
vn -0.5835 -0.0822 -0.8079
vn -0.7159 0.2268 -0.6603
vn -0.7450 0.2145 -0.6316
vn -0.6870 -0.1263 -0.7156
vn -0.2250 -0.2625 0.9383
vn -0.1824 -0.2443 0.9524
vn -0.3452 0.0193 0.9383
vn -0.3452 0.0194 0.9383
vn -0.3026 0.0376 0.9524
vn -0.0966 -0.5733 0.8136
vn -0.0967 -0.5733 0.8136
vn -0.0595 -0.5575 0.8280
vn -0.0596 -0.5576 0.8280
vn -0.0220 -0.5415 0.8404
vn -0.0220 -0.5414 0.8404
vn 0.0162 -0.5252 0.8508
vn -0.1391 -0.2259 0.9642
vn -0.2593 0.0560 0.9642
vn -0.3678 0.3754 0.8508
vn -0.4060 0.3591 0.8404
vn -0.4436 0.3430 0.8280
vn -0.4436 0.3429 0.8280
vn -0.4806 0.3272 0.8136
vn -0.3872 0.0015 0.9220
vn -0.2670 -0.2804 0.9220
vn -0.7484 -0.1525 -0.6455
vn -0.4637 -0.7300 -0.5021
vn -0.7729 0.2026 -0.6013
vn -0.7994 0.1913 -0.5695
vn -0.6831 -0.4578 -0.5690
vn -0.0510 -0.1884 0.9808
vn 0.0549 -0.5088 0.8592
vn 0.0549 -0.5088 0.8591
vn 0.0938 -0.4922 0.8654
vn 0.1723 -0.4588 0.8717
vn -0.2902 0.4085 0.8654
vn -0.7308 -0.4782 -0.4871
vn -0.8721 -0.2052 -0.4443
vn -0.8720 -0.2052 -0.4443
vn -0.8509 -0.1964 -0.4872
vn -0.8510 -0.1963 -0.4871
vn -0.5061 -0.7478 -0.4298
vn 0.1270 -0.1124 0.9855
vn 0.1713 -0.0935 0.9808
vn 0.0068 0.1695 0.9855
vn 0.0511 0.1884 0.9808
vn 0.2117 -0.4419 0.8717
vn 0.2510 -0.4251 0.8696
vn 0.2900 -0.4082 0.8656
vn 0.2902 -0.4085 0.8654
vn 0.3291 -0.3918 0.8592
vn 0.2155 -0.0747 0.9736
vn 0.0953 0.2072 0.9736
vn -0.0549 0.5087 0.8592
vn -0.0938 0.4922 0.8654
vn -0.1330 0.4755 0.8696
vn -0.1723 0.4587 0.8717
vn -0.0377 0.1505 0.9879
vn 0.0824 -0.1314 0.9879
vn -0.8030 -0.5090 -0.3099
vn -0.9361 -0.2329 -0.2636
vn -0.5811 -0.7799 -0.2327
vn -0.9536 0.1255 -0.2735
vn 0.3026 -0.0376 0.9524
vn 0.3449 -0.0197 0.9384
vn 0.3452 -0.0193 0.9383
vn 0.1824 0.2443 0.9524
vn 0.2250 0.2624 0.9383
vn 0.2249 0.2624 0.9384
vn 0.3678 -0.3753 0.8508
vn 0.4060 -0.3591 0.8404
vn 0.4436 -0.3430 0.8280
vn 0.4806 -0.3272 0.8136
vn 0.4806 -0.3273 0.8136
vn 0.3872 -0.0015 0.9220
vn 0.2670 0.2804 0.9220
vn 0.0967 0.5734 0.8136
vn 0.0596 0.5576 0.8280
vn 0.0220 0.5415 0.8404
vn -0.0162 0.5252 0.8508
vn 0.1391 0.2259 0.9642
vn 0.2593 -0.0560 0.9642
vn -0.6099 -0.7922 -0.0215
vn -0.6041 -0.7897 -0.1066
vn -0.5983 -0.7873 -0.1489
vn -0.8355 -0.5229 -0.1689
vn -0.9919 0.1092 -0.0642
vn 0.4688 0.0333 0.8827
vn 0.4688 0.0332 0.8827
vn 0.5081 0.0502 0.8598
vn 0.5081 0.0501 0.8598
vn 0.3485 0.3152 0.8827
vn 0.3486 0.3152 0.8827
vn 0.3880 0.3319 0.8598
vn 0.3879 0.3320 0.8598
vn 0.5170 -0.3118 0.7972
vn 0.5171 -0.3117 0.7972
vn 0.5527 -0.2965 0.7789
vn 0.5873 -0.2817 0.7587
vn 0.6211 -0.2673 0.7367
vn 0.5464 0.0663 0.8349
vn 0.5464 0.0664 0.8349
vn 0.4262 0.3483 0.8349
vn 0.2371 0.6333 0.7367
vn 0.2033 0.6189 0.7587
vn 0.1687 0.6041 0.7789
vn 0.1331 0.5889 0.7972
vn 0.3083 0.2980 0.9034
vn 0.4285 0.0161 0.9034
vn -0.8465 -0.5275 0.0727
vn -0.9667 -0.2456 0.0727
vn -0.5983 -0.7873 0.1489
vn -0.6041 -0.7897 0.1066
vn -0.8487 -0.5284 0.0243
vn -0.8356 -0.5228 0.1689
vn 0.6194 0.0975 0.7790
vn 0.6539 0.1122 0.7482
vn 0.6538 0.1123 0.7483
vn 0.4992 0.3794 0.7790
vn 0.5336 0.3941 0.7483
vn 0.5336 0.3940 0.7484
vn 0.6539 -0.2534 0.7129
vn 0.6855 -0.2399 0.6874
vn 0.7159 -0.2269 0.6603
vn 0.7451 -0.2145 0.6315
vn 0.6869 0.1263 0.7157
vn 0.5667 0.4082 0.7157
vn 0.3611 0.6861 0.6316
vn 0.3319 0.6737 0.6603
vn 0.3015 0.6607 0.6874
vn 0.2699 0.6472 0.7129
vn 0.4634 0.3641 0.8079
vn 0.5835 0.0822 0.8079
vn 0.5835 0.0823 0.8079
vn -0.8031 -0.5089 0.3099
vn -0.9362 -0.2326 0.2637
vn -0.9362 -0.2325 0.2636
vn -0.5698 -0.7750 0.2734
vn -0.8268 -0.5191 0.2167
vn -0.9536 0.1255 0.2735
vn 0.7484 0.1525 0.6454
vn 0.7767 0.1646 0.6080
vn 0.6282 0.4344 0.6454
vn 0.6565 0.4465 0.6080
vn 0.7730 -0.2026 0.6012
vn 0.7994 -0.1913 0.5695
vn 0.7994 -0.1913 0.5696
vn 0.8243 -0.1807 0.5365
vn 0.8478 -0.1707 0.5021
vn 0.8033 0.1759 0.5690
vn 0.6831 0.4578 0.5690
vn 0.4638 0.7299 0.5021
vn 0.4639 0.7298 0.5021
vn 0.4403 0.7199 0.5365
vn 0.4154 0.7093 0.5695
vn 0.3890 0.6980 0.6012
vn 0.5983 0.4217 0.6814
vn 0.7184 0.1398 0.6814
vn 0.7185 0.1398 0.6814
vn -0.7518 -0.4872 0.4444
vn -0.7519 -0.4871 0.4443
vn -0.8510 -0.1963 0.4870
vn -0.8720 -0.2053 0.4444
vn -0.8720 -0.2054 0.4443
vn -0.4857 -0.7393 0.4665
vn -0.8281 -0.1865 0.5287
vn 0.1714 -0.0935 0.9808
vn 0.0512 0.1885 0.9807
vn 0.0512 0.1884 0.9808
vn 0.2902 -0.4084 0.8654
vn 0.2510 -0.4252 0.8696
vn 0.2122 -0.4421 0.8715
vn 0.2116 -0.4419 0.8718
vn -0.0938 0.4921 0.8654
vn -0.0938 0.4921 0.8655
vn 0.2155 -0.0747 0.9737
vn 0.8510 0.1963 0.4870
vn 0.8720 0.2052 0.4443
vn 0.7308 0.4782 0.4870
vn 0.7519 0.4871 0.4443
vn 0.9253 -0.1375 0.3534
vn 0.7709 0.4952 0.4005
vn 0.5413 0.7629 0.3534
vn 0.5413 0.7629 0.3535
vn 0.4857 0.7392 0.4665
vn -0.7485 -0.1526 0.6454
vn -0.7484 -0.1526 0.6454
vn -0.4403 -0.7199 0.5365
vn -0.6831 -0.4578 0.5691
vn -0.8479 0.1706 0.5020
vn -0.7994 0.1913 0.5695
vn -0.7994 0.1914 0.5695
vn -0.7184 -0.1398 0.6814
vn -0.5982 -0.4217 0.6814
vn 0.3452 -0.0194 0.9383
vn 0.3453 -0.0194 0.9383
vn 0.2250 0.2625 0.9383
vn 0.1825 0.2443 0.9524
vn 0.4060 -0.3590 0.8404
vn 0.3679 -0.3753 0.8508
vn -0.0161 0.5252 0.8508
vn -0.0162 0.5253 0.8508
vn 0.0221 0.5415 0.8404
vn 0.0966 0.5734 0.8136
vn 0.2671 0.2804 0.9220
vn 0.3874 -0.0015 0.9219
vn 0.9232 0.2270 0.3100
vn 0.9361 0.2326 0.2637
vn 0.8031 0.5090 0.3099
vn 0.9536 -0.1255 0.2735
vn -0.6194 -0.0975 0.7790
vn -0.2699 -0.6472 0.7129
vn -0.7450 0.2145 0.6316
vn -0.7451 0.2145 0.6316
vn -0.5836 -0.0822 0.8079
vn -0.4633 -0.3641 0.8079
vn 0.4689 0.0333 0.8826
vn 0.5873 -0.2817 0.7588
vn 0.5527 -0.2965 0.7788
vn 0.2371 0.6332 0.7367
vn 0.8421 0.5256 0.1208
vn 0.8421 0.5255 0.1209
vn 0.8464 0.5275 0.0727
vn 0.9919 -0.1092 0.0641
vn 0.6079 0.7914 0.0642
vn 0.6080 0.7913 0.0642
vn 0.6041 0.7897 0.1066
vn 0.5983 0.7873 0.1489
vn 0.8355 0.5228 0.1689
vn -0.3485 -0.3151 0.8828
vn -0.3486 -0.3152 0.8827
vn -0.4689 -0.0333 0.8826
vn -0.2371 -0.6332 0.7367
vn -0.5873 0.2817 0.7588
vn 0.6538 0.1122 0.7483
vn 0.7451 -0.2145 0.6316
vn 0.7450 -0.2145 0.6316
vn 0.5835 0.0822 0.8080
vn 0.9666 0.2457 -0.0727
vn 0.9623 0.2436 -0.1208
vn 0.8464 0.5275 -0.0727
vn 0.9939 -0.1085 -0.0214
vn 0.9823 -0.1134 -0.1490
vn 0.8355 0.5228 -0.1689
vn 0.6041 0.7897 -0.1066
vn 0.6079 0.7914 -0.0642
vn -0.1824 -0.2442 0.9524
vn -0.3454 0.0194 0.9383
vn 0.0162 -0.5253 0.8508
vn -0.0967 -0.5734 0.8136
vn -0.3873 0.0015 0.9220
vn -0.3677 0.3754 0.8508
vn 0.7485 0.1525 0.6454
vn 0.6283 0.4344 0.6454
vn 0.7729 -0.2026 0.6013
vn 0.7729 -0.2027 0.6013
# 1756 vertex normals

vt 0.0000 0.0000 0.0000
# 1 texture coords

o C_rculo_001
g C_rculo_001
usemtl Goddard_None
s off
f 1/1/1 2/1/1 3/1/1 
f 3/1/1 4/1/1 1/1/1 
f 4/1/2 3/1/2 5/1/2 
f 5/1/2 6/1/2 4/1/2 
f 4/1/3 7/1/3 8/1/3 
f 8/1/3 1/1/3 4/1/3 
f 9/1/4 7/1/4 4/1/4 
f 4/1/4 6/1/4 9/1/4 
f 10/1/5 11/1/5 12/1/5 
f 12/1/5 2/1/5 10/1/5 
f 13/1/6 3/1/6 2/1/6 
f 2/1/6 12/1/6 13/1/6 
f 13/1/7 14/1/7 5/1/7 
f 5/1/7 3/1/7 13/1/7 
f 5/1/8 14/1/8 15/1/8 
f 15/1/9 16/1/9 5/1/9 
f 17/1/10 6/1/10 5/1/10 
f 5/1/10 16/1/10 17/1/10 
f 17/1/11 18/1/11 9/1/11 
f 9/1/12 6/1/12 17/1/12 
f 19/1/13 9/1/13 18/1/13 
f 18/1/14 20/1/14 19/1/14 
f 9/1/15 19/1/15 21/1/15 
f 21/1/15 7/1/15 9/1/15 
f 7/1/16 21/1/16 22/1/16 
f 22/1/16 8/1/16 7/1/16 
f 22/1/17 23/1/17 24/1/17 
f 24/1/18 8/1/18 22/1/18 
f 1/1/19 8/1/19 24/1/19 
f 24/1/20 25/1/20 1/1/20 
f 10/1/21 2/1/21 1/1/21 
f 1/1/21 25/1/21 10/1/21 
f 26/1/22 27/1/22 28/1/22 
f 28/1/22 29/1/22 26/1/22 
f 30/1/23 31/1/23 27/1/23 
f 27/1/23 26/1/23 30/1/23 
f 27/1/24 32/1/24 33/1/24 
f 33/1/25 28/1/25 27/1/25 
f 27/1/26 31/1/26 34/1/26 
f 34/1/26 32/1/26 27/1/26 
f 35/1/27 29/1/27 36/1/27 
f 36/1/28 37/1/28 35/1/28 
f 26/1/29 29/1/29 35/1/29 
f 35/1/29 38/1/29 26/1/29 
f 39/1/30 30/1/30 26/1/30 
f 26/1/30 38/1/30 39/1/30 
f 30/1/31 39/1/31 40/1/31 
f 40/1/32 41/1/32 30/1/32 
f 42/1/33 31/1/33 30/1/33 
f 30/1/33 41/1/33 42/1/33 
f 43/1/34 34/1/34 31/1/34 
f 31/1/35 42/1/35 43/1/35 
f 44/1/36 34/1/36 43/1/36 
f 43/1/36 45/1/36 44/1/36 
f 44/1/37 46/1/37 32/1/37 
f 32/1/37 34/1/37 44/1/37 
f 32/1/38 46/1/38 47/1/38 
f 47/1/38 33/1/38 32/1/38 
f 48/1/39 33/1/39 47/1/39 
f 47/1/40 49/1/40 48/1/40 
f 28/1/41 33/1/41 48/1/41 
f 48/1/41 50/1/41 28/1/41 
f 29/1/42 28/1/42 50/1/42 
f 50/1/42 36/1/42 29/1/42 
f 51/1/43 52/1/43 53/1/43 
f 53/1/44 54/1/44 51/1/44 
f 55/1/45 56/1/46 52/1/45 
f 52/1/46 51/1/46 55/1/46 
f 52/1/47 57/1/47 58/1/47 
f 58/1/47 53/1/47 52/1/47 
f 52/1/48 56/1/48 59/1/48 
f 59/1/49 57/1/49 52/1/49 
f 54/1/50 60/1/50 61/1/50 
f 61/1/50 62/1/50 54/1/50 
f 62/1/51 63/1/51 51/1/51 
f 51/1/51 54/1/51 62/1/51 
f 55/1/52 51/1/52 63/1/52 
f 63/1/53 64/1/53 55/1/53 
f 64/1/54 65/1/54 66/1/54 
f 66/1/54 55/1/54 64/1/54 
f 67/1/55 56/1/55 55/1/55 
f 55/1/55 66/1/55 67/1/55 
f 68/1/56 59/1/56 56/1/56 
f 56/1/56 67/1/56 68/1/56 
f 39/1/57 59/1/57 68/1/57 
f 68/1/58 40/1/58 39/1/58 
f 38/1/59 57/1/59 59/1/59 
f 59/1/60 39/1/60 38/1/60 
f 38/1/61 35/1/61 58/1/61 
f 58/1/61 57/1/61 38/1/61 
f 35/1/62 37/1/62 69/1/62 
f 69/1/63 58/1/63 35/1/63 
f 53/1/64 58/1/64 69/1/64 
f 69/1/64 70/1/64 53/1/64 
f 54/1/65 53/1/65 70/1/65 
f 70/1/66 60/1/66 54/1/66 
f 71/1/67 72/1/67 73/1/67 
f 73/1/68 74/1/68 71/1/68 
f 75/1/69 76/1/69 72/1/69 
f 72/1/69 71/1/69 75/1/69 
f 72/1/70 77/1/70 78/1/70 
f 78/1/70 73/1/70 72/1/70 
f 72/1/71 76/1/71 79/1/71 
f 79/1/71 77/1/71 72/1/71 
f 80/1/72 81/1/72 82/1/72 
f 82/1/72 74/1/72 80/1/72 
f 71/1/73 74/1/73 82/1/73 
f 82/1/73 83/1/73 71/1/73 
f 75/1/74 71/1/74 83/1/74 
f 83/1/74 84/1/74 75/1/74 
f 84/1/75 85/1/75 86/1/75 
f 86/1/76 75/1/76 84/1/76 
f 87/1/77 76/1/77 75/1/77 
f 75/1/77 86/1/77 87/1/77 
f 88/1/78 79/1/78 76/1/78 
f 76/1/78 87/1/78 88/1/78 
f 65/1/79 64/1/79 79/1/79 
f 79/1/80 88/1/80 65/1/80 
f 63/1/81 77/1/81 79/1/81 
f 79/1/82 64/1/82 63/1/82 
f 63/1/83 62/1/83 78/1/83 
f 78/1/83 77/1/83 63/1/83 
f 62/1/84 61/1/84 89/1/84 
f 89/1/84 78/1/84 62/1/84 
f 78/1/85 89/1/85 90/1/85 
f 90/1/85 73/1/85 78/1/85 
f 74/1/86 73/1/86 90/1/86 
f 90/1/86 80/1/86 74/1/86 
f 91/1/87 92/1/87 93/1/87 
f 93/1/87 94/1/87 91/1/87 
f 95/1/88 96/1/88 92/1/88 
f 92/1/89 91/1/89 95/1/89 
f 92/1/90 97/1/90 98/1/90 
f 98/1/91 93/1/91 92/1/91 
f 92/1/92 96/1/92 99/1/92 
f 99/1/92 97/1/92 92/1/92 
f 94/1/93 100/1/93 101/1/93 
f 101/1/94 102/1/94 94/1/94 
f 94/1/95 102/1/95 103/1/95 
f 103/1/95 91/1/95 94/1/95 
f 103/1/96 104/1/96 95/1/96 
f 95/1/97 91/1/97 103/1/97 
f 105/1/98 95/1/98 104/1/98 
f 104/1/98 106/1/98 105/1/98 
f 96/1/99 95/1/99 105/1/99 
f 105/1/99 107/1/99 96/1/99 
f 108/1/100 99/1/100 96/1/100 
f 96/1/100 107/1/100 108/1/100 
f 85/1/101 84/1/101 99/1/101 
f 99/1/101 108/1/101 85/1/101 
f 83/1/102 97/1/102 99/1/102 
f 99/1/102 84/1/102 83/1/102 
f 83/1/103 82/1/103 98/1/103 
f 98/1/104 97/1/104 83/1/104 
f 82/1/105 81/1/105 109/1/105 
f 109/1/105 98/1/105 82/1/105 
f 98/1/106 109/1/106 110/1/106 
f 110/1/106 93/1/106 98/1/106 
f 100/1/107 94/1/107 93/1/107 
f 93/1/108 110/1/108 100/1/108 
f 111/1/109 112/1/109 113/1/109 
f 113/1/109 114/1/109 111/1/109 
f 115/1/110 116/1/110 112/1/110 
f 112/1/110 111/1/110 115/1/110 
f 112/1/111 117/1/111 118/1/111 
f 118/1/111 113/1/111 112/1/111 
f 112/1/112 116/1/112 119/1/112 
f 119/1/112 117/1/112 112/1/112 
f 114/1/113 120/1/113 121/1/113 
f 121/1/114 122/1/114 114/1/114 
f 114/1/115 122/1/115 123/1/115 
f 123/1/115 111/1/115 114/1/115 
f 115/1/116 111/1/116 123/1/116 
f 123/1/116 124/1/116 115/1/116 
f 124/1/117 125/1/117 126/1/117 
f 126/1/117 115/1/117 124/1/117 
f 116/1/118 115/1/118 126/1/118 
f 126/1/118 127/1/118 116/1/118 
f 128/1/119 119/1/119 116/1/119 
f 116/1/119 127/1/119 128/1/119 
f 104/1/120 119/1/120 128/1/120 
f 128/1/120 106/1/120 104/1/120 
f 117/1/121 119/1/121 104/1/121 
f 104/1/121 103/1/121 117/1/121 
f 103/1/122 102/1/122 118/1/122 
f 118/1/122 117/1/122 103/1/122 
f 102/1/123 101/1/123 129/1/123 
f 129/1/124 118/1/124 102/1/124 
f 118/1/125 129/1/125 130/1/125 
f 130/1/125 113/1/125 118/1/125 
f 120/1/126 114/1/126 113/1/126 
f 113/1/127 130/1/127 120/1/127 
f 131/1/128 132/1/128 133/1/128 
f 133/1/128 134/1/128 131/1/128 
f 135/1/129 136/1/129 132/1/129 
f 132/1/129 131/1/129 135/1/129 
f 132/1/130 137/1/130 138/1/130 
f 138/1/130 133/1/130 132/1/130 
f 132/1/131 136/1/131 139/1/131 
f 139/1/131 137/1/131 132/1/131 
f 134/1/132 140/1/132 141/1/132 
f 141/1/132 142/1/132 134/1/132 
f 134/1/133 142/1/133 143/1/133 
f 143/1/133 131/1/133 134/1/133 
f 135/1/134 131/1/134 143/1/134 
f 143/1/134 144/1/134 135/1/134 
f 144/1/135 145/1/135 146/1/135 
f 146/1/136 135/1/136 144/1/136 
f 136/1/137 135/1/137 146/1/137 
f 146/1/137 147/1/137 136/1/137 
f 148/1/138 139/1/138 136/1/138 
f 136/1/138 147/1/138 148/1/138 
f 124/1/139 139/1/139 148/1/139 
f 148/1/139 125/1/139 124/1/139 
f 123/1/140 137/1/140 139/1/140 
f 139/1/140 124/1/140 123/1/140 
f 123/1/141 122/1/141 138/1/141 
f 138/1/141 137/1/141 123/1/141 
f 122/1/142 121/1/142 149/1/142 
f 149/1/142 138/1/142 122/1/142 
f 138/1/143 149/1/143 150/1/143 
f 150/1/143 133/1/143 138/1/143 
f 140/1/144 134/1/144 133/1/144 
f 133/1/144 150/1/144 140/1/144 
f 151/1/145 152/1/145 153/1/145 
f 153/1/146 154/1/146 151/1/146 
f 155/1/147 156/1/147 152/1/147 
f 152/1/147 151/1/147 155/1/147 
f 152/1/148 157/1/148 158/1/148 
f 158/1/149 153/1/149 152/1/149 
f 152/1/150 156/1/150 159/1/150 
f 159/1/150 157/1/151 152/1/150 
f 154/1/152 160/1/152 161/1/152 
f 161/1/152 162/1/152 154/1/152 
f 154/1/153 162/1/153 163/1/153 
f 163/1/153 151/1/153 154/1/153 
f 155/1/154 151/1/154 163/1/154 
f 163/1/155 164/1/155 155/1/155 
f 164/1/156 165/1/156 166/1/156 
f 166/1/157 155/1/157 164/1/157 
f 156/1/158 155/1/158 166/1/158 
f 166/1/158 167/1/158 156/1/158 
f 168/1/159 159/1/159 156/1/159 
f 156/1/160 167/1/160 168/1/160 
f 144/1/161 159/1/161 168/1/161 
f 168/1/161 145/1/161 144/1/161 
f 143/1/162 157/1/162 159/1/162 
f 159/1/162 144/1/162 143/1/162 
f 143/1/163 142/1/163 158/1/163 
f 158/1/164 157/1/164 143/1/164 
f 142/1/165 141/1/165 169/1/165 
f 169/1/166 158/1/166 142/1/166 
f 158/1/167 169/1/167 170/1/167 
f 170/1/168 153/1/168 158/1/168 
f 160/1/169 154/1/169 153/1/169 
f 153/1/170 170/1/170 160/1/170 
f 171/1/171 172/1/171 173/1/171 
f 173/1/171 174/1/171 171/1/171 
f 175/1/172 176/1/172 172/1/172 
f 172/1/172 171/1/172 175/1/172 
f 172/1/173 177/1/173 178/1/173 
f 178/1/173 173/1/173 172/1/173 
f 172/1/174 176/1/174 179/1/174 
f 179/1/174 177/1/174 172/1/174 
f 174/1/175 180/1/175 181/1/175 
f 181/1/176 182/1/176 174/1/176 
f 174/1/177 182/1/177 183/1/177 
f 183/1/177 171/1/177 174/1/177 
f 175/1/178 171/1/178 183/1/178 
f 183/1/178 184/1/178 175/1/178 
f 185/1/179 175/1/179 184/1/179 
f 184/1/179 186/1/179 185/1/179 
f 176/1/180 175/1/180 185/1/180 
f 185/1/180 187/1/180 176/1/180 
f 188/1/181 179/1/181 176/1/181 
f 176/1/181 187/1/181 188/1/181 
f 164/1/182 179/1/182 188/1/182 
f 188/1/182 165/1/182 164/1/182 
f 163/1/183 177/1/183 179/1/183 
f 179/1/183 164/1/183 163/1/183 
f 163/1/184 162/1/184 178/1/184 
f 178/1/184 177/1/184 163/1/184 
f 162/1/185 161/1/185 189/1/185 
f 189/1/186 178/1/186 162/1/186 
f 178/1/187 189/1/187 190/1/187 
f 190/1/187 173/1/187 178/1/187 
f 180/1/188 174/1/188 173/1/188 
f 173/1/188 190/1/188 180/1/188 
f 191/1/189 192/1/189 193/1/189 
f 193/1/190 194/1/190 191/1/190 
f 195/1/191 196/1/191 192/1/191 
f 192/1/191 191/1/191 195/1/191 
f 192/1/192 197/1/192 198/1/192 
f 198/1/192 193/1/192 192/1/192 
f 192/1/193 196/1/193 199/1/193 
f 199/1/193 197/1/193 192/1/193 
f 194/1/194 200/1/194 201/1/194 
f 201/1/194 202/1/194 194/1/194 
f 194/1/195 202/1/195 203/1/195 
f 203/1/195 191/1/195 194/1/195 
f 195/1/196 191/1/196 203/1/196 
f 203/1/196 204/1/196 195/1/196 
f 205/1/197 195/1/197 204/1/197 
f 204/1/197 206/1/197 205/1/197 
f 196/1/198 195/1/198 205/1/198 
f 205/1/198 207/1/198 196/1/198 
f 208/1/199 199/1/199 196/1/199 
f 196/1/199 207/1/199 208/1/199 
f 186/1/200 184/1/200 199/1/200 
f 199/1/200 208/1/200 186/1/200 
f 183/1/201 197/1/201 199/1/201 
f 199/1/202 184/1/202 183/1/202 
f 183/1/203 182/1/203 198/1/203 
f 198/1/203 197/1/203 183/1/203 
f 182/1/204 181/1/204 209/1/204 
f 209/1/204 198/1/204 182/1/204 
f 198/1/205 209/1/205 210/1/205 
f 210/1/205 193/1/205 198/1/205 
f 200/1/206 194/1/206 193/1/206 
f 193/1/206 210/1/206 200/1/206 
f 211/1/207 212/1/207 213/1/207 
f 213/1/207 214/1/207 211/1/207 
f 215/1/208 216/1/208 212/1/208 
f 212/1/208 211/1/208 215/1/208 
f 212/1/209 217/1/209 218/1/209 
f 218/1/209 213/1/209 212/1/209 
f 212/1/210 216/1/210 219/1/210 
f 219/1/210 217/1/210 212/1/210 
f 214/1/211 220/1/211 221/1/211 
f 221/1/212 222/1/212 214/1/212 
f 214/1/213 222/1/213 223/1/213 
f 223/1/214 211/1/214 214/1/214 
f 215/1/215 211/1/215 223/1/215 
f 223/1/216 224/1/216 215/1/216 
f 225/1/217 215/1/217 224/1/217 
f 224/1/217 226/1/217 225/1/217 
f 216/1/218 215/1/218 225/1/218 
f 225/1/218 227/1/218 216/1/218 
f 228/1/219 219/1/219 216/1/219 
f 216/1/220 227/1/220 228/1/220 
f 206/1/221 204/1/221 219/1/221 
f 219/1/221 228/1/221 206/1/221 
f 203/1/222 217/1/222 219/1/222 
f 219/1/223 204/1/223 203/1/223 
f 203/1/224 202/1/224 218/1/224 
f 218/1/224 217/1/224 203/1/224 
f 202/1/225 201/1/225 229/1/225 
f 229/1/225 218/1/225 202/1/225 
f 218/1/226 229/1/226 230/1/226 
f 230/1/226 213/1/226 218/1/226 
f 220/1/227 214/1/227 213/1/227 
f 213/1/227 230/1/227 220/1/227 
f 231/1/228 232/1/228 233/1/228 
f 233/1/228 234/1/228 231/1/228 
f 235/1/229 236/1/229 232/1/229 
f 232/1/229 231/1/229 235/1/229 
f 232/1/230 237/1/230 238/1/230 
f 238/1/231 233/1/231 232/1/231 
f 232/1/232 236/1/232 239/1/232 
f 239/1/232 237/1/232 232/1/232 
f 234/1/233 240/1/233 241/1/233 
f 241/1/233 242/1/233 234/1/233 
f 234/1/234 242/1/234 243/1/234 
f 243/1/234 231/1/234 234/1/234 
f 235/1/235 231/1/235 243/1/235 
f 243/1/235 244/1/235 235/1/235 
f 245/1/236 235/1/236 244/1/236 
f 244/1/236 246/1/236 245/1/236 
f 236/1/237 235/1/237 245/1/237 
f 245/1/237 247/1/237 236/1/237 
f 248/1/238 239/1/238 236/1/238 
f 236/1/238 247/1/238 248/1/238 
f 226/1/239 224/1/239 239/1/239 
f 239/1/240 248/1/240 226/1/240 
f 223/1/241 237/1/241 239/1/241 
f 239/1/241 224/1/241 223/1/241 
f 223/1/242 222/1/242 238/1/242 
f 238/1/242 237/1/242 223/1/242 
f 222/1/243 221/1/243 249/1/243 
f 249/1/243 238/1/243 222/1/243 
f 238/1/244 249/1/244 250/1/244 
f 250/1/244 233/1/244 238/1/244 
f 240/1/245 234/1/245 233/1/245 
f 233/1/245 250/1/245 240/1/245 
f 251/1/246 252/1/246 253/1/246 
f 253/1/246 254/1/246 251/1/246 
f 255/1/247 256/1/247 252/1/247 
f 252/1/247 251/1/247 255/1/247 
f 252/1/248 257/1/248 258/1/248 
f 258/1/248 253/1/248 252/1/248 
f 252/1/249 256/1/249 259/1/249 
f 259/1/249 257/1/249 252/1/249 
f 254/1/250 260/1/250 261/1/250 
f 261/1/250 262/1/250 254/1/250 
f 254/1/251 262/1/251 263/1/251 
f 263/1/251 251/1/251 254/1/251 
f 255/1/252 251/1/252 263/1/252 
f 263/1/252 264/1/252 255/1/252 
f 265/1/253 255/1/253 264/1/253 
f 264/1/253 266/1/253 265/1/253 
f 256/1/254 255/1/254 265/1/254 
f 265/1/254 267/1/254 256/1/254 
f 268/1/255 259/1/255 256/1/255 
f 256/1/255 267/1/255 268/1/255 
f 246/1/256 244/1/256 259/1/256 
f 259/1/256 268/1/256 246/1/256 
f 243/1/257 257/1/257 259/1/257 
f 259/1/258 244/1/258 243/1/258 
f 243/1/259 242/1/259 258/1/259 
f 258/1/259 257/1/259 243/1/259 
f 242/1/260 241/1/260 269/1/260 
f 269/1/260 258/1/260 242/1/260 
f 258/1/261 269/1/261 270/1/261 
f 270/1/262 253/1/262 258/1/262 
f 260/1/263 254/1/263 253/1/263 
f 253/1/263 270/1/263 260/1/263 
f 271/1/264 272/1/264 273/1/264 
f 273/1/264 274/1/264 271/1/264 
f 275/1/265 276/1/265 272/1/265 
f 272/1/265 271/1/265 275/1/265 
f 272/1/266 277/1/266 278/1/266 
f 278/1/267 273/1/267 272/1/267 
f 272/1/268 276/1/268 279/1/268 
f 279/1/268 277/1/268 272/1/268 
f 274/1/269 280/1/269 281/1/269 
f 281/1/269 282/1/269 274/1/269 
f 274/1/270 282/1/270 283/1/270 
f 283/1/271 271/1/271 274/1/271 
f 275/1/272 271/1/272 283/1/272 
f 283/1/273 284/1/273 275/1/273 
f 285/1/274 275/1/274 284/1/274 
f 284/1/275 286/1/275 285/1/275 
f 276/1/276 275/1/276 285/1/276 
f 285/1/277 287/1/277 276/1/277 
f 288/1/278 279/1/278 276/1/278 
f 276/1/278 287/1/278 288/1/278 
f 266/1/279 264/1/279 279/1/279 
f 279/1/279 288/1/279 266/1/279 
f 263/1/280 277/1/280 279/1/280 
f 279/1/281 264/1/281 263/1/281 
f 263/1/282 262/1/282 278/1/282 
f 278/1/282 277/1/282 263/1/282 
f 262/1/283 261/1/283 289/1/283 
f 289/1/283 278/1/283 262/1/283 
f 278/1/284 289/1/284 290/1/284 
f 290/1/285 273/1/285 278/1/285 
f 280/1/286 274/1/286 273/1/286 
f 273/1/286 290/1/286 280/1/286 
f 291/1/287 292/1/287 293/1/287 
f 293/1/288 294/1/288 291/1/288 
f 295/1/289 296/1/289 292/1/289 
f 292/1/290 291/1/290 295/1/290 
f 292/1/291 297/1/291 298/1/291 
f 298/1/292 293/1/292 292/1/292 
f 292/1/293 296/1/293 299/1/293 
f 299/1/293 297/1/293 292/1/293 
f 294/1/294 300/1/294 301/1/294 
f 301/1/294 302/1/294 294/1/294 
f 294/1/295 302/1/295 303/1/295 
f 303/1/295 291/1/295 294/1/295 
f 295/1/296 291/1/296 303/1/296 
f 303/1/297 304/1/297 295/1/297 
f 305/1/298 295/1/298 304/1/298 
f 304/1/298 306/1/298 305/1/298 
f 296/1/299 295/1/299 305/1/299 
f 305/1/300 307/1/300 296/1/300 
f 308/1/301 299/1/301 296/1/301 
f 296/1/302 307/1/302 308/1/302 
f 286/1/303 284/1/303 299/1/303 
f 299/1/304 308/1/304 286/1/304 
f 283/1/305 297/1/305 299/1/305 
f 299/1/305 284/1/305 283/1/305 
f 283/1/306 282/1/306 298/1/306 
f 298/1/306 297/1/306 283/1/306 
f 282/1/307 281/1/307 309/1/307 
f 309/1/307 298/1/307 282/1/307 
f 298/1/308 309/1/308 310/1/308 
f 310/1/308 293/1/308 298/1/308 
f 300/1/309 294/1/309 293/1/309 
f 293/1/309 310/1/309 300/1/309 
f 311/1/310 312/1/310 313/1/310 
f 313/1/310 314/1/310 311/1/310 
f 315/1/311 316/1/311 312/1/311 
f 312/1/312 311/1/312 315/1/312 
f 312/1/313 317/1/313 318/1/313 
f 318/1/313 313/1/313 312/1/313 
f 312/1/314 316/1/314 319/1/314 
f 319/1/314 317/1/314 312/1/314 
f 314/1/315 320/1/315 321/1/315 
f 321/1/315 322/1/315 314/1/315 
f 314/1/316 322/1/316 323/1/316 
f 323/1/316 311/1/316 314/1/316 
f 315/1/317 311/1/317 323/1/317 
f 323/1/317 324/1/317 315/1/317 
f 325/1/318 315/1/318 324/1/318 
f 324/1/318 326/1/318 325/1/318 
f 316/1/319 315/1/319 325/1/319 
f 325/1/319 327/1/319 316/1/319 
f 328/1/320 319/1/320 316/1/320 
f 316/1/320 327/1/320 328/1/320 
f 306/1/321 304/1/321 319/1/321 
f 319/1/321 328/1/321 306/1/321 
f 303/1/322 317/1/322 319/1/322 
f 319/1/322 304/1/322 303/1/322 
f 303/1/323 302/1/323 318/1/323 
f 318/1/323 317/1/323 303/1/323 
f 302/1/324 301/1/324 329/1/324 
f 329/1/324 318/1/324 302/1/324 
f 318/1/325 329/1/325 330/1/325 
f 330/1/325 313/1/325 318/1/325 
f 320/1/326 314/1/326 313/1/326 
f 313/1/326 330/1/326 320/1/326 
f 331/1/327 332/1/327 333/1/327 
f 333/1/327 334/1/327 331/1/327 
f 335/1/328 336/1/328 332/1/328 
f 332/1/329 331/1/329 335/1/329 
f 332/1/330 337/1/330 338/1/330 
f 338/1/330 333/1/330 332/1/330 
f 332/1/331 336/1/331 339/1/331 
f 339/1/331 337/1/331 332/1/331 
f 334/1/332 340/1/332 341/1/332 
f 341/1/333 342/1/333 334/1/333 
f 334/1/334 342/1/334 343/1/334 
f 343/1/335 331/1/335 334/1/335 
f 335/1/336 331/1/336 343/1/336 
f 343/1/336 344/1/336 335/1/336 
f 345/1/337 335/1/337 344/1/337 
f 344/1/338 346/1/338 345/1/338 
f 336/1/339 335/1/339 345/1/339 
f 345/1/339 347/1/339 336/1/339 
f 348/1/340 339/1/340 336/1/340 
f 336/1/341 347/1/341 348/1/341 
f 326/1/342 324/1/342 339/1/342 
f 339/1/343 348/1/343 326/1/343 
f 323/1/344 337/1/344 339/1/344 
f 339/1/344 324/1/344 323/1/344 
f 323/1/345 322/1/345 338/1/345 
f 338/1/345 337/1/345 323/1/345 
f 322/1/346 321/1/346 349/1/346 
f 349/1/346 338/1/346 322/1/346 
f 338/1/347 349/1/347 350/1/347 
f 350/1/347 333/1/347 338/1/347 
f 340/1/348 334/1/348 333/1/348 
f 333/1/348 350/1/348 340/1/348 
f 351/1/23 352/1/23 353/1/23 
f 353/1/23 354/1/23 351/1/23 
f 355/1/349 356/1/349 352/1/349 
f 352/1/349 351/1/349 355/1/349 
f 352/1/26 357/1/26 358/1/26 
f 358/1/26 353/1/26 352/1/26 
f 352/1/25 356/1/25 359/1/25 
f 359/1/25 357/1/25 352/1/25 
f 354/1/350 360/1/350 361/1/350 
f 361/1/350 362/1/350 354/1/350 
f 354/1/30 362/1/30 363/1/30 
f 363/1/30 351/1/30 354/1/30 
f 355/1/29 351/1/29 363/1/29 
f 363/1/29 364/1/29 355/1/29 
f 365/1/27 355/1/27 364/1/27 
f 364/1/27 366/1/27 365/1/27 
f 356/1/351 355/1/351 365/1/351 
f 365/1/42 367/1/42 356/1/42 
f 368/1/352 359/1/352 356/1/352 
f 356/1/41 367/1/41 368/1/41 
f 346/1/39 344/1/39 359/1/39 
f 359/1/40 368/1/40 346/1/40 
f 343/1/38 357/1/38 359/1/38 
f 359/1/38 344/1/38 343/1/38 
f 343/1/353 342/1/353 358/1/353 
f 358/1/37 357/1/37 343/1/37 
f 342/1/36 341/1/36 369/1/36 
f 369/1/354 358/1/354 342/1/354 
f 358/1/355 369/1/355 370/1/355 
f 370/1/35 353/1/35 358/1/35 
f 360/1/33 354/1/33 353/1/33 
f 353/1/33 370/1/33 360/1/33 
f 371/1/45 372/1/45 373/1/45 
f 373/1/45 374/1/45 371/1/45 
f 375/1/44 376/1/44 372/1/44 
f 372/1/44 371/1/44 375/1/44 
f 372/1/356 377/1/356 378/1/356 
f 378/1/356 373/1/356 372/1/356 
f 372/1/47 376/1/47 379/1/47 
f 379/1/47 377/1/47 372/1/47 
f 374/1/357 380/1/357 381/1/357 
f 381/1/54 382/1/54 374/1/54 
f 374/1/358 382/1/358 383/1/358 
f 383/1/359 371/1/359 374/1/359 
f 375/1/360 371/1/360 383/1/360 
f 383/1/360 384/1/360 375/1/360 
f 385/1/50 375/1/50 384/1/50 
f 384/1/50 386/1/50 385/1/50 
f 376/1/66 375/1/66 385/1/66 
f 385/1/66 387/1/66 376/1/66 
f 388/1/64 379/1/64 376/1/64 
f 376/1/64 387/1/64 388/1/64 
f 366/1/62 364/1/62 379/1/62 
f 379/1/62 388/1/62 366/1/62 
f 363/1/361 377/1/361 379/1/361 
f 379/1/61 364/1/61 363/1/61 
f 363/1/60 362/1/60 378/1/60 
f 378/1/362 377/1/362 363/1/362 
f 362/1/57 361/1/57 389/1/57 
f 389/1/57 378/1/57 362/1/57 
f 378/1/56 389/1/56 390/1/56 
f 390/1/56 373/1/56 378/1/56 
f 380/1/55 374/1/55 373/1/55 
f 373/1/55 390/1/55 380/1/55 
f 391/1/69 392/1/69 393/1/69 
f 393/1/69 394/1/69 391/1/69 
f 395/1/363 396/1/363 392/1/363 
f 392/1/363 391/1/363 395/1/363 
f 392/1/364 397/1/364 398/1/364 
f 398/1/364 393/1/364 392/1/364 
f 392/1/365 396/1/365 399/1/365 
f 399/1/365 397/1/365 392/1/365 
f 394/1/76 400/1/76 401/1/76 
f 401/1/76 402/1/76 394/1/76 
f 394/1/74 402/1/74 403/1/74 
f 403/1/74 391/1/74 394/1/74 
f 395/1/73 391/1/73 403/1/73 
f 403/1/73 404/1/73 395/1/73 
f 405/1/72 395/1/72 404/1/72 
f 404/1/72 406/1/72 405/1/72 
f 396/1/86 395/1/86 405/1/86 
f 405/1/86 407/1/86 396/1/86 
f 408/1/85 399/1/85 396/1/85 
f 396/1/85 407/1/85 408/1/85 
f 386/1/84 384/1/84 399/1/84 
f 399/1/84 408/1/84 386/1/84 
f 383/1/83 397/1/83 399/1/83 
f 399/1/83 384/1/83 383/1/83 
f 383/1/366 382/1/366 398/1/366 
f 398/1/366 397/1/366 383/1/366 
f 382/1/367 381/1/367 409/1/367 
f 409/1/367 398/1/367 382/1/367 
f 398/1/78 409/1/78 410/1/78 
f 410/1/78 393/1/78 398/1/78 
f 400/1/368 394/1/368 393/1/368 
f 393/1/77 410/1/77 400/1/77 
f 411/1/88 412/1/88 413/1/88 
f 413/1/88 414/1/88 411/1/88 
f 415/1/369 416/1/369 412/1/369 
f 412/1/87 411/1/87 415/1/87 
f 412/1/92 417/1/92 418/1/92 
f 418/1/92 413/1/92 412/1/92 
f 412/1/370 416/1/370 419/1/370 
f 419/1/91 417/1/91 412/1/91 
f 414/1/98 420/1/98 421/1/98 
f 421/1/98 422/1/98 414/1/98 
f 414/1/371 422/1/371 423/1/371 
f 423/1/97 411/1/97 414/1/97 
f 415/1/372 411/1/372 423/1/372 
f 423/1/95 424/1/95 415/1/95 
f 425/1/373 415/1/373 424/1/373 
f 424/1/94 426/1/94 425/1/94 
f 416/1/374 415/1/374 425/1/374 
f 425/1/375 427/1/375 416/1/375 
f 428/1/376 419/1/376 416/1/376 
f 416/1/377 427/1/377 428/1/377 
f 406/1/105 404/1/105 419/1/105 
f 419/1/105 428/1/105 406/1/105 
f 403/1/103 417/1/103 419/1/103 
f 419/1/103 404/1/103 403/1/103 
f 403/1/378 402/1/378 418/1/378 
f 418/1/378 417/1/378 403/1/378 
f 402/1/101 401/1/101 429/1/101 
f 429/1/101 418/1/101 402/1/101 
f 418/1/379 429/1/379 430/1/379 
f 430/1/100 413/1/100 418/1/100 
f 420/1/380 414/1/380 413/1/380 
f 413/1/99 430/1/99 420/1/99 
f 431/1/381 432/1/381 433/1/381 
f 433/1/382 434/1/382 431/1/382 
f 435/1/109 436/1/109 432/1/109 
f 432/1/383 431/1/383 435/1/383 
f 432/1/112 437/1/112 438/1/112 
f 438/1/112 433/1/112 432/1/112 
f 432/1/111 436/1/111 439/1/111 
f 439/1/111 437/1/111 432/1/111 
f 434/1/117 440/1/117 441/1/117 
f 441/1/117 442/1/117 434/1/117 
f 434/1/116 442/1/116 443/1/116 
f 443/1/116 431/1/116 434/1/116 
f 435/1/384 431/1/384 443/1/384 
f 443/1/115 444/1/115 435/1/115 
f 445/1/114 435/1/114 444/1/114 
f 444/1/114 446/1/114 445/1/114 
f 436/1/127 435/1/127 445/1/127 
f 445/1/127 447/1/127 436/1/127 
f 448/1/125 439/1/125 436/1/125 
f 436/1/125 447/1/125 448/1/125 
f 426/1/123 424/1/123 439/1/123 
f 439/1/123 448/1/123 426/1/123 
f 423/1/122 437/1/122 439/1/122 
f 439/1/122 424/1/122 423/1/122 
f 423/1/385 422/1/385 438/1/385 
f 438/1/121 437/1/121 423/1/121 
f 422/1/386 421/1/386 449/1/386 
f 449/1/386 438/1/386 422/1/386 
f 438/1/119 449/1/119 450/1/119 
f 450/1/119 433/1/119 438/1/119 
f 440/1/387 434/1/387 433/1/387 
f 433/1/387 450/1/387 440/1/387 
f 451/1/129 452/1/129 453/1/129 
f 453/1/129 454/1/129 451/1/129 
f 455/1/388 456/1/388 452/1/388 
f 452/1/128 451/1/128 455/1/128 
f 452/1/389 457/1/389 458/1/389 
f 458/1/131 453/1/131 452/1/131 
f 452/1/130 456/1/130 459/1/130 
f 459/1/130 457/1/130 452/1/130 
f 454/1/136 460/1/136 461/1/136 
f 461/1/136 462/1/136 454/1/136 
f 454/1/134 462/1/134 463/1/134 
f 463/1/134 451/1/134 454/1/134 
f 455/1/133 451/1/133 463/1/133 
f 463/1/133 464/1/133 455/1/133 
f 465/1/132 455/1/132 464/1/132 
f 464/1/132 466/1/132 465/1/132 
f 456/1/144 455/1/144 465/1/144 
f 465/1/144 467/1/144 456/1/144 
f 468/1/390 459/1/390 456/1/390 
f 456/1/143 467/1/143 468/1/143 
f 446/1/391 444/1/391 459/1/391 
f 459/1/391 468/1/391 446/1/391 
f 443/1/141 457/1/141 459/1/141 
f 459/1/392 444/1/392 443/1/392 
f 443/1/140 442/1/140 458/1/140 
f 458/1/140 457/1/140 443/1/140 
f 442/1/139 441/1/139 469/1/139 
f 469/1/139 458/1/139 442/1/139 
f 458/1/393 469/1/393 470/1/393 
f 470/1/394 453/1/394 458/1/394 
f 460/1/137 454/1/137 453/1/137 
f 453/1/137 470/1/137 460/1/137 
f 471/1/395 472/1/395 473/1/395 
f 473/1/147 474/1/147 471/1/147 
f 475/1/146 476/1/146 472/1/146 
f 472/1/146 471/1/146 475/1/146 
f 472/1/150 477/1/150 478/1/150 
f 478/1/150 473/1/150 472/1/150 
f 472/1/148 476/1/148 479/1/148 
f 479/1/396 477/1/396 472/1/396 
f 474/1/156 480/1/156 481/1/156 
f 481/1/156 482/1/156 474/1/156 
f 474/1/154 482/1/154 483/1/154 
f 483/1/154 471/1/154 474/1/154 
f 475/1/153 471/1/153 483/1/153 
f 483/1/153 484/1/153 475/1/153 
f 485/1/397 475/1/397 484/1/397 
f 484/1/152 486/1/152 485/1/152 
f 476/1/398 475/1/398 485/1/398 
f 485/1/398 487/1/398 476/1/398 
f 488/1/167 479/1/167 476/1/167 
f 476/1/167 487/1/167 488/1/167 
f 466/1/165 464/1/165 479/1/165 
f 479/1/165 488/1/165 466/1/165 
f 463/1/399 477/1/399 479/1/399 
f 479/1/400 464/1/400 463/1/400 
f 463/1/401 462/1/401 478/1/401 
f 478/1/162 477/1/162 463/1/162 
f 462/1/402 461/1/402 489/1/402 
f 489/1/402 478/1/402 462/1/402 
f 478/1/403 489/1/403 490/1/403 
f 490/1/403 473/1/403 478/1/403 
f 480/1/158 474/1/158 473/1/158 
f 473/1/158 490/1/158 480/1/158 
f 491/1/172 492/1/172 493/1/172 
f 493/1/404 494/1/404 491/1/404 
f 495/1/171 496/1/171 492/1/171 
f 492/1/171 491/1/171 495/1/171 
f 492/1/174 497/1/174 498/1/174 
f 498/1/174 493/1/174 492/1/174 
f 492/1/173 496/1/173 499/1/173 
f 499/1/173 497/1/173 492/1/173 
f 494/1/179 500/1/179 501/1/179 
f 501/1/179 502/1/179 494/1/179 
f 494/1/178 502/1/178 503/1/178 
f 503/1/405 491/1/405 494/1/405 
f 495/1/177 491/1/177 503/1/177 
f 503/1/406 504/1/406 495/1/406 
f 505/1/176 495/1/176 504/1/176 
f 504/1/176 506/1/176 505/1/176 
f 496/1/188 495/1/188 505/1/188 
f 505/1/188 507/1/188 496/1/188 
f 508/1/187 499/1/187 496/1/187 
f 496/1/187 507/1/187 508/1/187 
f 486/1/185 484/1/185 499/1/185 
f 499/1/407 508/1/407 486/1/407 
f 483/1/408 497/1/408 499/1/408 
f 499/1/184 484/1/184 483/1/184 
f 483/1/409 482/1/409 498/1/409 
f 498/1/183 497/1/183 483/1/183 
f 482/1/182 481/1/182 509/1/182 
f 509/1/182 498/1/182 482/1/182 
f 498/1/410 509/1/410 510/1/410 
f 510/1/410 493/1/410 498/1/410 
f 500/1/411 494/1/411 493/1/411 
f 493/1/411 510/1/411 500/1/411 
f 511/1/191 512/1/191 513/1/191 
f 513/1/191 514/1/191 511/1/191 
f 515/1/189 516/1/189 512/1/189 
f 512/1/189 511/1/189 515/1/189 
f 512/1/412 517/1/412 518/1/412 
f 518/1/193 513/1/193 512/1/193 
f 512/1/413 516/1/413 519/1/413 
f 519/1/192 517/1/192 512/1/192 
f 514/1/197 520/1/197 521/1/197 
f 521/1/197 522/1/197 514/1/197 
f 514/1/196 522/1/196 523/1/196 
f 523/1/196 511/1/196 514/1/196 
f 515/1/195 511/1/195 523/1/195 
f 523/1/195 524/1/195 515/1/195 
f 525/1/414 515/1/414 524/1/414 
f 524/1/194 526/1/194 525/1/194 
f 516/1/206 515/1/206 525/1/206 
f 525/1/206 527/1/206 516/1/206 
f 528/1/205 519/1/205 516/1/205 
f 516/1/205 527/1/205 528/1/205 
f 506/1/204 504/1/204 519/1/204 
f 519/1/204 528/1/204 506/1/204 
f 503/1/203 517/1/203 519/1/203 
f 519/1/203 504/1/203 503/1/203 
f 503/1/415 502/1/415 518/1/415 
f 518/1/416 517/1/416 503/1/416 
f 502/1/200 501/1/200 529/1/200 
f 529/1/200 518/1/200 502/1/200 
f 518/1/199 529/1/199 530/1/199 
f 530/1/199 513/1/199 518/1/199 
f 520/1/198 514/1/198 513/1/198 
f 513/1/198 530/1/198 520/1/198 
f 531/1/208 532/1/208 533/1/208 
f 533/1/208 534/1/208 531/1/208 
f 535/1/417 536/1/417 532/1/417 
f 532/1/417 531/1/417 535/1/417 
f 532/1/210 537/1/210 538/1/210 
f 538/1/210 533/1/210 532/1/210 
f 532/1/209 536/1/209 539/1/209 
f 539/1/418 537/1/418 532/1/418 
f 534/1/419 540/1/419 541/1/419 
f 541/1/419 542/1/419 534/1/419 
f 534/1/420 542/1/420 543/1/420 
f 543/1/216 531/1/216 534/1/216 
f 535/1/421 531/1/421 543/1/421 
f 543/1/422 544/1/422 535/1/422 
f 545/1/212 535/1/212 544/1/212 
f 544/1/212 546/1/212 545/1/212 
f 536/1/423 535/1/423 545/1/423 
f 545/1/423 547/1/423 536/1/423 
f 548/1/226 539/1/226 536/1/226 
f 536/1/424 547/1/424 548/1/424 
f 526/1/425 524/1/425 539/1/425 
f 539/1/426 548/1/426 526/1/426 
f 523/1/224 537/1/224 539/1/224 
f 539/1/224 524/1/224 523/1/224 
f 523/1/222 522/1/222 538/1/222 
f 538/1/222 537/1/222 523/1/222 
f 522/1/221 521/1/221 549/1/221 
f 549/1/427 538/1/427 522/1/427 
f 538/1/220 549/1/220 550/1/220 
f 550/1/220 533/1/220 538/1/220 
f 540/1/218 534/1/218 533/1/218 
f 533/1/218 550/1/218 540/1/218 
f 551/1/229 552/1/229 553/1/229 
f 553/1/229 554/1/229 551/1/229 
f 555/1/428 556/1/428 552/1/428 
f 552/1/228 551/1/228 555/1/228 
f 552/1/232 557/1/232 558/1/232 
f 558/1/232 553/1/232 552/1/232 
f 552/1/231 556/1/231 559/1/231 
f 559/1/231 557/1/231 552/1/231 
f 554/1/236 560/1/236 561/1/236 
f 561/1/236 562/1/236 554/1/236 
f 554/1/235 562/1/235 563/1/235 
f 563/1/235 551/1/235 554/1/235 
f 555/1/234 551/1/234 563/1/234 
f 563/1/234 564/1/234 555/1/234 
f 565/1/429 555/1/429 564/1/429 
f 564/1/430 566/1/430 565/1/430 
f 556/1/431 555/1/431 565/1/431 
f 565/1/432 567/1/432 556/1/432 
f 568/1/244 559/1/244 556/1/244 
f 556/1/433 567/1/433 568/1/433 
f 546/1/243 544/1/243 559/1/243 
f 559/1/243 568/1/243 546/1/243 
f 543/1/242 557/1/242 559/1/242 
f 559/1/242 544/1/242 543/1/242 
f 543/1/241 542/1/241 558/1/241 
f 558/1/241 557/1/241 543/1/241 
f 542/1/240 541/1/240 569/1/240 
f 569/1/240 558/1/240 542/1/240 
f 558/1/238 569/1/238 570/1/238 
f 570/1/238 553/1/238 558/1/238 
f 560/1/434 554/1/434 553/1/434 
f 553/1/237 570/1/237 560/1/237 
f 571/1/435 572/1/435 573/1/435 
f 573/1/247 574/1/247 571/1/247 
f 575/1/246 576/1/246 572/1/246 
f 572/1/246 571/1/246 575/1/246 
f 572/1/249 577/1/249 578/1/249 
f 578/1/436 573/1/436 572/1/436 
f 572/1/248 576/1/248 579/1/248 
f 579/1/437 577/1/437 572/1/437 
f 574/1/438 580/1/438 581/1/438 
f 581/1/253 582/1/253 574/1/253 
f 574/1/439 582/1/439 583/1/439 
f 583/1/252 571/1/252 574/1/252 
f 575/1/251 571/1/251 583/1/251 
f 583/1/251 584/1/251 575/1/251 
f 585/1/250 575/1/250 584/1/250 
f 584/1/250 586/1/250 585/1/250 
f 576/1/263 575/1/263 585/1/263 
f 585/1/263 587/1/263 576/1/263 
f 588/1/262 579/1/262 576/1/262 
f 576/1/262 587/1/262 588/1/262 
f 566/1/260 564/1/260 579/1/260 
f 579/1/260 588/1/260 566/1/260 
f 563/1/440 577/1/440 579/1/440 
f 579/1/441 564/1/441 563/1/441 
f 563/1/442 562/1/442 578/1/442 
f 578/1/257 577/1/257 563/1/257 
f 562/1/256 561/1/256 589/1/256 
f 589/1/256 578/1/256 562/1/256 
f 578/1/255 589/1/255 590/1/255 
f 590/1/255 573/1/255 578/1/255 
f 580/1/254 574/1/254 573/1/254 
f 573/1/254 590/1/254 580/1/254 
f 591/1/265 592/1/265 593/1/265 
f 593/1/265 594/1/265 591/1/265 
f 595/1/443 596/1/443 592/1/443 
f 592/1/444 591/1/444 595/1/444 
f 592/1/445 597/1/445 598/1/445 
f 598/1/268 593/1/268 592/1/268 
f 592/1/446 596/1/446 599/1/446 
f 599/1/447 597/1/447 592/1/447 
f 594/1/448 600/1/448 601/1/448 
f 601/1/448 602/1/448 594/1/448 
f 594/1/449 602/1/449 603/1/449 
f 603/1/449 591/1/449 594/1/449 
f 595/1/270 591/1/270 603/1/270 
f 603/1/270 604/1/270 595/1/270 
f 605/1/269 595/1/269 604/1/269 
f 604/1/269 606/1/269 605/1/269 
f 596/1/286 595/1/286 605/1/286 
f 605/1/286 607/1/286 596/1/286 
f 608/1/450 599/1/450 596/1/450 
f 596/1/285 607/1/285 608/1/285 
f 586/1/283 584/1/283 599/1/283 
f 599/1/283 608/1/283 586/1/283 
f 583/1/451 597/1/451 599/1/451 
f 599/1/282 584/1/282 583/1/282 
f 583/1/452 582/1/452 598/1/452 
f 598/1/453 597/1/453 583/1/453 
f 582/1/279 581/1/279 609/1/279 
f 609/1/279 598/1/279 582/1/279 
f 598/1/278 609/1/278 610/1/278 
f 610/1/278 593/1/278 598/1/278 
f 600/1/277 594/1/277 593/1/277 
f 593/1/277 610/1/277 600/1/277 
f 611/1/289 612/1/289 613/1/289 
f 613/1/289 614/1/289 611/1/289 
f 615/1/288 616/1/288 612/1/288 
f 612/1/288 611/1/288 615/1/288 
f 612/1/454 617/1/454 618/1/454 
f 618/1/454 613/1/454 612/1/454 
f 612/1/292 616/1/292 619/1/292 
f 619/1/292 617/1/292 612/1/292 
f 614/1/298 620/1/298 621/1/298 
f 621/1/298 622/1/298 614/1/298 
f 614/1/455 622/1/455 623/1/455 
f 623/1/455 611/1/455 614/1/455 
f 615/1/295 611/1/295 623/1/295 
f 623/1/295 624/1/295 615/1/295 
f 625/1/294 615/1/294 624/1/294 
f 624/1/294 626/1/294 625/1/294 
f 616/1/309 615/1/309 625/1/309 
f 625/1/309 627/1/309 616/1/309 
f 628/1/456 619/1/456 616/1/456 
f 616/1/456 627/1/456 628/1/456 
f 606/1/307 604/1/307 619/1/307 
f 619/1/307 628/1/307 606/1/307 
f 603/1/306 617/1/306 619/1/306 
f 619/1/306 604/1/306 603/1/306 
f 603/1/305 602/1/305 618/1/305 
f 618/1/305 617/1/305 603/1/305 
f 602/1/303 601/1/303 629/1/303 
f 629/1/303 618/1/303 602/1/303 
f 618/1/302 629/1/302 630/1/302 
f 630/1/457 613/1/457 618/1/457 
f 620/1/299 614/1/299 613/1/299 
f 613/1/299 630/1/299 620/1/299 
f 631/1/311 632/1/311 633/1/311 
f 633/1/311 634/1/311 631/1/311 
f 635/1/310 636/1/310 632/1/310 
f 632/1/458 631/1/458 635/1/458 
f 632/1/459 637/1/459 638/1/459 
f 638/1/314 633/1/314 632/1/314 
f 632/1/313 636/1/313 639/1/313 
f 639/1/313 637/1/313 632/1/313 
f 634/1/460 640/1/460 641/1/460 
f 641/1/318 642/1/318 634/1/318 
f 634/1/317 642/1/317 643/1/317 
f 643/1/317 631/1/317 634/1/317 
f 635/1/316 631/1/316 643/1/316 
f 643/1/461 644/1/461 635/1/461 
f 645/1/462 635/1/462 644/1/462 
f 644/1/315 646/1/315 645/1/315 
f 636/1/326 635/1/326 645/1/326 
f 645/1/326 647/1/326 636/1/326 
f 648/1/463 639/1/463 636/1/463 
f 636/1/325 647/1/325 648/1/325 
f 626/1/324 624/1/324 639/1/324 
f 639/1/324 648/1/324 626/1/324 
f 623/1/464 637/1/464 639/1/464 
f 639/1/464 624/1/464 623/1/464 
f 623/1/322 622/1/322 638/1/322 
f 638/1/322 637/1/322 623/1/322 
f 622/1/321 621/1/321 649/1/321 
f 649/1/321 638/1/321 622/1/321 
f 638/1/465 649/1/465 650/1/465 
f 650/1/320 633/1/320 638/1/320 
f 640/1/319 634/1/319 633/1/319 
f 633/1/319 650/1/319 640/1/319 
f 651/1/329 652/1/329 653/1/329 
f 653/1/329 654/1/329 651/1/329 
f 655/1/327 656/1/327 652/1/327 
f 652/1/327 651/1/327 655/1/327 
f 652/1/331 657/1/331 658/1/331 
f 658/1/331 653/1/331 652/1/331 
f 652/1/466 656/1/330 659/1/330 
f 659/1/466 657/1/466 652/1/466 
f 654/1/337 660/1/337 49/1/337 
f 49/1/337 47/1/337 654/1/337 
f 651/1/336 654/1/336 47/1/336 
f 47/1/336 46/1/336 651/1/336 
f 651/1/335 46/1/335 44/1/335 
f 44/1/335 655/1/335 651/1/335 
f 44/1/467 45/1/467 661/1/467 
f 661/1/468 655/1/468 44/1/468 
f 656/1/348 655/1/348 661/1/348 
f 661/1/348 662/1/348 656/1/348 
f 663/1/347 659/1/347 656/1/347 
f 656/1/347 662/1/347 663/1/347 
f 646/1/469 644/1/469 659/1/469 
f 659/1/346 663/1/346 646/1/346 
f 643/1/345 657/1/345 659/1/345 
f 659/1/345 644/1/345 643/1/345 
f 643/1/470 642/1/470 658/1/470 
f 658/1/344 657/1/344 643/1/344 
f 642/1/342 641/1/342 664/1/342 
f 664/1/342 658/1/342 642/1/342 
f 658/1/341 664/1/341 665/1/341 
f 665/1/341 653/1/341 658/1/341 
f 660/1/339 654/1/339 653/1/339 
f 653/1/339 665/1/339 660/1/339 
f 666/1/471 667/1/471 668/1/471 
f 668/1/471 669/1/471 666/1/471 
f 670/1/472 671/1/472 667/1/472 
f 667/1/473 666/1/473 670/1/473 
f 667/1/474 672/1/474 673/1/474 
f 673/1/475 668/1/475 667/1/475 
f 667/1/476 671/1/476 674/1/476 
f 674/1/477 672/1/477 667/1/477 
f 675/1/478 669/1/478 676/1/478 
f 676/1/478 677/1/478 675/1/478 
f 678/1/479 666/1/479 669/1/479 
f 669/1/479 675/1/479 678/1/479 
f 666/1/480 678/1/480 679/1/480 
f 679/1/480 670/1/480 666/1/480 
f 10/1/481 670/1/481 679/1/481 
f 679/1/481 11/1/481 10/1/481 
f 10/1/482 25/1/482 671/1/482 
f 671/1/482 670/1/482 10/1/482 
f 24/1/483 674/1/483 671/1/483 
f 671/1/483 25/1/483 24/1/483 
f 674/1/484 24/1/484 23/1/484 
f 23/1/485 680/1/485 674/1/485 
f 680/1/486 681/1/486 672/1/486 
f 672/1/486 674/1/486 680/1/486 
f 672/1/487 681/1/487 682/1/487 
f 682/1/488 673/1/488 672/1/488 
f 682/1/489 683/1/489 684/1/489 
f 684/1/489 673/1/489 682/1/489 
f 673/1/490 684/1/490 685/1/490 
f 685/1/490 668/1/490 673/1/490 
f 669/1/491 668/1/491 685/1/491 
f 685/1/492 676/1/492 669/1/492 
f 686/1/493 687/1/493 688/1/493 
f 688/1/493 689/1/493 686/1/493 
f 690/1/494 691/1/494 687/1/494 
f 687/1/495 686/1/495 690/1/495 
f 687/1/496 692/1/496 693/1/496 
f 693/1/496 688/1/496 687/1/496 
f 687/1/497 691/1/497 694/1/497 
f 694/1/498 692/1/498 687/1/498 
f 695/1/499 696/1/499 697/1/499 
f 697/1/500 689/1/500 695/1/500 
f 697/1/501 698/1/501 686/1/501 
f 686/1/502 689/1/502 697/1/502 
f 686/1/503 698/1/503 699/1/503 
f 699/1/504 690/1/504 686/1/504 
f 676/1/505 690/1/505 699/1/505 
f 699/1/506 677/1/506 676/1/506 
f 690/1/507 676/1/507 685/1/507 
f 685/1/508 691/1/508 690/1/508 
f 684/1/509 694/1/509 691/1/509 
f 691/1/509 685/1/509 684/1/509 
f 694/1/510 684/1/510 683/1/510 
f 683/1/510 700/1/510 694/1/510 
f 700/1/511 701/1/511 692/1/511 
f 692/1/511 694/1/511 700/1/511 
f 702/1/512 693/1/512 692/1/512 
f 692/1/513 701/1/513 702/1/513 
f 702/1/514 703/1/514 704/1/514 
f 704/1/514 693/1/514 702/1/514 
f 688/1/515 693/1/515 704/1/515 
f 704/1/515 705/1/515 688/1/515 
f 705/1/516 695/1/516 689/1/516 
f 689/1/516 688/1/516 705/1/516 
f 706/1/517 707/1/517 708/1/517 
f 708/1/517 709/1/517 706/1/517 
f 710/1/518 711/1/518 707/1/518 
f 707/1/518 706/1/518 710/1/518 
f 707/1/519 712/1/519 713/1/519 
f 713/1/519 708/1/519 707/1/519 
f 707/1/520 711/1/520 714/1/520 
f 714/1/520 712/1/520 707/1/520 
f 715/1/521 716/1/521 717/1/521 
f 717/1/521 709/1/521 715/1/521 
f 706/1/522 709/1/522 717/1/522 
f 717/1/523 718/1/523 706/1/523 
f 706/1/524 718/1/524 719/1/524 
f 719/1/524 710/1/524 706/1/524 
f 695/1/525 710/1/525 719/1/525 
f 719/1/525 696/1/525 695/1/525 
f 710/1/526 695/1/526 705/1/526 
f 705/1/527 711/1/527 710/1/527 
f 704/1/528 714/1/528 711/1/528 
f 711/1/529 705/1/529 704/1/529 
f 714/1/530 704/1/530 703/1/530 
f 703/1/530 720/1/530 714/1/530 
f 720/1/531 721/1/531 712/1/531 
f 712/1/531 714/1/531 720/1/531 
f 721/1/532 722/1/532 713/1/532 
f 713/1/532 712/1/532 721/1/532 
f 722/1/533 723/1/533 724/1/533 
f 724/1/534 713/1/534 722/1/534 
f 713/1/535 724/1/535 725/1/535 
f 725/1/535 708/1/535 713/1/535 
f 708/1/536 725/1/536 715/1/536 
f 715/1/536 709/1/536 708/1/536 
f 726/1/537 727/1/537 728/1/537 
f 728/1/538 729/1/538 726/1/538 
f 730/1/539 731/1/539 727/1/539 
f 727/1/539 726/1/539 730/1/539 
f 727/1/540 732/1/540 733/1/540 
f 733/1/541 728/1/541 727/1/541 
f 727/1/542 731/1/542 734/1/542 
f 734/1/542 732/1/542 727/1/542 
f 735/1/543 736/1/543 737/1/543 
f 737/1/543 729/1/543 735/1/543 
f 726/1/544 729/1/544 737/1/544 
f 737/1/544 738/1/544 726/1/544 
f 726/1/545 738/1/545 739/1/545 
f 739/1/545 730/1/545 726/1/545 
f 715/1/546 730/1/546 739/1/546 
f 739/1/546 716/1/546 715/1/546 
f 730/1/547 715/1/547 725/1/547 
f 725/1/547 731/1/547 730/1/547 
f 731/1/548 725/1/548 724/1/548 
f 724/1/548 734/1/548 731/1/548 
f 734/1/549 724/1/549 723/1/549 
f 723/1/549 740/1/549 734/1/549 
f 740/1/550 741/1/550 732/1/550 
f 732/1/550 734/1/550 740/1/550 
f 741/1/551 742/1/551 733/1/551 
f 733/1/551 732/1/551 741/1/551 
f 742/1/552 743/1/552 744/1/552 
f 744/1/552 733/1/552 742/1/552 
f 728/1/553 733/1/553 744/1/553 
f 744/1/554 745/1/554 728/1/554 
f 728/1/555 745/1/555 735/1/555 
f 735/1/555 729/1/555 728/1/555 
f 746/1/556 747/1/556 748/1/556 
f 748/1/556 749/1/556 746/1/556 
f 750/1/557 751/1/557 747/1/557 
f 747/1/557 746/1/557 750/1/557 
f 747/1/558 752/1/558 753/1/558 
f 753/1/558 748/1/558 747/1/558 
f 747/1/559 751/1/559 754/1/559 
f 754/1/559 752/1/559 747/1/559 
f 755/1/560 756/1/560 757/1/560 
f 757/1/561 749/1/561 755/1/561 
f 746/1/562 749/1/562 757/1/562 
f 757/1/562 758/1/562 746/1/562 
f 746/1/563 758/1/563 759/1/563 
f 759/1/564 750/1/564 746/1/564 
f 735/1/565 750/1/565 759/1/565 
f 759/1/565 736/1/565 735/1/565 
f 750/1/566 735/1/566 745/1/566 
f 745/1/566 751/1/566 750/1/566 
f 744/1/567 754/1/567 751/1/567 
f 751/1/567 745/1/567 744/1/567 
f 754/1/568 744/1/568 743/1/568 
f 743/1/569 760/1/569 754/1/569 
f 760/1/570 761/1/570 752/1/570 
f 752/1/571 754/1/571 760/1/571 
f 761/1/572 762/1/572 753/1/572 
f 753/1/572 752/1/572 761/1/572 
f 762/1/573 763/1/573 764/1/573 
f 764/1/573 753/1/573 762/1/573 
f 748/1/574 753/1/574 764/1/574 
f 764/1/574 765/1/574 748/1/574 
f 748/1/575 765/1/575 755/1/575 
f 755/1/575 749/1/575 748/1/575 
f 766/1/576 767/1/576 768/1/576 
f 768/1/576 769/1/576 766/1/576 
f 770/1/577 771/1/577 767/1/577 
f 767/1/577 766/1/577 770/1/577 
f 767/1/578 772/1/578 773/1/578 
f 773/1/579 768/1/579 767/1/579 
f 767/1/580 771/1/580 774/1/580 
f 774/1/581 772/1/581 767/1/581 
f 775/1/582 776/1/582 777/1/582 
f 777/1/582 769/1/582 775/1/582 
f 766/1/583 769/1/583 777/1/583 
f 777/1/583 778/1/583 766/1/583 
f 766/1/584 778/1/584 779/1/584 
f 779/1/585 770/1/585 766/1/585 
f 755/1/586 770/1/586 779/1/586 
f 779/1/586 756/1/586 755/1/586 
f 770/1/587 755/1/587 765/1/587 
f 765/1/587 771/1/587 770/1/587 
f 764/1/588 774/1/588 771/1/588 
f 771/1/588 765/1/588 764/1/588 
f 774/1/589 764/1/589 763/1/589 
f 763/1/589 780/1/589 774/1/589 
f 780/1/590 781/1/590 772/1/590 
f 772/1/590 774/1/590 780/1/590 
f 781/1/591 782/1/591 773/1/591 
f 773/1/591 772/1/591 781/1/591 
f 782/1/592 783/1/592 784/1/592 
f 784/1/593 773/1/593 782/1/593 
f 768/1/594 773/1/594 784/1/594 
f 784/1/594 785/1/594 768/1/594 
f 768/1/595 785/1/595 775/1/595 
f 775/1/595 769/1/595 768/1/595 
f 786/1/596 787/1/596 788/1/596 
f 788/1/596 789/1/596 786/1/596 
f 790/1/597 791/1/597 787/1/597 
f 787/1/597 786/1/597 790/1/597 
f 787/1/598 792/1/598 793/1/598 
f 793/1/598 788/1/598 787/1/598 
f 787/1/599 791/1/599 794/1/599 
f 794/1/599 792/1/599 787/1/599 
f 795/1/600 796/1/600 797/1/600 
f 797/1/600 789/1/600 795/1/600 
f 786/1/601 789/1/601 797/1/601 
f 797/1/602 798/1/602 786/1/602 
f 786/1/603 798/1/603 799/1/603 
f 799/1/603 790/1/603 786/1/603 
f 775/1/604 790/1/604 799/1/604 
f 799/1/604 776/1/604 775/1/604 
f 790/1/605 775/1/605 785/1/605 
f 785/1/605 791/1/605 790/1/605 
f 784/1/606 794/1/606 791/1/606 
f 791/1/606 785/1/607 784/1/606 
f 794/1/608 784/1/608 783/1/608 
f 783/1/609 800/1/609 794/1/609 
f 800/1/610 801/1/610 792/1/610 
f 792/1/610 794/1/610 800/1/610 
f 801/1/611 802/1/611 793/1/611 
f 793/1/611 792/1/611 801/1/611 
f 802/1/612 803/1/612 804/1/612 
f 804/1/612 793/1/612 802/1/612 
f 788/1/613 793/1/613 804/1/613 
f 804/1/613 805/1/613 788/1/613 
f 788/1/614 805/1/614 795/1/614 
f 795/1/614 789/1/614 788/1/614 
f 806/1/615 807/1/615 808/1/615 
f 808/1/615 809/1/615 806/1/615 
f 810/1/616 811/1/616 807/1/616 
f 807/1/617 806/1/617 810/1/617 
f 807/1/618 812/1/618 813/1/618 
f 813/1/618 808/1/618 807/1/618 
f 807/1/619 811/1/619 814/1/619 
f 814/1/619 812/1/619 807/1/619 
f 815/1/620 816/1/620 817/1/620 
f 817/1/620 809/1/620 815/1/620 
f 806/1/621 809/1/621 817/1/621 
f 817/1/621 818/1/621 806/1/621 
f 806/1/622 818/1/622 819/1/622 
f 819/1/623 810/1/623 806/1/623 
f 795/1/624 810/1/624 819/1/624 
f 819/1/624 796/1/624 795/1/624 
f 810/1/625 795/1/625 805/1/625 
f 805/1/626 811/1/626 810/1/626 
f 804/1/627 814/1/627 811/1/627 
f 811/1/627 805/1/627 804/1/627 
f 820/1/628 814/1/628 804/1/628 
f 804/1/628 803/1/628 820/1/628 
f 820/1/629 821/1/629 812/1/629 
f 812/1/629 814/1/629 820/1/629 
f 821/1/630 822/1/630 813/1/630 
f 813/1/631 812/1/631 821/1/631 
f 822/1/632 823/1/632 824/1/632 
f 824/1/632 813/1/632 822/1/632 
f 808/1/633 813/1/633 824/1/633 
f 824/1/633 825/1/633 808/1/633 
f 808/1/634 825/1/634 815/1/634 
f 815/1/634 809/1/634 808/1/634 
f 826/1/635 827/1/635 828/1/635 
f 828/1/636 829/1/636 826/1/636 
f 830/1/637 831/1/637 827/1/637 
f 827/1/637 826/1/637 830/1/637 
f 827/1/638 832/1/638 833/1/638 
f 833/1/639 828/1/639 827/1/639 
f 827/1/640 831/1/640 834/1/640 
f 834/1/640 832/1/640 827/1/640 
f 835/1/641 836/1/641 837/1/641 
f 837/1/642 829/1/642 835/1/642 
f 826/1/643 829/1/643 837/1/643 
f 837/1/643 838/1/643 826/1/643 
f 826/1/644 838/1/644 839/1/644 
f 839/1/644 830/1/644 826/1/644 
f 815/1/645 830/1/645 839/1/645 
f 839/1/646 816/1/646 815/1/646 
f 830/1/647 815/1/647 825/1/647 
f 825/1/647 831/1/647 830/1/647 
f 824/1/648 834/1/648 831/1/648 
f 831/1/648 825/1/648 824/1/648 
f 834/1/649 824/1/649 823/1/649 
f 823/1/650 840/1/650 834/1/650 
f 840/1/651 841/1/651 832/1/651 
f 832/1/652 834/1/652 840/1/652 
f 841/1/653 842/1/653 833/1/653 
f 833/1/653 832/1/653 841/1/653 
f 842/1/654 843/1/654 844/1/654 
f 844/1/654 833/1/654 842/1/654 
f 828/1/655 833/1/655 844/1/655 
f 844/1/656 845/1/656 828/1/656 
f 828/1/657 845/1/657 835/1/657 
f 835/1/657 829/1/657 828/1/657 
f 846/1/658 847/1/658 848/1/658 
f 848/1/658 849/1/658 846/1/658 
f 850/1/659 851/1/659 847/1/659 
f 847/1/659 846/1/659 850/1/659 
f 847/1/660 852/1/660 853/1/660 
f 853/1/660 848/1/660 847/1/660 
f 847/1/661 851/1/661 854/1/661 
f 854/1/662 852/1/662 847/1/662 
f 855/1/663 856/1/663 857/1/663 
f 857/1/663 849/1/663 855/1/663 
f 846/1/664 849/1/664 857/1/664 
f 857/1/665 858/1/665 846/1/665 
f 846/1/666 858/1/666 859/1/666 
f 859/1/666 850/1/666 846/1/666 
f 835/1/667 850/1/667 859/1/667 
f 859/1/667 836/1/667 835/1/667 
f 850/1/668 835/1/668 845/1/668 
f 845/1/668 851/1/668 850/1/668 
f 844/1/669 854/1/669 851/1/669 
f 851/1/669 845/1/669 844/1/669 
f 854/1/670 844/1/670 843/1/670 
f 843/1/670 860/1/670 854/1/670 
f 860/1/671 861/1/671 852/1/671 
f 852/1/671 854/1/671 860/1/671 
f 861/1/672 862/1/672 853/1/672 
f 853/1/673 852/1/673 861/1/673 
f 862/1/674 863/1/674 864/1/674 
f 864/1/674 853/1/674 862/1/674 
f 848/1/675 853/1/675 864/1/675 
f 864/1/675 865/1/675 848/1/675 
f 848/1/676 865/1/676 855/1/676 
f 855/1/677 849/1/677 848/1/677 
f 866/1/678 867/1/678 868/1/678 
f 868/1/679 869/1/679 866/1/679 
f 870/1/680 871/1/680 867/1/680 
f 867/1/680 866/1/680 870/1/680 
f 867/1/681 872/1/681 873/1/681 
f 873/1/681 868/1/681 867/1/681 
f 867/1/682 871/1/682 874/1/682 
f 874/1/683 872/1/683 867/1/683 
f 875/1/684 876/1/684 877/1/684 
f 877/1/684 869/1/684 875/1/684 
f 866/1/685 869/1/685 877/1/685 
f 877/1/685 878/1/685 866/1/685 
f 866/1/686 878/1/686 879/1/686 
f 879/1/686 870/1/686 866/1/686 
f 855/1/687 870/1/687 879/1/687 
f 879/1/687 856/1/687 855/1/687 
f 870/1/688 855/1/688 865/1/688 
f 865/1/688 871/1/688 870/1/688 
f 864/1/689 874/1/689 871/1/689 
f 871/1/689 865/1/689 864/1/689 
f 874/1/690 864/1/690 863/1/690 
f 863/1/690 880/1/690 874/1/690 
f 880/1/691 881/1/691 872/1/691 
f 872/1/691 874/1/691 880/1/691 
f 881/1/692 882/1/692 873/1/692 
f 873/1/692 872/1/692 881/1/692 
f 882/1/693 883/1/693 884/1/693 
f 884/1/693 873/1/693 882/1/693 
f 868/1/694 873/1/694 884/1/694 
f 884/1/694 885/1/694 868/1/694 
f 868/1/695 885/1/695 875/1/695 
f 875/1/695 869/1/695 868/1/695 
f 886/1/696 887/1/696 888/1/696 
f 888/1/696 889/1/696 886/1/696 
f 890/1/697 891/1/697 887/1/697 
f 887/1/697 886/1/697 890/1/697 
f 887/1/698 892/1/698 893/1/698 
f 893/1/699 888/1/699 887/1/699 
f 887/1/700 891/1/700 894/1/700 
f 894/1/700 892/1/700 887/1/700 
f 895/1/701 896/1/701 897/1/701 
f 897/1/702 889/1/702 895/1/702 
f 886/1/703 889/1/703 897/1/703 
f 897/1/703 898/1/703 886/1/703 
f 886/1/704 898/1/704 899/1/704 
f 899/1/705 890/1/705 886/1/705 
f 875/1/706 890/1/706 899/1/706 
f 899/1/706 876/1/706 875/1/706 
f 890/1/707 875/1/707 885/1/707 
f 885/1/708 891/1/708 890/1/708 
f 884/1/709 894/1/709 891/1/709 
f 891/1/709 885/1/709 884/1/709 
f 894/1/710 884/1/710 883/1/710 
f 883/1/711 900/1/711 894/1/711 
f 900/1/712 901/1/712 892/1/712 
f 892/1/712 894/1/712 900/1/712 
f 901/1/713 902/1/713 893/1/713 
f 893/1/713 892/1/713 901/1/713 
f 902/1/714 903/1/714 904/1/714 
f 904/1/714 893/1/714 902/1/714 
f 888/1/715 893/1/715 904/1/715 
f 904/1/715 905/1/715 888/1/715 
f 888/1/716 905/1/716 895/1/716 
f 895/1/716 889/1/716 888/1/716 
f 906/1/717 907/1/717 908/1/717 
f 908/1/717 909/1/717 906/1/717 
f 910/1/718 911/1/718 907/1/718 
f 907/1/718 906/1/718 910/1/718 
f 907/1/719 912/1/719 913/1/719 
f 913/1/720 908/1/720 907/1/720 
f 907/1/721 911/1/721 914/1/721 
f 914/1/721 912/1/721 907/1/721 
f 915/1/722 916/1/722 917/1/722 
f 917/1/722 909/1/722 915/1/722 
f 906/1/723 909/1/723 917/1/723 
f 917/1/724 918/1/724 906/1/724 
f 906/1/725 918/1/725 919/1/725 
f 919/1/726 910/1/726 906/1/726 
f 895/1/727 910/1/727 919/1/727 
f 919/1/728 896/1/728 895/1/728 
f 910/1/729 895/1/729 905/1/729 
f 905/1/729 911/1/729 910/1/729 
f 904/1/730 914/1/730 911/1/730 
f 911/1/730 905/1/730 904/1/730 
f 914/1/731 904/1/731 903/1/731 
f 903/1/731 920/1/731 914/1/731 
f 920/1/732 921/1/732 912/1/732 
f 912/1/732 914/1/732 920/1/732 
f 921/1/733 922/1/733 913/1/733 
f 913/1/733 912/1/733 921/1/733 
f 922/1/734 923/1/734 924/1/734 
f 924/1/735 913/1/735 922/1/735 
f 908/1/736 913/1/736 924/1/736 
f 924/1/736 925/1/736 908/1/736 
f 908/1/737 925/1/737 915/1/737 
f 915/1/738 909/1/738 908/1/738 
f 926/1/739 927/1/739 928/1/739 
f 928/1/739 929/1/739 926/1/739 
f 930/1/740 931/1/740 927/1/740 
f 927/1/741 926/1/741 930/1/741 
f 927/1/742 932/1/742 933/1/742 
f 933/1/743 928/1/743 927/1/743 
f 927/1/744 931/1/744 934/1/744 
f 934/1/744 932/1/744 927/1/744 
f 935/1/745 936/1/745 937/1/745 
f 937/1/745 929/1/745 935/1/745 
f 926/1/746 929/1/746 937/1/746 
f 937/1/747 938/1/747 926/1/747 
f 926/1/748 938/1/748 939/1/748 
f 939/1/748 930/1/748 926/1/748 
f 915/1/749 930/1/749 939/1/749 
f 939/1/749 916/1/749 915/1/749 
f 930/1/750 915/1/750 925/1/750 
f 925/1/751 931/1/751 930/1/751 
f 924/1/752 934/1/752 931/1/752 
f 931/1/753 925/1/753 924/1/753 
f 934/1/754 924/1/754 923/1/754 
f 923/1/755 940/1/755 934/1/755 
f 940/1/756 941/1/756 932/1/756 
f 932/1/757 934/1/757 940/1/757 
f 941/1/758 942/1/758 933/1/758 
f 933/1/758 932/1/758 941/1/758 
f 942/1/759 943/1/759 944/1/759 
f 944/1/760 933/1/760 942/1/760 
f 928/1/761 933/1/761 944/1/761 
f 944/1/761 945/1/761 928/1/761 
f 928/1/762 945/1/762 935/1/762 
f 935/1/762 929/1/762 928/1/762 
f 946/1/763 947/1/763 948/1/763 
f 948/1/763 949/1/763 946/1/763 
f 950/1/764 951/1/764 947/1/764 
f 947/1/764 946/1/764 950/1/764 
f 947/1/765 952/1/765 953/1/765 
f 953/1/765 948/1/765 947/1/765 
f 947/1/766 951/1/766 954/1/766 
f 954/1/766 952/1/766 947/1/766 
f 955/1/767 956/1/767 957/1/767 
f 957/1/767 949/1/767 955/1/767 
f 946/1/768 949/1/768 957/1/768 
f 957/1/768 958/1/768 946/1/768 
f 946/1/769 958/1/769 959/1/769 
f 959/1/769 950/1/769 946/1/769 
f 935/1/770 950/1/770 959/1/770 
f 959/1/770 936/1/770 935/1/770 
f 950/1/771 935/1/771 945/1/771 
f 945/1/771 951/1/771 950/1/771 
f 944/1/772 954/1/772 951/1/772 
f 951/1/773 945/1/773 944/1/773 
f 954/1/774 944/1/774 943/1/774 
f 943/1/775 960/1/775 954/1/775 
f 960/1/776 961/1/776 952/1/776 
f 952/1/776 954/1/776 960/1/776 
f 961/1/777 962/1/777 953/1/777 
f 953/1/777 952/1/777 961/1/777 
f 962/1/778 963/1/778 964/1/778 
f 964/1/779 953/1/779 962/1/779 
f 948/1/780 953/1/780 964/1/780 
f 964/1/780 965/1/780 948/1/780 
f 948/1/781 965/1/781 955/1/781 
f 955/1/782 949/1/782 948/1/782 
f 966/1/3 967/1/3 968/1/3 
f 968/1/3 969/1/3 966/1/3 
f 970/1/4 971/1/4 967/1/4 
f 967/1/4 966/1/4 970/1/4 
f 967/1/1 972/1/1 973/1/1 
f 973/1/1 968/1/1 967/1/1 
f 967/1/2 971/1/2 974/1/2 
f 974/1/2 972/1/2 967/1/2 
f 975/1/783 976/1/783 977/1/783 
f 977/1/783 969/1/783 975/1/783 
f 966/1/784 969/1/784 977/1/784 
f 977/1/16 978/1/16 966/1/16 
f 966/1/15 978/1/15 979/1/15 
f 979/1/785 970/1/785 966/1/785 
f 955/1/13 970/1/13 979/1/13 
f 979/1/13 956/1/13 955/1/13 
f 970/1/12 955/1/12 965/1/12 
f 965/1/12 971/1/12 970/1/12 
f 964/1/10 974/1/10 971/1/10 
f 971/1/10 965/1/10 964/1/10 
f 974/1/9 964/1/9 963/1/9 
f 963/1/9 980/1/9 974/1/9 
f 980/1/7 981/1/7 972/1/7 
f 972/1/7 974/1/7 980/1/7 
f 981/1/6 982/1/6 973/1/6 
f 973/1/6 972/1/6 981/1/6 
f 982/1/5 983/1/5 984/1/5 
f 984/1/5 973/1/5 982/1/5 
f 968/1/21 973/1/21 984/1/21 
f 984/1/21 985/1/21 968/1/21 
f 968/1/20 985/1/20 975/1/20 
f 975/1/20 969/1/20 968/1/20 
f 986/1/786 987/1/786 988/1/786 
f 988/1/786 989/1/786 986/1/786 
f 990/1/476 991/1/476 987/1/476 
f 987/1/476 986/1/476 990/1/476 
f 987/1/471 992/1/471 993/1/471 
f 993/1/471 988/1/471 987/1/471 
f 987/1/473 991/1/473 994/1/473 
f 994/1/473 992/1/473 987/1/473 
f 995/1/489 996/1/489 997/1/489 
f 997/1/489 989/1/489 995/1/489 
f 986/1/787 989/1/787 997/1/787 
f 997/1/787 998/1/787 986/1/787 
f 986/1/788 998/1/788 999/1/788 
f 999/1/486 990/1/486 986/1/486 
f 975/1/789 990/1/789 999/1/789 
f 999/1/485 976/1/485 975/1/485 
f 990/1/483 975/1/483 985/1/483 
f 985/1/790 991/1/790 990/1/790 
f 984/1/482 994/1/482 991/1/482 
f 991/1/791 985/1/791 984/1/791 
f 994/1/481 984/1/481 983/1/481 
f 983/1/481 1000/1/481 994/1/481 
f 1000/1/480 1001/1/480 992/1/480 
f 992/1/480 994/1/480 1000/1/480 
f 1001/1/479 1002/1/479 993/1/479 
f 993/1/479 992/1/479 1001/1/479 
f 1002/1/478 1003/1/478 1004/1/478 
f 1004/1/478 993/1/478 1002/1/478 
f 988/1/491 993/1/491 1004/1/491 
f 1004/1/491 1005/1/491 988/1/491 
f 988/1/792 1005/1/792 995/1/792 
f 995/1/792 989/1/792 988/1/792 
f 1006/1/496 1007/1/496 1008/1/496 
f 1008/1/793 1009/1/793 1006/1/793 
f 1010/1/498 1011/1/498 1007/1/498 
f 1007/1/498 1006/1/498 1010/1/498 
f 1007/1/493 1012/1/493 1013/1/493 
f 1013/1/493 1008/1/493 1007/1/493 
f 1007/1/794 1011/1/794 1014/1/794 
f 1014/1/794 1012/1/794 1007/1/794 
f 1015/1/514 1016/1/514 1017/1/514 
f 1017/1/514 1009/1/514 1015/1/514 
f 1006/1/513 1009/1/513 1017/1/513 
f 1017/1/513 1018/1/513 1006/1/513 
f 1006/1/511 1018/1/511 1019/1/511 
f 1019/1/795 1010/1/795 1006/1/795 
f 995/1/510 1010/1/510 1019/1/510 
f 1019/1/510 996/1/510 995/1/510 
f 1010/1/509 995/1/509 1005/1/509 
f 1005/1/509 1011/1/509 1010/1/509 
f 1004/1/796 1014/1/796 1011/1/796 
f 1011/1/796 1005/1/796 1004/1/796 
f 1014/1/506 1004/1/506 1003/1/506 
f 1003/1/797 1020/1/797 1014/1/797 
f 1020/1/798 1021/1/798 1012/1/798 
f 1012/1/799 1014/1/799 1020/1/799 
f 1021/1/800 1022/1/800 1013/1/800 
f 1013/1/800 1012/1/800 1021/1/800 
f 1022/1/801 1023/1/801 1024/1/801 
f 1024/1/802 1013/1/802 1022/1/802 
f 1008/1/516 1013/1/516 1024/1/516 
f 1024/1/516 1025/1/516 1008/1/516 
f 1008/1/515 1025/1/515 1015/1/515 
f 1015/1/515 1009/1/515 1008/1/515 
f 1026/1/519 1027/1/519 1028/1/519 
f 1028/1/519 1029/1/519 1026/1/519 
f 1030/1/803 1031/1/803 1027/1/803 
f 1027/1/520 1026/1/520 1030/1/520 
f 1027/1/517 1032/1/517 1033/1/517 
f 1033/1/804 1028/1/804 1027/1/804 
f 1027/1/518 1031/1/518 1034/1/518 
f 1034/1/518 1032/1/518 1027/1/518 
f 1035/1/805 1036/1/805 1037/1/805 
f 1037/1/805 1029/1/805 1035/1/805 
f 1026/1/532 1029/1/532 1037/1/532 
f 1037/1/532 1038/1/532 1026/1/532 
f 1026/1/806 1038/1/806 1039/1/806 
f 1039/1/806 1030/1/806 1026/1/806 
f 1015/1/530 1030/1/530 1039/1/530 
f 1039/1/530 1016/1/530 1015/1/530 
f 1030/1/807 1015/1/807 1025/1/807 
f 1025/1/529 1031/1/529 1030/1/529 
f 1024/1/527 1034/1/527 1031/1/527 
f 1031/1/526 1025/1/526 1024/1/526 
f 1034/1/525 1024/1/525 1023/1/525 
f 1023/1/525 1040/1/525 1034/1/525 
f 1040/1/808 1041/1/808 1032/1/808 
f 1032/1/808 1034/1/808 1040/1/808 
f 1041/1/523 1042/1/523 1033/1/523 
f 1033/1/523 1032/1/523 1041/1/523 
f 1042/1/521 1043/1/521 1044/1/521 
f 1044/1/521 1033/1/521 1042/1/521 
f 1028/1/809 1033/1/809 1044/1/809 
f 1044/1/536 1045/1/536 1028/1/536 
f 1028/1/535 1045/1/535 1035/1/535 
f 1035/1/810 1029/1/810 1028/1/810 
f 1046/1/540 1047/1/540 1048/1/540 
f 1048/1/540 1049/1/540 1046/1/540 
f 1050/1/542 1051/1/542 1047/1/542 
f 1047/1/542 1046/1/542 1050/1/542 
f 1047/1/538 1052/1/538 1053/1/538 
f 1053/1/811 1048/1/811 1047/1/811 
f 1047/1/539 1051/1/539 1054/1/539 
f 1054/1/539 1052/1/539 1047/1/539 
f 1055/1/552 1056/1/552 1057/1/552 
f 1057/1/552 1049/1/552 1055/1/552 
f 1046/1/551 1049/1/551 1057/1/551 
f 1057/1/551 1058/1/551 1046/1/551 
f 1046/1/550 1058/1/550 1059/1/550 
f 1059/1/550 1050/1/550 1046/1/550 
f 1035/1/812 1050/1/812 1059/1/812 
f 1059/1/549 1036/1/549 1035/1/549 
f 1050/1/548 1035/1/548 1045/1/548 
f 1045/1/813 1051/1/813 1050/1/813 
f 1044/1/547 1054/1/547 1051/1/547 
f 1051/1/547 1045/1/547 1044/1/547 
f 1054/1/814 1044/1/814 1043/1/814 
f 1043/1/815 1060/1/815 1054/1/815 
f 1060/1/545 1061/1/545 1052/1/545 
f 1052/1/816 1054/1/816 1060/1/816 
f 1061/1/544 1062/1/544 1053/1/544 
f 1053/1/544 1052/1/544 1061/1/544 
f 1062/1/817 1063/1/817 1064/1/817 
f 1064/1/817 1053/1/817 1062/1/817 
f 1048/1/555 1053/1/555 1064/1/555 
f 1064/1/555 1065/1/555 1048/1/555 
f 1048/1/554 1065/1/554 1055/1/554 
f 1055/1/554 1049/1/554 1048/1/554 
f 1066/1/818 1067/1/818 1068/1/818 
f 1068/1/819 1069/1/819 1066/1/819 
f 1070/1/559 1071/1/559 1067/1/559 
f 1067/1/559 1066/1/559 1070/1/559 
f 1067/1/556 1072/1/556 1073/1/556 
f 1073/1/556 1068/1/556 1067/1/556 
f 1067/1/557 1071/1/557 1074/1/557 
f 1074/1/557 1072/1/557 1067/1/557 
f 1075/1/573 1076/1/573 1077/1/573 
f 1077/1/573 1069/1/573 1075/1/573 
f 1066/1/572 1069/1/572 1077/1/572 
f 1077/1/572 1078/1/572 1066/1/572 
f 1066/1/820 1078/1/820 1079/1/820 
f 1079/1/820 1070/1/820 1066/1/820 
f 1055/1/821 1070/1/821 1079/1/821 
f 1079/1/822 1056/1/822 1055/1/822 
f 1070/1/567 1055/1/567 1065/1/567 
f 1065/1/567 1071/1/567 1070/1/567 
f 1064/1/566 1074/1/566 1071/1/566 
f 1071/1/566 1065/1/566 1064/1/566 
f 1074/1/565 1064/1/565 1063/1/565 
f 1063/1/565 1080/1/565 1074/1/565 
f 1080/1/564 1081/1/564 1072/1/564 
f 1072/1/563 1074/1/563 1080/1/563 
f 1081/1/562 1082/1/562 1073/1/562 
f 1073/1/562 1072/1/562 1081/1/562 
f 1082/1/561 1083/1/561 1084/1/561 
f 1084/1/561 1073/1/561 1082/1/561 
f 1068/1/575 1073/1/575 1084/1/575 
f 1084/1/575 1085/1/575 1068/1/575 
f 1068/1/574 1085/1/574 1075/1/574 
f 1075/1/823 1069/1/823 1068/1/823 
f 1086/1/824 1087/1/824 1088/1/824 
f 1088/1/579 1089/1/579 1086/1/579 
f 1090/1/825 1091/1/825 1087/1/825 
f 1087/1/826 1086/1/826 1090/1/826 
f 1087/1/576 1092/1/576 1093/1/576 
f 1093/1/827 1088/1/827 1087/1/827 
f 1087/1/577 1091/1/577 1094/1/577 
f 1094/1/828 1092/1/828 1087/1/828 
f 1095/1/592 1096/1/592 1097/1/592 
f 1097/1/592 1089/1/592 1095/1/592 
f 1086/1/829 1089/1/829 1097/1/829 
f 1097/1/591 1098/1/591 1086/1/591 
f 1086/1/590 1098/1/590 1099/1/590 
f 1099/1/830 1090/1/830 1086/1/830 
f 1075/1/589 1090/1/589 1099/1/589 
f 1099/1/589 1076/1/589 1075/1/589 
f 1090/1/588 1075/1/588 1085/1/588 
f 1085/1/588 1091/1/588 1090/1/588 
f 1084/1/587 1094/1/587 1091/1/587 
f 1091/1/587 1085/1/587 1084/1/587 
f 1094/1/831 1084/1/831 1083/1/831 
f 1083/1/831 1100/1/831 1094/1/831 
f 1100/1/585 1101/1/585 1092/1/585 
f 1092/1/585 1094/1/585 1100/1/585 
f 1101/1/583 1102/1/583 1093/1/583 
f 1093/1/583 1092/1/583 1101/1/583 
f 1102/1/582 1103/1/582 1104/1/582 
f 1104/1/582 1093/1/582 1102/1/582 
f 1088/1/595 1093/1/595 1104/1/595 
f 1104/1/832 1105/1/832 1088/1/832 
f 1088/1/594 1105/1/594 1095/1/594 
f 1095/1/594 1089/1/594 1088/1/594 
f 1106/1/598 1107/1/598 1108/1/598 
f 1108/1/598 1109/1/598 1106/1/598 
f 1110/1/833 1111/1/833 1107/1/833 
f 1107/1/599 1106/1/599 1110/1/599 
f 1107/1/596 1112/1/596 1113/1/596 
f 1113/1/834 1108/1/834 1107/1/834 
f 1107/1/597 1111/1/597 1114/1/597 
f 1114/1/597 1112/1/597 1107/1/597 
f 1115/1/835 1116/1/835 1117/1/835 
f 1117/1/835 1109/1/835 1115/1/835 
f 1106/1/611 1109/1/611 1117/1/611 
f 1117/1/611 1118/1/611 1106/1/611 
f 1106/1/610 1118/1/610 1119/1/610 
f 1119/1/836 1110/1/836 1106/1/836 
f 1095/1/837 1110/1/837 1119/1/837 
f 1119/1/838 1096/1/838 1095/1/838 
f 1110/1/606 1095/1/606 1105/1/606 
f 1105/1/839 1111/1/839 1110/1/839 
f 1104/1/605 1114/1/605 1111/1/605 
f 1111/1/840 1105/1/840 1104/1/840 
f 1114/1/604 1104/1/604 1103/1/604 
f 1103/1/841 1120/1/841 1114/1/841 
f 1120/1/603 1121/1/603 1112/1/603 
f 1112/1/603 1114/1/603 1120/1/603 
f 1121/1/602 1122/1/602 1113/1/602 
f 1113/1/601 1112/1/601 1121/1/601 
f 1122/1/600 1123/1/600 1124/1/600 
f 1124/1/600 1113/1/600 1122/1/600 
f 1108/1/614 1113/1/614 1124/1/614 
f 1124/1/614 1125/1/614 1108/1/614 
f 1108/1/613 1125/1/613 1115/1/613 
f 1115/1/613 1109/1/613 1108/1/613 
f 1126/1/618 1127/1/618 1128/1/618 
f 1128/1/842 1129/1/842 1126/1/842 
f 1130/1/619 1131/1/619 1127/1/619 
f 1127/1/619 1126/1/619 1130/1/619 
f 1127/1/615 1132/1/615 1133/1/615 
f 1133/1/615 1128/1/615 1127/1/615 
f 1127/1/617 1131/1/617 1134/1/617 
f 1134/1/617 1132/1/617 1127/1/617 
f 1135/1/843 1136/1/843 1137/1/843 
f 1137/1/844 1129/1/844 1135/1/844 
f 1126/1/630 1129/1/630 1137/1/630 
f 1137/1/630 1138/1/630 1126/1/630 
f 1126/1/629 1138/1/629 1139/1/629 
f 1139/1/629 1130/1/629 1126/1/629 
f 1115/1/845 1130/1/845 1139/1/845 
f 1139/1/846 1116/1/846 1115/1/846 
f 1130/1/627 1115/1/627 1125/1/627 
f 1125/1/627 1131/1/627 1130/1/627 
f 1124/1/625 1134/1/625 1131/1/625 
f 1131/1/625 1125/1/625 1124/1/625 
f 1134/1/624 1124/1/624 1123/1/624 
f 1123/1/624 1140/1/624 1134/1/624 
f 1140/1/847 1141/1/847 1132/1/847 
f 1132/1/847 1134/1/847 1140/1/847 
f 1141/1/621 1142/1/621 1133/1/621 
f 1133/1/621 1132/1/621 1141/1/621 
f 1142/1/620 1143/1/620 1144/1/620 
f 1144/1/620 1133/1/620 1142/1/620 
f 1128/1/634 1133/1/634 1144/1/634 
f 1144/1/848 1145/1/848 1128/1/848 
f 1128/1/633 1145/1/633 1135/1/633 
f 1135/1/633 1129/1/633 1128/1/633 
f 1146/1/849 1147/1/849 1148/1/849 
f 1148/1/849 1149/1/849 1146/1/849 
f 1150/1/640 1151/1/640 1147/1/640 
f 1147/1/640 1146/1/640 1150/1/640 
f 1147/1/636 1152/1/636 1153/1/636 
f 1153/1/636 1148/1/636 1147/1/636 
f 1147/1/850 1151/1/850 1154/1/850 
f 1154/1/850 1152/1/850 1147/1/850 
f 1155/1/654 1156/1/654 1157/1/654 
f 1157/1/654 1149/1/654 1155/1/654 
f 1146/1/851 1149/1/851 1157/1/851 
f 1157/1/653 1158/1/653 1146/1/653 
f 1146/1/651 1158/1/651 1159/1/651 
f 1159/1/651 1150/1/651 1146/1/651 
f 1135/1/649 1150/1/649 1159/1/649 
f 1159/1/649 1136/1/649 1135/1/649 
f 1150/1/648 1135/1/648 1145/1/648 
f 1145/1/648 1151/1/648 1150/1/648 
f 1144/1/852 1154/1/852 1151/1/852 
f 1151/1/852 1145/1/852 1144/1/852 
f 1154/1/646 1144/1/646 1143/1/646 
f 1143/1/646 1160/1/646 1154/1/646 
f 1160/1/644 1161/1/644 1152/1/644 
f 1152/1/644 1154/1/644 1160/1/644 
f 1161/1/643 1162/1/643 1153/1/643 
f 1153/1/643 1152/1/643 1161/1/643 
f 1162/1/853 1163/1/853 1164/1/853 
f 1164/1/853 1153/1/853 1162/1/853 
f 1148/1/657 1153/1/657 1164/1/657 
f 1164/1/657 1165/1/657 1148/1/657 
f 1148/1/656 1165/1/656 1155/1/656 
f 1155/1/656 1149/1/656 1148/1/656 
f 1166/1/660 1167/1/660 1168/1/660 
f 1168/1/660 1169/1/660 1166/1/660 
f 1170/1/662 1171/1/662 1167/1/662 
f 1167/1/661 1166/1/661 1170/1/661 
f 1167/1/658 1172/1/658 1173/1/658 
f 1173/1/658 1168/1/658 1167/1/658 
f 1167/1/659 1171/1/659 1174/1/659 
f 1174/1/659 1172/1/659 1167/1/659 
f 1175/1/674 1176/1/674 1177/1/674 
f 1177/1/674 1169/1/674 1175/1/674 
f 1166/1/854 1169/1/854 1177/1/854 
f 1177/1/854 1178/1/854 1166/1/854 
f 1166/1/671 1178/1/671 1179/1/671 
f 1179/1/671 1170/1/671 1166/1/671 
f 1155/1/670 1170/1/670 1179/1/670 
f 1179/1/670 1156/1/670 1155/1/670 
f 1170/1/855 1155/1/855 1165/1/855 
f 1165/1/855 1171/1/855 1170/1/855 
f 1164/1/668 1174/1/668 1171/1/668 
f 1171/1/668 1165/1/668 1164/1/668 
f 1174/1/667 1164/1/667 1163/1/667 
f 1163/1/667 1180/1/667 1174/1/667 
f 1180/1/666 1181/1/666 1172/1/666 
f 1172/1/666 1174/1/666 1180/1/666 
f 1181/1/664 1182/1/664 1173/1/664 
f 1173/1/664 1172/1/664 1181/1/664 
f 1182/1/663 1183/1/663 1184/1/663 
f 1184/1/663 1173/1/663 1182/1/663 
f 1168/1/676 1173/1/676 1184/1/676 
f 1184/1/676 1185/1/676 1168/1/676 
f 1168/1/675 1185/1/675 1175/1/675 
f 1175/1/675 1169/1/675 1168/1/675 
f 1186/1/681 1187/1/681 1188/1/681 
f 1188/1/681 1189/1/681 1186/1/681 
f 1190/1/683 1191/1/683 1187/1/683 
f 1187/1/683 1186/1/683 1190/1/683 
f 1187/1/679 1192/1/679 1193/1/679 
f 1193/1/679 1188/1/679 1187/1/679 
f 1187/1/680 1191/1/680 1194/1/680 
f 1194/1/856 1192/1/856 1187/1/856 
f 1195/1/857 1196/1/857 1197/1/857 
f 1197/1/857 1189/1/857 1195/1/857 
f 1186/1/692 1189/1/692 1197/1/692 
f 1197/1/692 1198/1/692 1186/1/692 
f 1186/1/691 1198/1/691 1199/1/691 
f 1199/1/691 1190/1/691 1186/1/691 
f 1175/1/690 1190/1/690 1199/1/690 
f 1199/1/690 1176/1/690 1175/1/690 
f 1190/1/689 1175/1/689 1185/1/689 
f 1185/1/689 1191/1/689 1190/1/689 
f 1184/1/688 1194/1/688 1191/1/688 
f 1191/1/688 1185/1/688 1184/1/688 
f 1194/1/858 1184/1/858 1183/1/858 
f 1183/1/858 1200/1/858 1194/1/858 
f 1200/1/686 1201/1/686 1192/1/686 
f 1192/1/686 1194/1/686 1200/1/686 
f 1201/1/859 1202/1/859 1193/1/859 
f 1193/1/859 1192/1/859 1201/1/859 
f 1202/1/860 1203/1/860 1204/1/860 
f 1204/1/860 1193/1/860 1202/1/860 
f 1188/1/695 1193/1/695 1204/1/695 
f 1204/1/695 1205/1/695 1188/1/695 
f 1188/1/694 1205/1/694 1195/1/694 
f 1195/1/694 1189/1/694 1188/1/694 
f 1206/1/699 1207/1/699 1208/1/699 
f 1208/1/699 1209/1/699 1206/1/699 
f 1210/1/700 1211/1/700 1207/1/700 
f 1207/1/700 1206/1/700 1210/1/700 
f 1207/1/696 1212/1/696 1213/1/696 
f 1213/1/696 1208/1/696 1207/1/696 
f 1207/1/861 1211/1/861 1214/1/861 
f 1214/1/697 1212/1/697 1207/1/697 
f 1215/1/714 1216/1/714 1217/1/714 
f 1217/1/714 1209/1/714 1215/1/714 
f 1206/1/713 1209/1/713 1217/1/713 
f 1217/1/713 1218/1/713 1206/1/713 
f 1206/1/862 1218/1/862 1219/1/862 
f 1219/1/862 1210/1/862 1206/1/862 
f 1195/1/863 1210/1/863 1219/1/863 
f 1219/1/864 1196/1/864 1195/1/864 
f 1210/1/709 1195/1/709 1205/1/709 
f 1205/1/865 1211/1/865 1210/1/865 
f 1204/1/866 1214/1/866 1211/1/866 
f 1211/1/707 1205/1/707 1204/1/707 
f 1214/1/867 1204/1/867 1203/1/867 
f 1203/1/868 1220/1/868 1214/1/868 
f 1220/1/704 1221/1/704 1212/1/704 
f 1212/1/704 1214/1/704 1220/1/704 
f 1221/1/703 1222/1/703 1213/1/703 
f 1213/1/703 1212/1/703 1221/1/703 
f 1222/1/869 1223/1/869 1224/1/869 
f 1224/1/869 1213/1/869 1222/1/869 
f 1208/1/870 1213/1/870 1224/1/870 
f 1224/1/870 1225/1/870 1208/1/870 
f 1208/1/871 1225/1/871 1215/1/871 
f 1215/1/872 1209/1/872 1208/1/872 
f 1226/1/719 1227/1/719 1228/1/719 
f 1228/1/719 1229/1/719 1226/1/719 
f 1230/1/721 1231/1/721 1227/1/721 
f 1227/1/721 1226/1/721 1230/1/721 
f 1227/1/717 1232/1/717 1233/1/717 
f 1233/1/717 1228/1/717 1227/1/717 
f 1227/1/718 1231/1/718 1234/1/718 
f 1234/1/718 1232/1/718 1227/1/718 
f 1235/1/735 1236/1/735 1237/1/735 
f 1237/1/735 1229/1/735 1235/1/735 
f 1226/1/733 1229/1/733 1237/1/733 
f 1237/1/733 1238/1/733 1226/1/733 
f 1226/1/873 1238/1/873 1239/1/873 
f 1239/1/732 1230/1/732 1226/1/732 
f 1215/1/731 1230/1/731 1239/1/731 
f 1239/1/731 1216/1/731 1215/1/731 
f 1230/1/730 1215/1/730 1225/1/730 
f 1225/1/874 1231/1/874 1230/1/874 
f 1224/1/729 1234/1/729 1231/1/729 
f 1231/1/729 1225/1/729 1224/1/729 
f 1234/1/875 1224/1/875 1223/1/875 
f 1223/1/876 1240/1/876 1234/1/876 
f 1240/1/877 1241/1/877 1232/1/877 
f 1232/1/878 1234/1/878 1240/1/878 
f 1241/1/723 1242/1/723 1233/1/723 
f 1233/1/723 1232/1/723 1241/1/723 
f 1242/1/879 1243/1/879 1244/1/879 
f 1244/1/722 1233/1/722 1242/1/722 
f 1228/1/738 1233/1/738 1244/1/738 
f 1244/1/738 1245/1/738 1228/1/738 
f 1228/1/880 1245/1/880 1235/1/880 
f 1235/1/880 1229/1/880 1228/1/880 
f 1246/1/743 1247/1/743 1248/1/743 
f 1248/1/743 1249/1/743 1246/1/743 
f 1250/1/881 1251/1/881 1247/1/881 
f 1247/1/881 1246/1/881 1250/1/881 
f 1247/1/882 1252/1/882 1253/1/882 
f 1253/1/883 1248/1/883 1247/1/883 
f 1247/1/741 1251/1/741 1254/1/741 
f 1254/1/741 1252/1/741 1247/1/741 
f 1255/1/760 1256/1/760 1257/1/760 
f 1257/1/884 1249/1/884 1255/1/884 
f 1246/1/758 1249/1/758 1257/1/758 
f 1257/1/758 1258/1/758 1246/1/758 
f 1246/1/885 1258/1/885 1259/1/885 
f 1259/1/885 1250/1/885 1246/1/885 
f 1235/1/886 1250/1/886 1259/1/886 
f 1259/1/886 1236/1/886 1235/1/886 
f 1250/1/753 1235/1/753 1245/1/753 
f 1245/1/753 1251/1/753 1250/1/753 
f 1244/1/751 1254/1/751 1251/1/751 
f 1251/1/751 1245/1/751 1244/1/751 
f 1254/1/887 1244/1/887 1243/1/887 
f 1243/1/888 1260/1/888 1254/1/888 
f 1260/1/748 1261/1/748 1252/1/748 
f 1252/1/748 1254/1/748 1260/1/748 
f 1261/1/747 1262/1/747 1253/1/747 
f 1253/1/747 1252/1/747 1261/1/747 
f 1262/1/745 1263/1/745 1264/1/745 
f 1264/1/745 1253/1/745 1262/1/745 
f 1248/1/762 1253/1/762 1264/1/762 
f 1264/1/762 1265/1/762 1248/1/762 
f 1248/1/761 1265/1/761 1255/1/761 
f 1255/1/761 1249/1/761 1248/1/761 
f 1266/1/765 1267/1/765 1268/1/765 
f 1268/1/765 1269/1/765 1266/1/765 
f 1270/1/766 1271/1/766 1267/1/766 
f 1267/1/766 1266/1/766 1270/1/766 
f 1267/1/763 1272/1/763 1273/1/763 
f 1273/1/763 1268/1/763 1267/1/763 
f 1267/1/764 1271/1/764 1274/1/764 
f 1274/1/764 1272/1/764 1267/1/764 
f 16/1/778 15/1/778 1275/1/778 
f 1275/1/778 1269/1/778 16/1/778 
f 1266/1/777 1269/1/777 1275/1/777 
f 1275/1/777 1276/1/777 1266/1/777 
f 1266/1/776 1276/1/776 1277/1/776 
f 1277/1/889 1270/1/889 1266/1/889 
f 1255/1/775 1270/1/775 1277/1/775 
f 1277/1/775 1256/1/775 1255/1/775 
f 1270/1/773 1255/1/773 1265/1/773 
f 1265/1/773 1271/1/773 1270/1/773 
f 1264/1/771 1274/1/771 1271/1/771 
f 1271/1/771 1265/1/771 1264/1/771 
f 1274/1/770 1264/1/770 1263/1/770 
f 1263/1/890 1278/1/890 1274/1/890 
f 1278/1/769 1279/1/769 1272/1/769 
f 1272/1/891 1274/1/891 1278/1/891 
f 1279/1/768 1280/1/768 1273/1/768 
f 1273/1/768 1272/1/768 1279/1/768 
f 18/1/767 1273/1/767 1280/1/767 
f 1280/1/767 20/1/767 18/1/767 
f 1273/1/782 18/1/782 17/1/782 
f 17/1/782 1268/1/782 1273/1/782 
f 1268/1/780 17/1/780 16/1/780 
f 16/1/892 1269/1/892 1268/1/892 
f 1281/1/893 1282/1/893 1283/1/893 
f 1283/1/894 1284/1/894 1281/1/894 
f 1285/1/895 1286/1/895 1282/1/895 
f 1282/1/896 1281/1/896 1285/1/896 
f 1282/1/897 1287/1/897 1288/1/897 
f 1288/1/897 1283/1/897 1282/1/897 
f 1289/1/898 1287/1/898 1282/1/898 
f 1282/1/899 1286/1/899 1289/1/899 
f 1290/1/900 526/1/900 548/1/900 
f 548/1/900 1284/1/900 1290/1/900 
f 1284/1/901 548/1/901 547/1/901 
f 547/1/901 1281/1/901 1284/1/901 
f 1285/1/902 1281/1/903 547/1/903 
f 547/1/903 545/1/903 1285/1/903 
f 1285/1/904 545/1/904 546/1/904 
f 546/1/904 1291/1/904 1285/1/904 
f 1285/1/905 1291/1/905 1292/1/905 
f 1292/1/905 1286/1/905 1285/1/905 
f 1293/1/906 1289/1/906 1286/1/906 
f 1286/1/906 1292/1/906 1293/1/906 
f 1289/1/907 1293/1/907 1163/1/907 
f 1163/1/907 1162/1/907 1289/1/907 
f 1289/1/908 1162/1/908 1161/1/908 
f 1161/1/908 1287/1/908 1289/1/908 
f 1161/1/909 1160/1/909 1288/1/909 
f 1288/1/909 1287/1/909 1161/1/909 
f 1160/1/910 1143/1/910 1294/1/910 
f 1294/1/910 1288/1/910 1160/1/910 
f 1283/1/911 1288/1/911 1294/1/911 
f 1294/1/911 1295/1/911 1283/1/911 
f 1283/1/912 1295/1/912 1290/1/912 
f 1290/1/912 1284/1/912 1283/1/912 
f 1296/1/913 1297/1/913 1298/1/913 
f 1298/1/913 1299/1/913 1296/1/913 
f 1300/1/914 1301/1/914 1297/1/914 
f 1297/1/914 1296/1/914 1300/1/914 
f 1297/1/915 1302/1/915 1303/1/915 
f 1303/1/915 1298/1/915 1297/1/915 
f 1301/1/916 1304/1/916 1302/1/916 
f 1302/1/917 1297/1/917 1301/1/917 
f 49/1/918 660/1/918 1299/1/918 
f 1299/1/918 1305/1/918 49/1/918 
f 665/1/919 1296/1/919 1299/1/919 
f 1299/1/919 660/1/919 665/1/919 
f 665/1/920 664/1/920 1300/1/920 
f 1300/1/921 1296/1/921 665/1/921 
f 664/1/922 641/1/922 1306/1/922 
f 1306/1/923 1300/1/923 664/1/923 
f 1300/1/924 1306/1/924 1307/1/924 
f 1307/1/925 1301/1/925 1300/1/925 
f 1308/1/926 1304/1/926 1301/1/926 
f 1301/1/926 1307/1/926 1308/1/926 
f 1304/1/927 1308/1/927 1256/1/927 
f 1256/1/927 1277/1/927 1304/1/927 
f 1304/1/928 1277/1/928 1276/1/928 
f 1276/1/928 1302/1/928 1304/1/928 
f 1302/1/929 1276/1/929 1275/1/929 
f 1275/1/929 1303/1/929 1302/1/929 
f 1275/1/930 15/1/930 1309/1/930 
f 1309/1/931 1303/1/931 1275/1/931 
f 1303/1/932 1309/1/932 1310/1/932 
f 1310/1/932 1298/1/932 1303/1/932 
f 1298/1/933 1310/1/933 1305/1/933 
f 1305/1/933 1299/1/933 1298/1/933 
f 1311/1/934 1312/1/934 1313/1/934 
f 1313/1/935 1314/1/935 1311/1/935 
f 1315/1/936 1316/1/936 1312/1/936 
f 1312/1/936 1311/1/936 1315/1/936 
f 1312/1/937 1317/1/937 1318/1/937 
f 1318/1/938 1313/1/938 1312/1/938 
f 1312/1/939 1316/1/939 1319/1/939 
f 1319/1/939 1317/1/939 1312/1/939 
f 1314/1/940 1320/1/940 141/1/940 
f 141/1/941 140/1/941 1314/1/941 
f 1314/1/942 140/1/942 150/1/942 
f 150/1/942 1311/1/942 1314/1/942 
f 1315/1/943 1311/1/943 150/1/943 
f 150/1/943 149/1/943 1315/1/943 
f 149/1/944 121/1/944 1321/1/944 
f 1321/1/945 1315/1/945 149/1/945 
f 1315/1/946 1321/1/946 1322/1/946 
f 1322/1/946 1316/1/946 1315/1/946 
f 1323/1/947 1319/1/947 1316/1/947 
f 1316/1/948 1322/1/948 1323/1/948 
f 736/1/949 759/1/949 1319/1/949 
f 1319/1/950 1323/1/950 736/1/950 
f 1319/1/951 759/1/951 758/1/951 
f 758/1/951 1317/1/951 1319/1/951 
f 758/1/952 757/1/952 1318/1/952 
f 1318/1/953 1317/1/953 758/1/953 
f 757/1/954 756/1/954 1324/1/954 
f 1324/1/954 1318/1/954 757/1/954 
f 1325/1/955 1313/1/955 1318/1/955 
f 1318/1/955 1324/1/955 1325/1/955 
f 1313/1/956 1325/1/956 1320/1/956 
f 1320/1/956 1314/1/956 1313/1/956 
f 1326/1/957 1327/1/957 1328/1/957 
f 1328/1/957 1329/1/957 1326/1/957 
f 1330/1/958 1331/1/958 1327/1/958 
f 1327/1/958 1326/1/958 1330/1/958 
f 1327/1/959 1332/1/959 1333/1/959 
f 1333/1/960 1328/1/960 1327/1/960 
f 1334/1/961 1332/1/961 1327/1/961 
f 1327/1/961 1331/1/961 1334/1/961 
f 1329/1/962 1291/1/963 546/1/962 
f 546/1/962 568/1/962 1329/1/962 
f 1329/1/964 568/1/964 567/1/964 
f 567/1/965 1326/1/965 1329/1/965 
f 1330/1/966 1326/1/966 567/1/966 
f 567/1/967 565/1/967 1330/1/967 
f 1335/1/968 1330/1/968 565/1/968 
f 565/1/968 566/1/968 1335/1/968 
f 1335/1/969 1336/1/969 1331/1/969 
f 1331/1/969 1330/1/969 1335/1/969 
f 1337/1/970 1334/1/970 1331/1/970 
f 1331/1/970 1336/1/970 1337/1/970 
f 1334/1/971 1337/1/971 1183/1/971 
f 1183/1/972 1182/1/972 1334/1/972 
f 1334/1/973 1182/1/973 1181/1/973 
f 1181/1/973 1332/1/973 1334/1/973 
f 1181/1/974 1180/1/974 1333/1/974 
f 1333/1/974 1332/1/974 1181/1/974 
f 1163/1/975 1293/1/975 1333/1/975 
f 1333/1/975 1180/1/975 1163/1/975 
f 1328/1/976 1333/1/976 1293/1/976 
f 1293/1/976 1292/1/976 1328/1/976 
f 1329/1/977 1328/1/977 1292/1/977 
f 1292/1/977 1291/1/977 1329/1/977 
f 1338/1/978 1339/1/978 1340/1/978 
f 1340/1/978 1341/1/978 1338/1/978 
f 1342/1/979 1343/1/979 1339/1/979 
f 1339/1/979 1338/1/979 1342/1/979 
f 1339/1/980 1344/1/980 1345/1/980 
f 1345/1/980 1340/1/980 1339/1/980 
f 1343/1/981 1346/1/981 1344/1/981 
f 1344/1/981 1339/1/981 1343/1/981 
f 1347/1/982 45/1/982 43/1/982 
f 43/1/982 1341/1/982 1347/1/982 
f 42/1/983 1338/1/983 1341/1/983 
f 1341/1/983 43/1/983 42/1/983 
f 41/1/984 1342/1/984 1338/1/984 
f 1338/1/985 42/1/985 41/1/985 
f 1348/1/986 1342/1/986 41/1/986 
f 41/1/986 40/1/986 1348/1/986 
f 1348/1/987 1349/1/987 1343/1/987 
f 1343/1/987 1342/1/987 1348/1/987 
f 1350/1/988 1346/1/988 1343/1/988 
f 1343/1/988 1349/1/988 1350/1/988 
f 1350/1/989 23/1/989 22/1/989 
f 22/1/990 1346/1/990 1350/1/990 
f 1344/1/991 1346/1/991 22/1/991 
f 22/1/991 21/1/991 1344/1/991 
f 1345/1/992 1344/1/992 21/1/992 
f 21/1/992 19/1/992 1345/1/992 
f 19/1/993 20/1/993 1351/1/993 
f 1351/1/993 1345/1/993 19/1/993 
f 1340/1/994 1345/1/994 1351/1/994 
f 1351/1/994 1352/1/994 1340/1/994 
f 1352/1/995 1347/1/995 1341/1/995 
f 1341/1/996 1340/1/996 1352/1/996 
f 1353/1/997 1354/1/997 1355/1/997 
f 1355/1/998 1356/1/998 1353/1/998 
f 1357/1/999 1358/1/999 1354/1/999 
f 1354/1/1000 1353/1/1000 1357/1/1000 
f 1354/1/1001 1359/1/1001 1360/1/1001 
f 1360/1/1001 1355/1/1001 1354/1/1001 
f 1358/1/1002 1361/1/1002 1359/1/1002 
f 1359/1/1002 1354/1/1002 1358/1/1002 
f 1362/1/1003 161/1/1003 160/1/1003 
f 160/1/1003 1356/1/1003 1362/1/1003 
f 170/1/1004 1353/1/1004 1356/1/1004 
f 1356/1/1004 160/1/1004 170/1/1004 
f 170/1/1005 169/1/1005 1357/1/1005 
f 1357/1/1005 1353/1/1005 170/1/1005 
f 1320/1/1006 1357/1/1006 169/1/1006 
f 169/1/1006 141/1/1006 1320/1/1006 
f 1358/1/1007 1357/1/1007 1320/1/1007 
f 1320/1/1007 1325/1/1007 1358/1/1007 
f 1358/1/1008 1325/1/1008 1324/1/1008 
f 1324/1/1008 1361/1/1008 1358/1/1008 
f 756/1/1009 779/1/1009 1361/1/1009 
f 1361/1/1009 1324/1/1009 756/1/1009 
f 1361/1/1010 779/1/1010 778/1/1010 
f 778/1/1010 1359/1/1010 1361/1/1010 
f 1359/1/1011 778/1/1011 777/1/1011 
f 777/1/1012 1360/1/1012 1359/1/1012 
f 776/1/1013 1363/1/1013 1360/1/1013 
f 1360/1/1014 777/1/1014 776/1/1014 
f 1364/1/1015 1355/1/1015 1360/1/1015 
f 1360/1/1015 1363/1/1015 1364/1/1015 
f 1364/1/1016 1362/1/1016 1356/1/1016 
f 1356/1/1017 1355/1/1017 1364/1/1017 
f 1365/1/1018 1366/1/1018 1367/1/1018 
f 1367/1/1019 1368/1/1019 1365/1/1019 
f 1369/1/1020 1370/1/1020 1366/1/1020 
f 1366/1/1020 1365/1/1020 1369/1/1020 
f 1366/1/1021 1371/1/1021 1372/1/1021 
f 1372/1/1021 1367/1/1021 1366/1/1021 
f 1373/1/1022 1371/1/1022 1366/1/1022 
f 1366/1/1023 1370/1/1023 1373/1/1023 
f 1335/1/1024 566/1/1024 588/1/1024 
f 588/1/1024 1368/1/1024 1335/1/1024 
f 1368/1/1025 588/1/1025 587/1/1025 
f 587/1/1025 1365/1/1025 1368/1/1025 
f 1369/1/1026 1365/1/1026 587/1/1026 
f 587/1/1026 585/1/1026 1369/1/1026 
f 1374/1/1027 1369/1/1027 585/1/1027 
f 585/1/1027 586/1/1027 1374/1/1027 
f 1374/1/1028 1375/1/1028 1370/1/1028 
f 1370/1/1029 1369/1/1029 1374/1/1029 
f 1375/1/1030 1376/1/1030 1373/1/1030 
f 1373/1/1030 1370/1/1030 1375/1/1030 
f 1373/1/1031 1376/1/1031 1203/1/1031 
f 1203/1/1031 1202/1/1031 1373/1/1031 
f 1373/1/1032 1202/1/1032 1201/1/1032 
f 1201/1/1032 1371/1/1032 1373/1/1032 
f 1201/1/1033 1200/1/1033 1372/1/1033 
f 1372/1/1033 1371/1/1033 1201/1/1033 
f 1200/1/1034 1183/1/1034 1337/1/1034 
f 1337/1/1035 1372/1/1035 1200/1/1035 
f 1337/1/1036 1336/1/1036 1367/1/1036 
f 1367/1/1037 1372/1/1037 1337/1/1037 
f 1335/1/1038 1368/1/1038 1367/1/1038 
f 1367/1/1038 1336/1/1038 1335/1/1038 
f 1377/1/1039 1378/1/1039 1379/1/1039 
f 1379/1/1039 1380/1/1039 1377/1/1039 
f 1381/1/1040 1382/1/1040 1378/1/1040 
f 1378/1/1040 1377/1/1040 1381/1/1040 
f 1378/1/1041 1383/1/1041 1384/1/1041 
f 1384/1/1041 1379/1/1041 1378/1/1041 
f 1382/1/1042 1385/1/1042 1383/1/1042 
f 1383/1/1043 1378/1/1043 1382/1/1043 
f 1348/1/1044 40/1/1044 68/1/1044 
f 68/1/1044 1380/1/1044 1348/1/1044 
f 67/1/1045 1377/1/1045 1380/1/1045 
f 1380/1/1045 68/1/1045 67/1/1045 
f 66/1/1046 1381/1/1046 1377/1/1046 
f 1377/1/1046 67/1/1046 66/1/1046 
f 66/1/1047 65/1/1047 1386/1/1047 
f 1386/1/1048 1381/1/1048 66/1/1048 
f 1386/1/1049 1387/1/1049 1382/1/1049 
f 1382/1/1049 1381/1/1049 1386/1/1049 
f 1388/1/1050 1385/1/1050 1382/1/1050 
f 1382/1/1050 1387/1/1050 1388/1/1050 
f 1385/1/1051 1388/1/1051 683/1/1051 
f 683/1/1051 682/1/1051 1385/1/1051 
f 1383/1/1052 1385/1/1052 682/1/1052 
f 682/1/1053 681/1/1053 1383/1/1053 
f 1384/1/1054 1383/1/1054 681/1/1054 
f 681/1/1054 680/1/1054 1384/1/1054 
f 680/1/1055 23/1/1055 1350/1/1055 
f 1350/1/1055 1384/1/1055 680/1/1055 
f 1349/1/1056 1379/1/1056 1384/1/1056 
f 1384/1/1056 1350/1/1056 1349/1/1056 
f 1380/1/1057 1379/1/1057 1349/1/1057 
f 1349/1/1057 1348/1/1057 1380/1/1057 
f 1389/1/1058 1390/1/1058 1391/1/1058 
f 1391/1/1058 1392/1/1058 1389/1/1058 
f 1393/1/1059 1394/1/1059 1390/1/1059 
f 1390/1/1059 1389/1/1059 1393/1/1059 
f 1390/1/1060 1395/1/1060 1396/1/1060 
f 1396/1/1060 1391/1/1060 1390/1/1060 
f 1394/1/1061 1397/1/1061 1395/1/1061 
f 1395/1/1061 1390/1/1061 1394/1/1061 
f 1392/1/1062 1398/1/1062 181/1/1062 
f 181/1/1063 180/1/1063 1392/1/1063 
f 190/1/1064 1389/1/1064 1392/1/1064 
f 1392/1/1065 180/1/1065 190/1/1065 
f 190/1/1066 189/1/1066 1393/1/1066 
f 1393/1/1066 1389/1/1066 190/1/1066 
f 161/1/1067 1362/1/1067 1393/1/1067 
f 1393/1/1068 189/1/1068 161/1/1068 
f 1362/1/1069 1364/1/1069 1394/1/1069 
f 1394/1/1069 1393/1/1069 1362/1/1069 
f 1397/1/1070 1394/1/1070 1364/1/1070 
f 1364/1/1071 1363/1/1071 1397/1/1071 
f 1397/1/1072 1363/1/1072 776/1/1072 
f 776/1/1072 799/1/1072 1397/1/1072 
f 1397/1/1073 799/1/1073 798/1/1073 
f 798/1/1074 1395/1/1074 1397/1/1074 
f 1395/1/1075 798/1/1075 797/1/1075 
f 797/1/1075 1396/1/1075 1395/1/1075 
f 797/1/1076 796/1/1076 1399/1/1076 
f 1399/1/1076 1396/1/1076 797/1/1076 
f 1391/1/1077 1396/1/1077 1399/1/1077 
f 1399/1/1078 1400/1/1078 1391/1/1078 
f 1400/1/1079 1398/1/1079 1392/1/1079 
f 1392/1/1079 1391/1/1079 1400/1/1079 
f 1401/1/1080 1402/1/1080 1403/1/1080 
f 1403/1/1080 1404/1/1080 1401/1/1080 
f 1405/1/1081 1406/1/1081 1402/1/1081 
f 1402/1/1081 1401/1/1081 1405/1/1081 
f 1402/1/1082 1407/1/1082 1408/1/1082 
f 1408/1/1082 1403/1/1082 1402/1/1082 
f 1409/1/1083 1407/1/1083 1402/1/1083 
f 1402/1/1083 1406/1/1083 1409/1/1083 
f 1374/1/1084 586/1/1084 608/1/1084 
f 608/1/1085 1404/1/1085 1374/1/1085 
f 1404/1/1086 608/1/1086 607/1/1086 
f 607/1/1087 1401/1/1087 1404/1/1087 
f 1405/1/1088 1401/1/1088 607/1/1088 
f 607/1/1088 605/1/1088 1405/1/1088 
f 1410/1/1089 1405/1/1089 605/1/1089 
f 605/1/1089 606/1/1089 1410/1/1089 
f 1410/1/1090 1411/1/1090 1406/1/1090 
f 1406/1/1090 1405/1/1090 1410/1/1090 
f 1409/1/1091 1406/1/1091 1411/1/1091 
f 1411/1/1092 1412/1/1092 1409/1/1092 
f 1409/1/1093 1412/1/1093 1223/1/1093 
f 1223/1/1093 1222/1/1093 1409/1/1093 
f 1409/1/1094 1222/1/1094 1221/1/1094 
f 1221/1/1094 1407/1/1094 1409/1/1094 
f 1221/1/1095 1220/1/1095 1408/1/1095 
f 1408/1/1095 1407/1/1095 1221/1/1095 
f 1203/1/1096 1376/1/1096 1408/1/1096 
f 1408/1/1096 1220/1/1096 1203/1/1096 
f 1375/1/1097 1403/1/1097 1408/1/1097 
f 1408/1/1097 1376/1/1097 1375/1/1097 
f 1404/1/1098 1403/1/1098 1375/1/1098 
f 1375/1/1098 1374/1/1098 1404/1/1098 
f 1413/1/1099 1414/1/1099 1415/1/1099 
f 1415/1/1099 1416/1/1099 1413/1/1099 
f 1417/1/1100 1418/1/1100 1414/1/1100 
f 1414/1/1100 1413/1/1100 1417/1/1100 
f 1414/1/1101 1419/1/1101 1420/1/1101 
f 1420/1/1101 1415/1/1101 1414/1/1101 
f 1418/1/1102 1421/1/1102 1419/1/1102 
f 1419/1/1102 1414/1/1102 1418/1/1102 
f 1386/1/1103 65/1/1103 88/1/1103 
f 88/1/1103 1416/1/1103 1386/1/1103 
f 1416/1/1104 88/1/1104 87/1/1104 
f 87/1/1104 1413/1/1104 1416/1/1104 
f 86/1/1105 1417/1/1105 1413/1/1105 
f 1413/1/1106 87/1/1106 86/1/1106 
f 86/1/1107 85/1/1107 1422/1/1107 
f 1422/1/1107 1417/1/1107 86/1/1107 
f 1422/1/1108 1423/1/1108 1418/1/1108 
f 1418/1/1108 1417/1/1108 1422/1/1108 
f 1421/1/1109 1418/1/1109 1423/1/1109 
f 1423/1/1109 1424/1/1109 1421/1/1109 
f 1421/1/1110 1424/1/1110 703/1/1110 
f 703/1/1110 702/1/1111 1421/1/1110 
f 1419/1/1112 1421/1/1112 702/1/1112 
f 702/1/1112 701/1/1112 1419/1/1112 
f 701/1/1113 700/1/1113 1420/1/1113 
f 1420/1/1113 1419/1/1113 701/1/1113 
f 700/1/1114 683/1/1114 1388/1/1114 
f 1388/1/1114 1420/1/1114 700/1/1114 
f 1387/1/1115 1415/1/1115 1420/1/1115 
f 1420/1/1115 1388/1/1115 1387/1/1115 
f 1415/1/1116 1387/1/1116 1386/1/1116 
f 1386/1/1116 1416/1/1116 1415/1/1116 
f 1425/1/1117 1426/1/1117 1427/1/1117 
f 1427/1/1118 1428/1/1118 1425/1/1118 
f 1429/1/1119 1430/1/1119 1426/1/1119 
f 1426/1/1119 1425/1/1119 1429/1/1119 
f 1426/1/1120 1431/1/1120 1432/1/1120 
f 1432/1/1120 1427/1/1120 1426/1/1120 
f 1430/1/1121 1433/1/1121 1431/1/1121 
f 1431/1/1121 1426/1/1121 1430/1/1121 
f 201/1/1122 200/1/1122 1428/1/1122 
f 1428/1/1123 1434/1/1123 201/1/1123 
f 210/1/1124 1425/1/1124 1428/1/1124 
f 1428/1/1124 200/1/1124 210/1/1124 
f 210/1/1125 209/1/1125 1429/1/1125 
f 1429/1/1126 1425/1/1126 210/1/1126 
f 1429/1/1127 209/1/1127 181/1/1127 
f 181/1/1127 1398/1/1127 1429/1/1127 
f 1430/1/1128 1429/1/1128 1398/1/1128 
f 1398/1/1128 1400/1/1128 1430/1/1128 
f 1399/1/1129 1433/1/1129 1430/1/1129 
f 1430/1/1129 1400/1/1129 1399/1/1129 
f 819/1/1130 1433/1/1130 1399/1/1130 
f 1399/1/1130 796/1/1130 819/1/1130 
f 1433/1/1131 819/1/1131 818/1/1131 
f 818/1/1132 1431/1/1132 1433/1/1132 
f 1431/1/1133 818/1/1133 817/1/1133 
f 817/1/1133 1432/1/1133 1431/1/1133 
f 817/1/1134 816/1/1134 1435/1/1134 
f 1435/1/1135 1432/1/1135 817/1/1135 
f 1427/1/1136 1432/1/1136 1435/1/1136 
f 1435/1/1137 1436/1/1137 1427/1/1137 
f 1436/1/1138 1434/1/1138 1428/1/1138 
f 1428/1/1138 1427/1/1138 1436/1/1138 
f 1437/1/1139 1438/1/1139 1439/1/1139 
f 1439/1/1139 1440/1/1139 1437/1/1139 
f 1441/1/1140 1442/1/1140 1438/1/1140 
f 1438/1/1140 1437/1/1140 1441/1/1140 
f 1438/1/1141 1443/1/1141 1444/1/1141 
f 1444/1/1142 1439/1/1142 1438/1/1142 
f 1445/1/1143 1443/1/1143 1438/1/1143 
f 1438/1/1143 1442/1/1143 1445/1/1143 
f 1410/1/1144 606/1/1144 628/1/1144 
f 628/1/1144 1440/1/1144 1410/1/1144 
f 1440/1/1145 628/1/1145 627/1/1145 
f 627/1/1145 1437/1/1145 1440/1/1145 
f 1441/1/1146 1437/1/1146 627/1/1146 
f 627/1/1146 625/1/1146 1441/1/1146 
f 1446/1/1147 1441/1/1147 625/1/1147 
f 625/1/1148 626/1/1148 1446/1/1148 
f 1446/1/1149 1447/1/1149 1442/1/1149 
f 1442/1/1149 1441/1/1149 1446/1/1149 
f 1445/1/1150 1442/1/1150 1447/1/1150 
f 1447/1/1150 1448/1/1150 1445/1/1150 
f 1445/1/1151 1448/1/1151 1243/1/1151 
f 1243/1/1151 1242/1/1151 1445/1/1151 
f 1445/1/1152 1242/1/1152 1241/1/1152 
f 1241/1/1152 1443/1/1152 1445/1/1152 
f 1241/1/1153 1240/1/1153 1444/1/1153 
f 1444/1/1153 1443/1/1153 1241/1/1153 
f 1240/1/1154 1223/1/1154 1412/1/1154 
f 1412/1/1155 1444/1/1155 1240/1/1155 
f 1439/1/1156 1444/1/1156 1412/1/1156 
f 1412/1/1156 1411/1/1156 1439/1/1156 
f 1440/1/1157 1439/1/1157 1411/1/1157 
f 1411/1/1157 1410/1/1157 1440/1/1157 
f 1449/1/1158 1450/1/1158 1451/1/1158 
f 1451/1/1158 1452/1/1158 1449/1/1158 
f 1453/1/1159 1454/1/1159 1450/1/1159 
f 1450/1/1159 1449/1/1159 1453/1/1159 
f 1450/1/1160 1455/1/1160 1456/1/1160 
f 1456/1/1160 1451/1/1160 1450/1/1160 
f 1454/1/1161 1457/1/1161 1455/1/1161 
f 1455/1/1161 1450/1/1161 1454/1/1161 
f 1452/1/1162 1422/1/1162 85/1/1162 
f 85/1/1163 108/1/1163 1452/1/1163 
f 107/1/1164 1449/1/1164 1452/1/1164 
f 1452/1/1164 108/1/1164 107/1/1164 
f 105/1/1165 1453/1/1165 1449/1/1165 
f 1449/1/1165 107/1/1165 105/1/1165 
f 1458/1/1166 1453/1/1166 105/1/1166 
f 105/1/1166 106/1/1166 1458/1/1166 
f 1458/1/1167 1459/1/1167 1454/1/1167 
f 1454/1/1167 1453/1/1167 1458/1/1167 
f 1457/1/1168 1454/1/1168 1459/1/1168 
f 1459/1/1168 1460/1/1168 1457/1/1168 
f 1457/1/1169 1460/1/1169 723/1/1169 
f 723/1/1169 722/1/1169 1457/1/1169 
f 1455/1/1170 1457/1/1170 722/1/1170 
f 722/1/1171 721/1/1171 1455/1/1171 
f 1456/1/1172 1455/1/1172 721/1/1172 
f 721/1/1172 720/1/1172 1456/1/1172 
f 720/1/1173 703/1/1173 1424/1/1173 
f 1424/1/1174 1456/1/1174 720/1/1174 
f 1423/1/1175 1451/1/1175 1456/1/1175 
f 1456/1/1176 1424/1/1176 1423/1/1176 
f 1452/1/1177 1451/1/1177 1423/1/1177 
f 1423/1/1178 1422/1/1178 1452/1/1178 
f 1461/1/895 1462/1/895 1463/1/895 
f 1463/1/896 1464/1/896 1461/1/896 
f 1465/1/894 1466/1/894 1462/1/894 
f 1462/1/894 1461/1/894 1465/1/894 
f 1462/1/899 1467/1/899 1468/1/899 
f 1468/1/899 1463/1/899 1462/1/899 
f 1466/1/897 1469/1/897 1467/1/897 
f 1467/1/897 1462/1/897 1466/1/897 
f 1464/1/904 1470/1/904 221/1/904 
f 221/1/904 220/1/904 1464/1/904 
f 230/1/903 1461/1/903 1464/1/903 
f 1464/1/903 220/1/903 230/1/903 
f 230/1/901 229/1/901 1465/1/901 
f 1465/1/901 1461/1/901 230/1/901 
f 1434/1/900 1465/1/900 229/1/900 
f 229/1/900 201/1/900 1434/1/900 
f 1466/1/912 1465/1/912 1434/1/912 
f 1434/1/912 1436/1/912 1466/1/912 
f 1435/1/911 1469/1/911 1466/1/911 
f 1466/1/911 1436/1/911 1435/1/911 
f 839/1/910 1469/1/910 1435/1/910 
f 1435/1/910 816/1/910 839/1/910 
f 1469/1/1179 839/1/1179 838/1/1179 
f 838/1/1180 1467/1/1180 1469/1/1180 
f 1467/1/1181 838/1/1181 837/1/1181 
f 837/1/908 1468/1/908 1467/1/908 
f 837/1/907 836/1/907 1471/1/907 
f 1471/1/907 1468/1/907 837/1/907 
f 1463/1/906 1468/1/906 1471/1/906 
f 1471/1/906 1472/1/906 1463/1/906 
f 1472/1/905 1470/1/905 1464/1/905 
f 1464/1/905 1463/1/905 1472/1/905 
f 1473/1/1182 1474/1/1182 1475/1/1182 
f 1475/1/1183 1476/1/1183 1473/1/1183 
f 1477/1/1184 1478/1/1184 1474/1/1184 
f 1474/1/1184 1473/1/1184 1477/1/1184 
f 1474/1/1185 1479/1/1185 1480/1/1185 
f 1480/1/1185 1475/1/1185 1474/1/1185 
f 1481/1/1186 1479/1/1186 1474/1/1186 
f 1474/1/1186 1478/1/1186 1481/1/1186 
f 1446/1/1187 626/1/1187 648/1/1187 
f 648/1/1187 1476/1/1187 1446/1/1187 
f 1476/1/1188 648/1/1188 647/1/1188 
f 647/1/1188 1473/1/1188 1476/1/1188 
f 1477/1/1189 1473/1/1189 647/1/1189 
f 647/1/1189 645/1/1189 1477/1/1189 
f 1482/1/1190 1477/1/1190 645/1/1190 
f 645/1/1190 646/1/1190 1482/1/1190 
f 1482/1/1191 1483/1/1191 1478/1/1191 
f 1478/1/1191 1477/1/1191 1482/1/1191 
f 1481/1/1192 1478/1/1192 1483/1/1192 
f 1483/1/1192 1484/1/1192 1481/1/1192 
f 1481/1/1193 1484/1/1193 1263/1/1193 
f 1263/1/1194 1262/1/1194 1481/1/1194 
f 1481/1/1195 1262/1/1195 1261/1/1195 
f 1261/1/1195 1479/1/1195 1481/1/1195 
f 1261/1/1196 1260/1/1196 1480/1/1196 
f 1480/1/1196 1479/1/1196 1261/1/1196 
f 1260/1/1197 1243/1/1197 1448/1/1197 
f 1448/1/1198 1480/1/1198 1260/1/1198 
f 1475/1/1199 1480/1/1199 1448/1/1199 
f 1448/1/1200 1447/1/1200 1475/1/1200 
f 1476/1/1201 1475/1/1201 1447/1/1201 
f 1447/1/1202 1446/1/1202 1476/1/1202 
f 1485/1/1203 1486/1/1203 1487/1/1203 
f 1487/1/1203 1488/1/1203 1485/1/1203 
f 1489/1/1204 1490/1/1204 1486/1/1204 
f 1486/1/1204 1485/1/1204 1489/1/1204 
f 1486/1/1205 1491/1/1205 1492/1/1205 
f 1492/1/1206 1487/1/1206 1486/1/1206 
f 1490/1/1207 1493/1/1207 1491/1/1207 
f 1491/1/1207 1486/1/1207 1490/1/1207 
f 1458/1/1208 106/1/1208 128/1/1208 
f 128/1/1208 1488/1/1208 1458/1/1208 
f 127/1/1209 1485/1/1209 1488/1/1209 
f 1488/1/1209 128/1/1209 127/1/1209 
f 126/1/1210 1489/1/1210 1485/1/1210 
f 1485/1/1210 127/1/1210 126/1/1210 
f 1494/1/1211 1489/1/1211 126/1/1211 
f 126/1/1211 125/1/1211 1494/1/1211 
f 1494/1/1212 1495/1/1212 1490/1/1212 
f 1490/1/1212 1489/1/1212 1494/1/1212 
f 1493/1/1213 1490/1/1213 1495/1/1213 
f 1495/1/1213 1496/1/1213 1493/1/1213 
f 1493/1/1214 1496/1/1214 743/1/1214 
f 743/1/1214 742/1/1214 1493/1/1214 
f 1491/1/1215 1493/1/1215 742/1/1215 
f 742/1/1215 741/1/1215 1491/1/1215 
f 1492/1/1216 1491/1/1216 741/1/1216 
f 741/1/1216 740/1/1216 1492/1/1216 
f 740/1/1217 723/1/1217 1460/1/1217 
f 1460/1/1217 1492/1/1217 740/1/1217 
f 1459/1/1218 1487/1/1218 1492/1/1218 
f 1492/1/1219 1460/1/1219 1459/1/1219 
f 1488/1/1220 1487/1/1220 1459/1/1220 
f 1459/1/1221 1458/1/1221 1488/1/1221 
f 1497/1/1222 1498/1/1222 1499/1/1222 
f 1499/1/1223 1500/1/1223 1497/1/1223 
f 1501/1/1224 1502/1/1224 1498/1/1224 
f 1498/1/1225 1497/1/1225 1501/1/1225 
f 1498/1/961 1503/1/961 1504/1/961 
f 1504/1/961 1499/1/961 1498/1/961 
f 1502/1/960 1505/1/960 1503/1/960 
f 1503/1/960 1498/1/960 1502/1/960 
f 1500/1/968 1506/1/968 241/1/968 
f 241/1/968 240/1/968 1500/1/968 
f 250/1/966 1497/1/966 1500/1/966 
f 1500/1/966 240/1/966 250/1/966 
f 250/1/964 249/1/964 1501/1/964 
f 1501/1/964 1497/1/964 250/1/964 
f 1470/1/1226 1501/1/1226 249/1/1226 
f 249/1/1226 221/1/1226 1470/1/1226 
f 1502/1/977 1501/1/977 1470/1/977 
f 1470/1/977 1472/1/977 1502/1/977 
f 1471/1/976 1505/1/976 1502/1/976 
f 1502/1/976 1472/1/976 1471/1/976 
f 859/1/1227 1505/1/1227 1471/1/1227 
f 1471/1/1227 836/1/1227 859/1/1227 
f 1505/1/1228 859/1/1228 858/1/1228 
f 858/1/974 1503/1/974 1505/1/974 
f 1503/1/973 858/1/973 857/1/973 
f 857/1/973 1504/1/973 1503/1/973 
f 857/1/972 856/1/972 1507/1/972 
f 1507/1/972 1504/1/972 857/1/972 
f 1499/1/1229 1504/1/1229 1507/1/1229 
f 1507/1/1230 1508/1/1230 1499/1/1230 
f 1508/1/969 1506/1/969 1500/1/969 
f 1500/1/969 1499/1/969 1508/1/969 
f 1509/1/1231 1510/1/1231 1511/1/1231 
f 1511/1/1232 1512/1/1232 1509/1/1232 
f 1513/1/1233 1514/1/1233 1510/1/1233 
f 1510/1/1233 1509/1/1233 1513/1/1233 
f 1510/1/1234 1515/1/1234 1516/1/1234 
f 1516/1/1235 1511/1/1235 1510/1/1235 
f 1517/1/1236 1515/1/1236 1510/1/1236 
f 1510/1/1236 1514/1/1236 1517/1/1236 
f 1482/1/1237 646/1/1237 663/1/1237 
f 663/1/1237 1512/1/1237 1482/1/1237 
f 1512/1/1238 663/1/1238 662/1/1238 
f 662/1/1239 1509/1/1239 1512/1/1239 
f 1513/1/1240 1509/1/1240 662/1/1240 
f 662/1/1240 661/1/1240 1513/1/1240 
f 1347/1/1241 1513/1/1241 661/1/1241 
f 661/1/1242 45/1/1242 1347/1/1242 
f 1352/1/1243 1514/1/1243 1513/1/1243 
f 1513/1/1243 1347/1/1243 1352/1/1243 
f 1351/1/1244 1517/1/1244 1514/1/1244 
f 1514/1/1244 1352/1/1244 1351/1/1244 
f 1517/1/1245 1351/1/1245 20/1/1245 
f 20/1/1246 1280/1/1246 1517/1/1246 
f 1517/1/1247 1280/1/1247 1279/1/1247 
f 1279/1/1247 1515/1/1247 1517/1/1247 
f 1279/1/1248 1278/1/1248 1516/1/1248 
f 1516/1/1248 1515/1/1248 1279/1/1248 
f 1278/1/1249 1263/1/1249 1484/1/1249 
f 1484/1/1250 1516/1/1250 1278/1/1250 
f 1511/1/1251 1516/1/1251 1484/1/1251 
f 1484/1/1251 1483/1/1251 1511/1/1251 
f 1512/1/1252 1511/1/1252 1483/1/1252 
f 1483/1/1253 1482/1/1253 1512/1/1253 
f 1518/1/1254 1519/1/1254 1520/1/1254 
f 1520/1/1255 1521/1/1255 1518/1/1255 
f 1522/1/1256 1523/1/1256 1519/1/1256 
f 1519/1/1257 1518/1/1257 1522/1/1257 
f 1519/1/1258 1524/1/1258 1525/1/1258 
f 1525/1/1258 1520/1/1258 1519/1/1258 
f 1523/1/1259 1526/1/1259 1524/1/1259 
f 1524/1/1259 1519/1/1259 1523/1/1259 
f 1494/1/1260 125/1/1260 148/1/1260 
f 148/1/1261 1521/1/1261 1494/1/1261 
f 147/1/1262 1518/1/1262 1521/1/1262 
f 1521/1/1262 148/1/1262 147/1/1262 
f 146/1/1263 1522/1/1263 1518/1/1263 
f 1518/1/1264 147/1/1264 146/1/1264 
f 146/1/1265 145/1/1265 1527/1/1265 
f 1527/1/1265 1522/1/1265 146/1/1265 
f 1527/1/1266 1528/1/1266 1523/1/1266 
f 1523/1/1266 1522/1/1266 1527/1/1266 
f 1523/1/1267 1528/1/1267 1529/1/1267 
f 1529/1/1267 1526/1/1267 1523/1/1267 
f 763/1/1268 762/1/1268 1526/1/1268 
f 1526/1/1268 1529/1/1268 763/1/1268 
f 1524/1/1269 1526/1/1269 762/1/1269 
f 762/1/1269 761/1/1269 1524/1/1269 
f 1525/1/1270 1524/1/1270 761/1/1270 
f 761/1/1271 760/1/1271 1525/1/1271 
f 760/1/1272 743/1/1272 1496/1/1272 
f 1496/1/1272 1525/1/1272 760/1/1272 
f 1495/1/1273 1520/1/1273 1525/1/1273 
f 1525/1/1273 1496/1/1273 1495/1/1273 
f 1521/1/1274 1520/1/1274 1495/1/1274 
f 1495/1/1275 1494/1/1275 1521/1/1275 
f 1530/1/1276 1531/1/1276 1532/1/1276 
f 1532/1/1277 1533/1/1277 1530/1/1277 
f 1534/1/1018 1535/1/1018 1531/1/1018 
f 1531/1/1018 1530/1/1018 1534/1/1018 
f 1531/1/1023 1536/1/1023 1537/1/1023 
f 1537/1/1023 1532/1/1023 1531/1/1023 
f 1535/1/1021 1538/1/1021 1536/1/1021 
f 1536/1/1021 1531/1/1021 1535/1/1021 
f 1533/1/1278 1539/1/1278 261/1/1278 
f 261/1/1027 260/1/1027 1533/1/1027 
f 270/1/1026 1530/1/1026 1533/1/1026 
f 1533/1/1026 260/1/1026 270/1/1026 
f 270/1/1025 269/1/1025 1534/1/1025 
f 1534/1/1025 1530/1/1025 270/1/1025 
f 1506/1/1024 1534/1/1024 269/1/1024 
f 269/1/1024 241/1/1024 1506/1/1024 
f 1535/1/1038 1534/1/1038 1506/1/1038 
f 1506/1/1038 1508/1/1038 1535/1/1038 
f 1507/1/1279 1538/1/1279 1535/1/1279 
f 1535/1/1037 1508/1/1279 1507/1/1279 
f 879/1/1035 1538/1/1035 1507/1/1035 
f 1507/1/1035 856/1/1035 879/1/1035 
f 1538/1/1033 879/1/1033 878/1/1033 
f 878/1/1033 1536/1/1033 1538/1/1033 
f 1536/1/1032 878/1/1032 877/1/1032 
f 877/1/1032 1537/1/1032 1536/1/1032 
f 1537/1/1280 877/1/1280 876/1/1280 
f 876/1/1280 1540/1/1280 1537/1/1280 
f 1537/1/1030 1540/1/1030 1541/1/1030 
f 1541/1/1030 1532/1/1030 1537/1/1030 
f 1532/1/1029 1541/1/1029 1539/1/1029 
f 1539/1/1029 1533/1/1029 1532/1/1029 
f 1542/1/1281 1543/1/1281 1544/1/1281 
f 1544/1/1281 1545/1/1281 1542/1/1281 
f 1546/1/1282 1547/1/1282 1543/1/1282 
f 1543/1/1283 1542/1/1283 1546/1/1283 
f 1543/1/1284 1548/1/1284 1549/1/1284 
f 1549/1/1284 1544/1/1284 1543/1/1284 
f 1550/1/1285 1548/1/1285 1543/1/1285 
f 1543/1/1285 1547/1/1285 1550/1/1285 
f 1527/1/1286 145/1/1286 168/1/1286 
f 168/1/1286 1545/1/1286 1527/1/1286 
f 1545/1/1287 168/1/1287 167/1/1287 
f 167/1/1288 1542/1/1288 1545/1/1288 
f 1546/1/1289 1542/1/1289 167/1/1289 
f 167/1/1289 166/1/1289 1546/1/1289 
f 1551/1/1290 1546/1/1290 166/1/1290 
f 166/1/1290 165/1/1290 1551/1/1290 
f 1551/1/1291 1552/1/1291 1547/1/1291 
f 1547/1/1291 1546/1/1291 1551/1/1291 
f 1550/1/1292 1547/1/1292 1552/1/1292 
f 1552/1/1293 1553/1/1293 1550/1/1293 
f 783/1/1294 782/1/1294 1550/1/1294 
f 1550/1/1294 1553/1/1294 783/1/1294 
f 1550/1/1295 782/1/1295 781/1/1295 
f 781/1/1295 1548/1/1295 1550/1/1295 
f 781/1/1296 780/1/1296 1549/1/1296 
f 1549/1/1296 1548/1/1296 781/1/1296 
f 780/1/1297 763/1/1297 1529/1/1297 
f 1529/1/1297 1549/1/1297 780/1/1297 
f 1544/1/1298 1549/1/1298 1529/1/1298 
f 1529/1/1298 1528/1/1298 1544/1/1298 
f 1545/1/1299 1544/1/1299 1528/1/1299 
f 1528/1/1299 1527/1/1299 1545/1/1299 
f 1554/1/1081 1555/1/1081 1556/1/1081 
f 1556/1/1081 1557/1/1081 1554/1/1081 
f 1558/1/1080 1559/1/1080 1555/1/1080 
f 1555/1/1080 1554/1/1080 1558/1/1080 
f 1555/1/1083 1560/1/1083 1561/1/1083 
f 1561/1/1083 1556/1/1083 1555/1/1083 
f 1559/1/1082 1562/1/1082 1560/1/1082 
f 1560/1/1082 1555/1/1082 1559/1/1082 
f 1557/1/1089 1563/1/1089 281/1/1089 
f 281/1/1089 280/1/1089 1557/1/1089 
f 290/1/1088 1554/1/1088 1557/1/1088 
f 1557/1/1088 280/1/1088 290/1/1088 
f 290/1/1300 289/1/1300 1558/1/1300 
f 1558/1/1086 1554/1/1086 290/1/1086 
f 289/1/1085 261/1/1085 1539/1/1085 
f 1539/1/1085 1558/1/1085 289/1/1085 
f 1559/1/1098 1558/1/1098 1539/1/1098 
f 1539/1/1098 1541/1/1098 1559/1/1098 
f 1540/1/1097 1562/1/1097 1559/1/1097 
f 1559/1/1097 1541/1/1097 1540/1/1097 
f 1540/1/1096 876/1/1096 899/1/1096 
f 899/1/1096 1562/1/1096 1540/1/1096 
f 1562/1/1095 899/1/1095 898/1/1095 
f 898/1/1095 1560/1/1095 1562/1/1095 
f 1560/1/1301 898/1/1301 897/1/1301 
f 897/1/1094 1561/1/1094 1560/1/1094 
f 1561/1/1302 897/1/1302 896/1/1302 
f 896/1/1302 1564/1/1302 1561/1/1302 
f 1565/1/1092 1556/1/1092 1561/1/1092 
f 1561/1/1092 1564/1/1092 1565/1/1092 
f 1556/1/1090 1565/1/1090 1563/1/1090 
f 1563/1/1090 1557/1/1303 1556/1/1303 
f 1566/1/1304 1567/1/1304 1568/1/1304 
f 1568/1/1304 1569/1/1304 1566/1/1304 
f 1570/1/1305 1571/1/1305 1567/1/1305 
f 1567/1/1305 1566/1/1305 1570/1/1305 
f 1567/1/1306 1572/1/1306 1573/1/1306 
f 1573/1/1306 1568/1/1306 1567/1/1306 
f 1574/1/1307 1572/1/1307 1567/1/1307 
f 1567/1/1307 1571/1/1307 1574/1/1307 
f 1551/1/1308 165/1/1308 188/1/1308 
f 188/1/1308 1569/1/1308 1551/1/1308 
f 1569/1/1309 188/1/1309 187/1/1309 
f 187/1/1310 1566/1/1310 1569/1/1310 
f 1570/1/1311 1566/1/1311 187/1/1311 
f 187/1/1312 185/1/1312 1570/1/1312 
f 1570/1/1313 185/1/1313 186/1/1313 
f 186/1/1313 1575/1/1313 1570/1/1313 
f 1575/1/1314 1576/1/1314 1571/1/1314 
f 1571/1/1314 1570/1/1314 1575/1/1314 
f 1574/1/1315 1571/1/1315 1576/1/1315 
f 1576/1/1315 1577/1/1315 1574/1/1315 
f 803/1/1316 802/1/1316 1574/1/1316 
f 1574/1/1317 1577/1/1317 803/1/1317 
f 1574/1/1318 802/1/1318 801/1/1318 
f 801/1/1319 1572/1/1319 1574/1/1319 
f 801/1/1320 800/1/1320 1573/1/1320 
f 1573/1/1320 1572/1/1320 801/1/1320 
f 800/1/1321 783/1/1321 1553/1/1321 
f 1553/1/1321 1573/1/1321 800/1/1321 
f 1552/1/1322 1568/1/1322 1573/1/1322 
f 1573/1/1323 1553/1/1323 1552/1/1323 
f 1568/1/1324 1552/1/1324 1551/1/1324 
f 1551/1/1325 1569/1/1325 1568/1/1325 
f 1578/1/1140 1579/1/1140 1580/1/1140 
f 1580/1/1140 1581/1/1140 1578/1/1140 
f 1582/1/1139 1583/1/1139 1579/1/1139 
f 1579/1/1326 1578/1/1326 1582/1/1326 
f 1579/1/1143 1584/1/1143 1585/1/1143 
f 1585/1/1143 1580/1/1143 1579/1/1143 
f 1583/1/1141 1586/1/1141 1584/1/1141 
f 1584/1/1141 1579/1/1141 1583/1/1141 
f 1581/1/1147 1587/1/1147 301/1/1147 
f 301/1/1327 300/1/1327 1581/1/1327 
f 310/1/1146 1578/1/1146 1581/1/1146 
f 1581/1/1328 300/1/1328 310/1/1328 
f 310/1/1145 309/1/1145 1582/1/1145 
f 1582/1/1145 1578/1/1145 310/1/1145 
f 309/1/1144 281/1/1144 1563/1/1144 
f 1563/1/1144 1582/1/1144 309/1/1144 
f 1583/1/1157 1582/1/1157 1563/1/1157 
f 1563/1/1157 1565/1/1157 1583/1/1157 
f 1564/1/1156 1586/1/1156 1583/1/1156 
f 1583/1/1156 1565/1/1156 1564/1/1156 
f 1564/1/1154 896/1/1154 919/1/1154 
f 919/1/1154 1586/1/1154 1564/1/1154 
f 1586/1/1329 919/1/1329 918/1/1329 
f 918/1/1330 1584/1/1330 1586/1/1330 
f 1584/1/1331 918/1/1331 917/1/1331 
f 917/1/1152 1585/1/1152 1584/1/1152 
f 1585/1/1151 917/1/1151 916/1/1151 
f 916/1/1151 1588/1/1151 1585/1/1151 
f 1589/1/1150 1580/1/1150 1585/1/1150 
f 1585/1/1150 1588/1/1150 1589/1/1150 
f 1580/1/1149 1589/1/1149 1587/1/1149 
f 1587/1/1149 1581/1/1149 1580/1/1149 
f 1590/1/1332 1591/1/1332 1592/1/1332 
f 1592/1/1332 1593/1/1332 1590/1/1332 
f 1594/1/1333 1595/1/1333 1591/1/1333 
f 1591/1/1333 1590/1/1333 1594/1/1333 
f 1591/1/1334 1596/1/1334 1597/1/1334 
f 1597/1/1334 1592/1/1334 1591/1/1334 
f 1598/1/1335 1596/1/1335 1591/1/1335 
f 1591/1/1335 1595/1/1335 1598/1/1335 
f 1575/1/1336 186/1/1336 208/1/1336 
f 208/1/1336 1593/1/1336 1575/1/1336 
f 1593/1/1337 208/1/1337 207/1/1337 
f 207/1/1338 1590/1/1338 1593/1/1338 
f 1594/1/1339 1590/1/1339 207/1/1339 
f 207/1/1340 205/1/1340 1594/1/1340 
f 1594/1/1341 205/1/1341 206/1/1341 
f 206/1/1342 1599/1/1342 1594/1/1342 
f 1599/1/1343 1600/1/1343 1595/1/1343 
f 1595/1/1344 1594/1/1344 1599/1/1344 
f 1598/1/1345 1595/1/1345 1600/1/1345 
f 1600/1/1346 1601/1/1346 1598/1/1346 
f 823/1/1347 822/1/1347 1598/1/1347 
f 1598/1/1347 1601/1/1347 823/1/1347 
f 1598/1/1348 822/1/1348 821/1/1348 
f 821/1/1348 1596/1/1348 1598/1/1348 
f 821/1/1349 820/1/1349 1597/1/1349 
f 1597/1/1350 1596/1/1350 821/1/1350 
f 820/1/1351 803/1/1351 1577/1/1351 
f 1577/1/1351 1597/1/1351 820/1/1351 
f 1576/1/1352 1592/1/1352 1597/1/1352 
f 1597/1/1353 1577/1/1353 1576/1/1353 
f 1575/1/1354 1593/1/1354 1592/1/1354 
f 1592/1/1354 1576/1/1354 1575/1/1354 
f 1602/1/1184 1603/1/1184 1604/1/1184 
f 1604/1/1184 1605/1/1184 1602/1/1184 
f 1606/1/1182 1607/1/1182 1603/1/1182 
f 1603/1/1182 1602/1/1182 1606/1/1182 
f 1603/1/1186 1608/1/1186 1609/1/1186 
f 1609/1/1186 1604/1/1186 1603/1/1186 
f 1607/1/1185 1610/1/1185 1608/1/1185 
f 1608/1/1185 1603/1/1185 1607/1/1185 
f 1605/1/1190 1611/1/1190 321/1/1190 
f 321/1/1355 320/1/1355 1605/1/1355 
f 330/1/1189 1602/1/1189 1605/1/1189 
f 1605/1/1356 320/1/1356 330/1/1356 
f 330/1/1188 329/1/1188 1606/1/1188 
f 1606/1/1188 1602/1/1188 330/1/1188 
f 329/1/1357 301/1/1357 1587/1/1357 
f 1587/1/1357 1606/1/1357 329/1/1357 
f 1607/1/1201 1606/1/1201 1587/1/1201 
f 1587/1/1202 1589/1/1202 1607/1/1202 
f 1588/1/1200 1610/1/1200 1607/1/1200 
f 1607/1/1200 1589/1/1200 1588/1/1200 
f 1588/1/1358 916/1/1358 939/1/1358 
f 939/1/1358 1610/1/1358 1588/1/1358 
f 1610/1/1359 939/1/1359 938/1/1359 
f 938/1/1196 1608/1/1196 1610/1/1196 
f 1608/1/1195 938/1/1195 937/1/1195 
f 937/1/1195 1609/1/1195 1608/1/1195 
f 1609/1/1194 937/1/1194 936/1/1194 
f 936/1/1193 1612/1/1193 1609/1/1193 
f 1609/1/1192 1612/1/1192 1613/1/1192 
f 1613/1/1192 1604/1/1192 1609/1/1192 
f 1604/1/1360 1613/1/1360 1611/1/1360 
f 1611/1/1191 1605/1/1191 1604/1/1191 
f 1614/1/1361 1615/1/1361 1616/1/1361 
f 1616/1/1361 1617/1/1361 1614/1/1361 
f 1618/1/1362 1619/1/1362 1615/1/1362 
f 1615/1/1362 1614/1/1362 1618/1/1362 
f 1615/1/1363 1620/1/1363 1621/1/1363 
f 1621/1/1364 1616/1/1364 1615/1/1364 
f 1622/1/1365 1620/1/1365 1615/1/1365 
f 1615/1/1365 1619/1/1365 1622/1/1365 
f 1599/1/1366 206/1/1366 228/1/1366 
f 228/1/1366 1617/1/1366 1599/1/1366 
f 1617/1/1367 228/1/1367 227/1/1367 
f 227/1/1367 1614/1/1367 1617/1/1367 
f 1618/1/1368 1614/1/1368 227/1/1368 
f 227/1/1368 225/1/1368 1618/1/1368 
f 1618/1/1369 225/1/1369 226/1/1369 
f 226/1/1369 1623/1/1369 1618/1/1369 
f 1623/1/1370 1624/1/1370 1619/1/1370 
f 1619/1/1370 1618/1/1370 1623/1/1370 
f 1622/1/1371 1619/1/1371 1624/1/1371 
f 1624/1/1371 1625/1/1371 1622/1/1371 
f 843/1/1372 842/1/1372 1622/1/1372 
f 1622/1/1372 1625/1/1372 843/1/1372 
f 1622/1/1373 842/1/1373 841/1/1373 
f 841/1/1373 1620/1/1373 1622/1/1373 
f 841/1/1374 840/1/1374 1621/1/1374 
f 1621/1/1374 1620/1/1374 841/1/1374 
f 840/1/1375 823/1/1375 1601/1/1375 
f 1601/1/1375 1621/1/1375 840/1/1375 
f 1600/1/1376 1616/1/1376 1621/1/1376 
f 1621/1/1376 1601/1/1376 1600/1/1376 
f 1616/1/1377 1600/1/1377 1599/1/1377 
f 1599/1/1378 1617/1/1378 1616/1/1378 
f 1626/1/1233 1627/1/1233 1628/1/1233 
f 1628/1/1233 1629/1/1233 1626/1/1233 
f 1630/1/1379 1631/1/1379 1627/1/1379 
f 1627/1/1231 1626/1/1231 1630/1/1231 
f 1627/1/1236 1632/1/1236 1633/1/1236 
f 1633/1/1236 1628/1/1236 1627/1/1236 
f 1631/1/1235 1634/1/1235 1632/1/1235 
f 1632/1/1235 1627/1/1235 1631/1/1235 
f 1629/1/1242 1635/1/1242 341/1/1242 
f 341/1/1242 340/1/1242 1629/1/1242 
f 350/1/1240 1626/1/1240 1629/1/1240 
f 1629/1/1240 340/1/1240 350/1/1240 
f 350/1/1380 349/1/1380 1630/1/1380 
f 1630/1/1381 1626/1/1381 350/1/1381 
f 349/1/1382 321/1/1382 1611/1/1382 
f 1611/1/1382 1630/1/1382 349/1/1382 
f 1631/1/1383 1630/1/1383 1611/1/1383 
f 1611/1/1384 1613/1/1384 1631/1/1384 
f 1612/1/1385 1634/1/1385 1631/1/1385 
f 1631/1/1385 1613/1/1385 1612/1/1385 
f 1612/1/1386 936/1/1386 959/1/1386 
f 959/1/1386 1634/1/1386 1612/1/1386 
f 1634/1/1387 959/1/1387 958/1/1387 
f 958/1/1387 1632/1/1387 1634/1/1387 
f 1632/1/1247 958/1/1247 957/1/1247 
f 957/1/1247 1633/1/1247 1632/1/1247 
f 1633/1/1245 957/1/1245 956/1/1245 
f 956/1/1245 1636/1/1245 1633/1/1245 
f 1637/1/1244 1628/1/1244 1633/1/1244 
f 1633/1/1244 1636/1/1244 1637/1/1244 
f 1628/1/1243 1637/1/1243 1635/1/1243 
f 1635/1/1243 1629/1/1243 1628/1/1243 
f 1638/1/1388 1639/1/1388 1640/1/1388 
f 1640/1/1389 1641/1/1389 1638/1/1389 
f 1642/1/1390 1643/1/1390 1639/1/1390 
f 1639/1/1390 1638/1/1390 1642/1/1390 
f 1639/1/1391 1644/1/1391 1645/1/1391 
f 1645/1/1391 1640/1/1391 1639/1/1391 
f 1646/1/1392 1644/1/1392 1639/1/1392 
f 1639/1/1393 1643/1/1393 1646/1/1393 
f 1623/1/1394 226/1/1394 248/1/1394 
f 248/1/1394 1641/1/1394 1623/1/1394 
f 1641/1/1395 248/1/1395 247/1/1395 
f 247/1/1396 1638/1/1396 1641/1/1396 
f 1642/1/1397 1638/1/1397 247/1/1397 
f 247/1/1398 245/1/1398 1642/1/1398 
f 1642/1/1399 245/1/1399 246/1/1399 
f 246/1/1400 1647/1/1400 1642/1/1400 
f 1647/1/1401 1648/1/1401 1643/1/1401 
f 1643/1/1402 1642/1/1402 1647/1/1402 
f 1646/1/1403 1643/1/1403 1648/1/1403 
f 1648/1/1404 1649/1/1404 1646/1/1404 
f 863/1/1405 862/1/1405 1646/1/1405 
f 1646/1/1406 1649/1/1406 863/1/1406 
f 1646/1/1407 862/1/1407 861/1/1407 
f 861/1/1407 1644/1/1407 1646/1/1407 
f 861/1/1408 860/1/1408 1645/1/1408 
f 1645/1/1409 1644/1/1409 861/1/1409 
f 860/1/1410 843/1/1410 1625/1/1410 
f 1625/1/1410 1645/1/1410 860/1/1410 
f 1624/1/1411 1640/1/1411 1645/1/1411 
f 1645/1/1411 1625/1/1411 1624/1/1411 
f 1640/1/1412 1624/1/1412 1623/1/1412 
f 1623/1/1412 1641/1/1412 1640/1/1412 
f 1650/1/979 1651/1/979 1652/1/979 
f 1652/1/979 1653/1/979 1650/1/979 
f 1654/1/978 1655/1/978 1651/1/978 
f 1651/1/978 1650/1/978 1654/1/978 
f 1651/1/981 1656/1/981 1657/1/981 
f 1657/1/981 1652/1/981 1651/1/981 
f 1655/1/980 1658/1/980 1656/1/980 
f 1656/1/1413 1651/1/1413 1655/1/1413 
f 1653/1/1414 1659/1/1414 361/1/1414 
f 361/1/986 360/1/986 1653/1/986 
f 370/1/984 1650/1/984 1653/1/984 
f 1653/1/984 360/1/984 370/1/984 
f 370/1/983 369/1/983 1654/1/983 
f 1654/1/983 1650/1/983 370/1/983 
f 369/1/982 341/1/982 1635/1/982 
f 1635/1/982 1654/1/982 369/1/982 
f 1655/1/996 1654/1/996 1635/1/996 
f 1635/1/996 1637/1/996 1655/1/996 
f 1636/1/994 1658/1/994 1655/1/994 
f 1655/1/994 1637/1/994 1636/1/994 
f 1636/1/993 956/1/993 979/1/993 
f 979/1/993 1658/1/993 1636/1/993 
f 1658/1/992 979/1/992 978/1/992 
f 978/1/992 1656/1/992 1658/1/992 
f 1656/1/1415 978/1/1415 977/1/1415 
f 977/1/1416 1657/1/1416 1656/1/1416 
f 1657/1/1417 977/1/1417 976/1/1417 
f 976/1/1417 1660/1/1417 1657/1/1417 
f 1661/1/988 1652/1/988 1657/1/988 
f 1657/1/988 1660/1/988 1661/1/988 
f 1652/1/1418 1661/1/1418 1659/1/1418 
f 1659/1/1418 1653/1/1418 1652/1/1418 
f 1662/1/1419 1663/1/1419 1664/1/1419 
f 1664/1/1419 1665/1/1419 1662/1/1419 
f 1666/1/1420 1667/1/1420 1663/1/1420 
f 1663/1/1421 1662/1/1421 1666/1/1421 
f 1663/1/1422 1668/1/1422 1669/1/1422 
f 1669/1/1422 1664/1/1422 1663/1/1422 
f 1670/1/1423 1668/1/1423 1663/1/1423 
f 1663/1/1423 1667/1/1423 1670/1/1423 
f 1647/1/1424 246/1/1424 268/1/1424 
f 268/1/1424 1665/1/1424 1647/1/1424 
f 1665/1/1425 268/1/1425 267/1/1425 
f 267/1/1425 1662/1/1425 1665/1/1425 
f 1666/1/1426 1662/1/1426 267/1/1426 
f 267/1/1427 265/1/1427 1666/1/1427 
f 1666/1/1428 265/1/1428 266/1/1428 
f 266/1/1429 1671/1/1429 1666/1/1429 
f 1671/1/1430 1672/1/1430 1667/1/1430 
f 1667/1/1430 1666/1/1430 1671/1/1430 
f 1670/1/1431 1667/1/1431 1672/1/1431 
f 1672/1/1431 1673/1/1431 1670/1/1431 
f 883/1/1432 882/1/1432 1670/1/1432 
f 1670/1/1432 1673/1/1432 883/1/1432 
f 1670/1/1433 882/1/1433 881/1/1433 
f 881/1/1433 1668/1/1433 1670/1/1433 
f 881/1/1434 880/1/1434 1669/1/1434 
f 1669/1/1434 1668/1/1434 881/1/1434 
f 880/1/1435 863/1/1435 1649/1/1435 
f 1649/1/1435 1669/1/1435 880/1/1435 
f 1648/1/1436 1664/1/1436 1669/1/1436 
f 1669/1/1436 1649/1/1436 1648/1/1436 
f 1647/1/1437 1665/1/1437 1664/1/1437 
f 1664/1/1437 1648/1/1437 1647/1/1437 
f 1674/1/1438 1675/1/1438 1676/1/1438 
f 1676/1/1040 1677/1/1040 1674/1/1040 
f 1678/1/1039 1679/1/1039 1675/1/1039 
f 1675/1/1039 1674/1/1039 1678/1/1039 
f 1675/1/1043 1680/1/1043 1681/1/1043 
f 1681/1/1043 1676/1/1043 1675/1/1043 
f 1679/1/1439 1682/1/1439 1680/1/1439 
f 1680/1/1439 1675/1/1439 1679/1/1439 
f 1677/1/1440 1683/1/1440 381/1/1440 
f 381/1/1441 380/1/1441 1677/1/1441 
f 390/1/1442 1674/1/1442 1677/1/1442 
f 1677/1/1442 380/1/1442 390/1/1442 
f 390/1/1045 389/1/1045 1678/1/1045 
f 1678/1/1045 1674/1/1045 390/1/1045 
f 389/1/1044 361/1/1044 1659/1/1044 
f 1659/1/1044 1678/1/1044 389/1/1044 
f 1679/1/1057 1678/1/1057 1659/1/1057 
f 1659/1/1443 1661/1/1443 1679/1/1443 
f 1660/1/1056 1682/1/1056 1679/1/1056 
f 1679/1/1444 1661/1/1444 1660/1/1444 
f 1660/1/1445 976/1/1445 999/1/1445 
f 999/1/1446 1682/1/1446 1660/1/1446 
f 1682/1/1054 999/1/1054 998/1/1054 
f 998/1/1054 1680/1/1054 1682/1/1054 
f 1680/1/1053 998/1/1053 997/1/1053 
f 997/1/1053 1681/1/1053 1680/1/1053 
f 1681/1/1447 997/1/1447 996/1/1447 
f 996/1/1447 1684/1/1447 1681/1/1447 
f 1685/1/1448 1676/1/1448 1681/1/1448 
f 1681/1/1449 1684/1/1449 1685/1/1449 
f 1676/1/1049 1685/1/1049 1683/1/1049 
f 1683/1/1450 1677/1/1450 1676/1/1450 
f 1686/1/1451 1687/1/1451 1688/1/1451 
f 1688/1/1451 1689/1/1451 1686/1/1451 
f 1690/1/1452 1691/1/1452 1687/1/1452 
f 1687/1/1452 1686/1/1452 1690/1/1452 
f 1687/1/1453 1692/1/1453 1693/1/1453 
f 1693/1/1453 1688/1/1453 1687/1/1453 
f 1694/1/1454 1692/1/1454 1687/1/1454 
f 1687/1/1455 1691/1/1455 1694/1/1455 
f 1671/1/1456 266/1/1456 288/1/1456 
f 288/1/1456 1689/1/1456 1671/1/1456 
f 1689/1/1457 288/1/1457 287/1/1457 
f 287/1/1457 1686/1/1457 1689/1/1457 
f 1690/1/1458 1686/1/1458 287/1/1458 
f 287/1/1458 285/1/1458 1690/1/1458 
f 1690/1/1459 285/1/1459 286/1/1459 
f 286/1/1460 1695/1/1460 1690/1/1460 
f 1695/1/1461 1696/1/1461 1691/1/1461 
f 1691/1/1461 1690/1/1461 1695/1/1461 
f 1694/1/1462 1691/1/1462 1696/1/1462 
f 1696/1/1463 1697/1/1463 1694/1/1463 
f 903/1/1464 902/1/1464 1694/1/1464 
f 1694/1/1465 1697/1/1465 903/1/1465 
f 1694/1/1466 902/1/1466 901/1/1466 
f 901/1/1466 1692/1/1466 1694/1/1466 
f 901/1/1467 900/1/1467 1693/1/1467 
f 1693/1/1468 1692/1/1468 901/1/1468 
f 900/1/1469 883/1/1469 1673/1/1469 
f 1673/1/1470 1693/1/1470 900/1/1470 
f 1672/1/1471 1688/1/1471 1693/1/1471 
f 1693/1/1471 1673/1/1471 1672/1/1471 
f 1671/1/1472 1689/1/1472 1688/1/1472 
f 1688/1/1472 1672/1/1472 1671/1/1472 
f 1698/1/1100 1699/1/1100 1700/1/1100 
f 1700/1/1100 1701/1/1100 1698/1/1100 
f 1702/1/1099 1703/1/1099 1699/1/1099 
f 1699/1/1473 1698/1/1473 1702/1/1473 
f 1699/1/1102 1704/1/1102 1705/1/1102 
f 1705/1/1102 1700/1/1102 1699/1/1102 
f 1703/1/1101 1706/1/1101 1704/1/1101 
f 1704/1/1101 1699/1/1101 1703/1/1101 
f 1701/1/1474 1707/1/1474 401/1/1474 
f 401/1/1107 400/1/1107 1701/1/1107 
f 410/1/1106 1698/1/1106 1701/1/1106 
f 1701/1/1475 400/1/1475 410/1/1475 
f 410/1/1104 409/1/1104 1702/1/1104 
f 1702/1/1104 1698/1/1104 410/1/1104 
f 409/1/1103 381/1/1103 1683/1/1103 
f 1683/1/1103 1702/1/1103 409/1/1103 
f 1703/1/1116 1702/1/1116 1683/1/1116 
f 1683/1/1116 1685/1/1116 1703/1/1116 
f 1684/1/1115 1706/1/1115 1703/1/1115 
f 1703/1/1115 1685/1/1115 1684/1/1115 
f 1684/1/1476 996/1/1476 1019/1/1476 
f 1019/1/1114 1706/1/1114 1684/1/1114 
f 1706/1/1113 1019/1/1113 1018/1/1113 
f 1018/1/1113 1704/1/1113 1706/1/1113 
f 1704/1/1112 1018/1/1112 1017/1/1112 
f 1017/1/1477 1705/1/1477 1704/1/1477 
f 1705/1/1110 1017/1/1110 1016/1/1110 
f 1016/1/1110 1708/1/1110 1705/1/1110 
f 1709/1/1478 1700/1/1478 1705/1/1478 
f 1705/1/1109 1708/1/1109 1709/1/1109 
f 1700/1/1108 1709/1/1108 1707/1/1108 
f 1707/1/1108 1701/1/1108 1700/1/1108 
f 1710/1/1479 1711/1/1479 1712/1/1479 
f 1712/1/1480 1713/1/1480 1710/1/1480 
f 1714/1/1481 1715/1/1481 1711/1/1481 
f 1711/1/1481 1710/1/1481 1714/1/1481 
f 1711/1/1482 1716/1/1482 1717/1/1482 
f 1717/1/1482 1712/1/1482 1711/1/1482 
f 1718/1/1483 1716/1/1483 1711/1/1483 
f 1711/1/1483 1715/1/1483 1718/1/1483 
f 1695/1/1484 286/1/1484 308/1/1484 
f 308/1/1485 1713/1/1485 1695/1/1485 
f 1713/1/1486 308/1/1486 307/1/1486 
f 307/1/1487 1710/1/1487 1713/1/1487 
f 1714/1/1488 1710/1/1488 307/1/1488 
f 307/1/1488 305/1/1488 1714/1/1488 
f 1714/1/1489 305/1/1489 306/1/1489 
f 306/1/1490 1719/1/1490 1714/1/1490 
f 1719/1/1491 1720/1/1491 1715/1/1491 
f 1715/1/1491 1714/1/1491 1719/1/1491 
f 1718/1/1492 1715/1/1492 1720/1/1492 
f 1720/1/1492 1721/1/1492 1718/1/1492 
f 923/1/1493 922/1/1493 1718/1/1493 
f 1718/1/1493 1721/1/1493 923/1/1493 
f 1718/1/1494 922/1/1494 921/1/1494 
f 921/1/1494 1716/1/1494 1718/1/1494 
f 921/1/1495 920/1/1495 1717/1/1495 
f 1717/1/1495 1716/1/1495 921/1/1495 
f 920/1/1496 903/1/1496 1697/1/1496 
f 1697/1/1497 1717/1/1497 920/1/1497 
f 1696/1/1498 1712/1/1498 1717/1/1498 
f 1717/1/1498 1697/1/1498 1696/1/1498 
f 1712/1/1499 1696/1/1499 1695/1/1499 
f 1695/1/1499 1713/1/1499 1712/1/1499 
f 1722/1/1159 1723/1/1159 1724/1/1159 
f 1724/1/1159 1725/1/1159 1722/1/1159 
f 1726/1/1500 1727/1/1500 1723/1/1500 
f 1723/1/1158 1722/1/1158 1726/1/1158 
f 1723/1/1161 1728/1/1161 1729/1/1161 
f 1729/1/1161 1724/1/1161 1723/1/1161 
f 1727/1/1160 1730/1/1160 1728/1/1160 
f 1728/1/1160 1723/1/1160 1727/1/1160 
f 1725/1/1166 1731/1/1166 421/1/1166 
f 421/1/1166 420/1/1166 1725/1/1166 
f 430/1/1165 1722/1/1165 1725/1/1165 
f 1725/1/1165 420/1/1165 430/1/1165 
f 430/1/1164 429/1/1164 1726/1/1164 
f 1726/1/1164 1722/1/1164 430/1/1164 
f 429/1/1163 401/1/1163 1707/1/1163 
f 1707/1/1163 1726/1/1163 429/1/1163 
f 1727/1/1178 1726/1/1178 1707/1/1178 
f 1707/1/1178 1709/1/1178 1727/1/1178 
f 1708/1/1501 1730/1/1501 1727/1/1501 
f 1727/1/1501 1709/1/1501 1708/1/1501 
f 1708/1/1174 1016/1/1174 1039/1/1174 
f 1039/1/1174 1730/1/1174 1708/1/1174 
f 1730/1/1172 1039/1/1172 1038/1/1172 
f 1038/1/1172 1728/1/1172 1730/1/1172 
f 1728/1/1170 1038/1/1170 1037/1/1170 
f 1037/1/1502 1729/1/1502 1728/1/1502 
f 1729/1/1503 1037/1/1503 1036/1/1503 
f 1036/1/1503 1732/1/1503 1729/1/1503 
f 1733/1/1168 1724/1/1168 1729/1/1168 
f 1729/1/1504 1732/1/1504 1733/1/1504 
f 1724/1/1167 1733/1/1167 1731/1/1167 
f 1731/1/1167 1725/1/1167 1724/1/1167 
f 1734/1/1505 1735/1/1505 1736/1/1505 
f 1736/1/1505 1737/1/1505 1734/1/1505 
f 1738/1/1506 1739/1/1506 1735/1/1506 
f 1735/1/1506 1734/1/1506 1738/1/1506 
f 1735/1/1507 1740/1/1507 1741/1/1507 
f 1741/1/1508 1736/1/1508 1735/1/1508 
f 1742/1/1509 1740/1/1509 1735/1/1509 
f 1735/1/1509 1739/1/1509 1742/1/1509 
f 1719/1/1510 306/1/1510 328/1/1510 
f 328/1/1511 1737/1/1511 1719/1/1511 
f 1737/1/1512 328/1/1512 327/1/1512 
f 327/1/1513 1734/1/1513 1737/1/1513 
f 1738/1/1514 1734/1/1514 327/1/1514 
f 327/1/1515 325/1/1515 1738/1/1515 
f 1738/1/1516 325/1/1516 326/1/1516 
f 326/1/1516 1743/1/1516 1738/1/1516 
f 1743/1/1517 1744/1/1517 1739/1/1517 
f 1739/1/1517 1738/1/1517 1743/1/1517 
f 1742/1/1518 1739/1/1518 1744/1/1518 
f 1744/1/1518 1745/1/1518 1742/1/1518 
f 943/1/1519 942/1/1519 1742/1/1519 
f 1742/1/1519 1745/1/1519 943/1/1519 
f 1742/1/1520 942/1/1520 941/1/1520 
f 941/1/1520 1740/1/1520 1742/1/1520 
f 941/1/1521 940/1/1521 1741/1/1521 
f 1741/1/1522 1740/1/1522 941/1/1522 
f 940/1/1523 923/1/1523 1721/1/1523 
f 1721/1/1523 1741/1/1523 940/1/1523 
f 1720/1/1524 1736/1/1524 1741/1/1524 
f 1741/1/1524 1721/1/1524 1720/1/1524 
f 1736/1/1525 1720/1/1525 1719/1/1525 
f 1719/1/1525 1737/1/1525 1736/1/1525 
f 1746/1/1204 1747/1/1204 1748/1/1204 
f 1748/1/1204 1749/1/1204 1746/1/1204 
f 1750/1/1203 1751/1/1203 1747/1/1203 
f 1747/1/1203 1746/1/1203 1750/1/1203 
f 1747/1/1207 1752/1/1207 1753/1/1207 
f 1753/1/1207 1748/1/1207 1747/1/1207 
f 1751/1/1526 1754/1/1526 1752/1/1526 
f 1752/1/1205 1747/1/1205 1751/1/1205 
f 1749/1/1527 1755/1/1527 441/1/1527 
f 441/1/1211 440/1/1211 1749/1/1211 
f 450/1/1210 1746/1/1210 1749/1/1210 
f 1749/1/1210 440/1/1210 450/1/1210 
f 450/1/1209 449/1/1209 1750/1/1209 
f 1750/1/1209 1746/1/1209 450/1/1209 
f 449/1/1208 421/1/1208 1731/1/1208 
f 1731/1/1208 1750/1/1208 449/1/1208 
f 1751/1/1221 1750/1/1221 1731/1/1221 
f 1731/1/1221 1733/1/1221 1751/1/1221 
f 1732/1/1218 1754/1/1218 1751/1/1218 
f 1751/1/1218 1733/1/1218 1732/1/1218 
f 1732/1/1528 1036/1/1528 1059/1/1528 
f 1059/1/1528 1754/1/1528 1732/1/1528 
f 1754/1/1529 1059/1/1529 1058/1/1529 
f 1058/1/1529 1752/1/1529 1754/1/1529 
f 1752/1/1215 1058/1/1215 1057/1/1215 
f 1057/1/1215 1753/1/1215 1752/1/1215 
f 1753/1/1214 1057/1/1214 1056/1/1214 
f 1056/1/1214 1756/1/1214 1753/1/1214 
f 1757/1/1213 1748/1/1213 1753/1/1213 
f 1753/1/1213 1756/1/1213 1757/1/1213 
f 1748/1/1530 1757/1/1530 1755/1/1530 
f 1755/1/1530 1749/1/1530 1748/1/1530 
f 1758/1/914 1759/1/914 1760/1/914 
f 1760/1/1531 1761/1/1531 1758/1/1531 
f 1762/1/913 1763/1/913 1759/1/913 
f 1759/1/913 1758/1/913 1762/1/913 
f 1759/1/917 1764/1/917 1765/1/917 
f 1765/1/917 1760/1/917 1759/1/917 
f 1766/1/915 1764/1/915 1759/1/915 
f 1759/1/915 1763/1/915 1766/1/915 
f 1743/1/1532 326/1/1532 348/1/1532 
f 348/1/1533 1761/1/1533 1743/1/1533 
f 1761/1/1534 348/1/1534 347/1/1534 
f 347/1/1534 1758/1/1534 1761/1/1534 
f 1762/1/919 1758/1/919 347/1/919 
f 347/1/919 345/1/919 1762/1/919 
f 1762/1/918 345/1/918 346/1/918 
f 346/1/1535 1767/1/1535 1762/1/1535 
f 1767/1/933 1768/1/933 1763/1/933 
f 1763/1/933 1762/1/933 1767/1/933 
f 1766/1/932 1763/1/932 1768/1/932 
f 1768/1/932 1769/1/932 1766/1/932 
f 963/1/930 962/1/930 1766/1/930 
f 1766/1/930 1769/1/930 963/1/930 
f 1766/1/929 962/1/929 961/1/929 
f 961/1/929 1764/1/929 1766/1/929 
f 961/1/1536 960/1/1536 1765/1/1536 
f 1765/1/928 1764/1/928 961/1/928 
f 960/1/927 943/1/927 1745/1/927 
f 1745/1/927 1765/1/927 960/1/927 
f 1744/1/926 1760/1/926 1765/1/926 
f 1765/1/926 1745/1/926 1744/1/926 
f 1743/1/925 1761/1/925 1760/1/925 
f 1760/1/925 1744/1/925 1743/1/925 
f 1770/1/1256 1771/1/1256 1772/1/1256 
f 1772/1/1256 1773/1/1256 1770/1/1256 
f 1774/1/1537 1775/1/1537 1771/1/1537 
f 1771/1/1537 1770/1/1537 1774/1/1537 
f 1771/1/1538 1776/1/1538 1777/1/1538 
f 1777/1/1539 1772/1/1539 1771/1/1539 
f 1775/1/1540 1778/1/1540 1776/1/1540 
f 1776/1/1541 1771/1/1541 1775/1/1541 
f 1773/1/1265 1779/1/1265 461/1/1265 
f 461/1/1265 460/1/1265 1773/1/1265 
f 470/1/1264 1770/1/1264 1773/1/1264 
f 1773/1/1264 460/1/1264 470/1/1264 
f 470/1/1262 469/1/1262 1774/1/1262 
f 1774/1/1542 1770/1/1542 470/1/1542 
f 469/1/1260 441/1/1260 1755/1/1260 
f 1755/1/1260 1774/1/1260 469/1/1260 
f 1775/1/1274 1774/1/1274 1755/1/1274 
f 1755/1/1275 1757/1/1275 1775/1/1275 
f 1756/1/1273 1778/1/1273 1775/1/1273 
f 1775/1/1273 1757/1/1273 1756/1/1273 
f 1756/1/1272 1056/1/1272 1079/1/1272 
f 1079/1/1272 1778/1/1272 1756/1/1272 
f 1778/1/1270 1079/1/1270 1078/1/1270 
f 1078/1/1270 1776/1/1270 1778/1/1270 
f 1776/1/1269 1078/1/1269 1077/1/1269 
f 1077/1/1269 1777/1/1269 1776/1/1269 
f 1777/1/1268 1077/1/1268 1076/1/1268 
f 1076/1/1268 1780/1/1268 1777/1/1268 
f 1781/1/1267 1772/1/1267 1777/1/1267 
f 1777/1/1267 1780/1/1267 1781/1/1267 
f 1772/1/1266 1781/1/1266 1779/1/1266 
f 1779/1/1266 1773/1/1266 1772/1/1266 
f 1782/1/1543 1783/1/1543 1784/1/1543 
f 1784/1/1543 1785/1/1543 1782/1/1543 
f 1786/1/1544 1787/1/1544 1783/1/1544 
f 1783/1/1544 1782/1/1544 1786/1/1544 
f 1783/1/1545 1788/1/1545 1789/1/1545 
f 1789/1/1545 1784/1/1545 1783/1/1545 
f 1790/1/1546 1788/1/1546 1783/1/1546 
f 1783/1/1546 1787/1/1546 1790/1/1546 
f 1767/1/1547 346/1/1547 368/1/1547 
f 368/1/1547 1785/1/1547 1767/1/1547 
f 1785/1/1548 368/1/1548 367/1/1548 
f 367/1/1548 1782/1/1548 1785/1/1548 
f 1786/1/1549 1782/1/1549 367/1/1549 
f 367/1/1550 365/1/1550 1786/1/1550 
f 1786/1/1551 365/1/1551 366/1/1551 
f 366/1/1551 1791/1/1551 1786/1/1551 
f 1791/1/1552 1792/1/1552 1787/1/1552 
f 1787/1/1552 1786/1/1552 1791/1/1552 
f 1790/1/1553 1787/1/1553 1792/1/1553 
f 1792/1/1553 1793/1/1553 1790/1/1553 
f 983/1/1554 982/1/1554 1790/1/1554 
f 1790/1/1554 1793/1/1554 983/1/1554 
f 1790/1/1555 982/1/1555 981/1/1555 
f 981/1/1555 1788/1/1555 1790/1/1555 
f 981/1/1556 980/1/1556 1789/1/1556 
f 1789/1/1556 1788/1/1556 981/1/1556 
f 980/1/1557 963/1/1557 1769/1/1557 
f 1769/1/1557 1789/1/1557 980/1/1557 
f 1768/1/1558 1784/1/1558 1789/1/1558 
f 1789/1/1558 1769/1/1558 1768/1/1558 
f 1767/1/1559 1785/1/1559 1784/1/1559 
f 1784/1/1559 1768/1/1559 1767/1/1559 
f 1794/1/1283 1795/1/1283 1796/1/1283 
f 1796/1/1283 1797/1/1283 1794/1/1283 
f 1798/1/1560 1799/1/1560 1795/1/1560 
f 1795/1/1560 1794/1/1560 1798/1/1560 
f 1795/1/1285 1800/1/1285 1801/1/1285 
f 1801/1/1561 1796/1/1561 1795/1/1561 
f 1799/1/1284 1802/1/1284 1800/1/1284 
f 1800/1/1284 1795/1/1284 1799/1/1284 
f 1797/1/1290 1803/1/1290 481/1/1290 
f 481/1/1290 480/1/1290 1797/1/1290 
f 490/1/1562 1794/1/1562 1797/1/1562 
f 1797/1/1289 480/1/1289 490/1/1289 
f 490/1/1287 489/1/1287 1798/1/1287 
f 1798/1/1287 1794/1/1287 490/1/1287 
f 489/1/1286 461/1/1286 1779/1/1286 
f 1779/1/1286 1798/1/1286 489/1/1286 
f 1799/1/1299 1798/1/1299 1779/1/1299 
f 1779/1/1299 1781/1/1299 1799/1/1299 
f 1780/1/1298 1802/1/1298 1799/1/1298 
f 1799/1/1298 1781/1/1298 1780/1/1298 
f 1780/1/1297 1076/1/1297 1099/1/1297 
f 1099/1/1297 1802/1/1297 1780/1/1297 
f 1802/1/1563 1099/1/1563 1098/1/1563 
f 1098/1/1563 1800/1/1563 1802/1/1563 
f 1800/1/1295 1098/1/1295 1097/1/1295 
f 1097/1/1295 1801/1/1295 1800/1/1295 
f 1801/1/1294 1097/1/1294 1096/1/1294 
f 1096/1/1294 1804/1/1294 1801/1/1294 
f 1801/1/1292 1804/1/1292 1805/1/1292 
f 1805/1/1292 1796/1/1292 1801/1/1292 
f 1796/1/1291 1805/1/1291 1803/1/1291 
f 1803/1/1291 1797/1/1291 1796/1/1291 
f 1806/1/1564 1807/1/1564 1808/1/1564 
f 1808/1/1564 1809/1/1564 1806/1/1564 
f 1810/1/1565 1811/1/1565 1807/1/1565 
f 1807/1/1566 1806/1/1566 1810/1/1566 
f 1807/1/1567 1812/1/1567 1813/1/1567 
f 1813/1/1567 1808/1/1567 1807/1/1567 
f 1814/1/1568 1812/1/1568 1807/1/1568 
f 1807/1/1569 1811/1/1569 1814/1/1569 
f 1791/1/1570 366/1/1570 388/1/1570 
f 388/1/1570 1809/1/1570 1791/1/1570 
f 1809/1/1571 388/1/1571 387/1/1571 
f 387/1/1571 1806/1/1571 1809/1/1571 
f 1810/1/1572 1806/1/1572 387/1/1572 
f 387/1/1572 385/1/1572 1810/1/1572 
f 1810/1/1573 385/1/1573 386/1/1573 
f 386/1/1574 1815/1/1574 1810/1/1574 
f 1815/1/1575 1816/1/1575 1811/1/1575 
f 1811/1/1575 1810/1/1575 1815/1/1575 
f 1814/1/1576 1811/1/1576 1816/1/1576 
f 1816/1/1576 1817/1/1576 1814/1/1576 
f 1003/1/1577 1002/1/1577 1814/1/1577 
f 1814/1/1577 1817/1/1577 1003/1/1577 
f 1814/1/1578 1002/1/1578 1001/1/1578 
f 1001/1/1578 1812/1/1578 1814/1/1578 
f 1001/1/1579 1000/1/1579 1813/1/1579 
f 1813/1/1579 1812/1/1579 1001/1/1579 
f 1000/1/1580 983/1/1580 1793/1/1580 
f 1793/1/1580 1813/1/1580 1000/1/1580 
f 1792/1/1581 1808/1/1581 1813/1/1581 
f 1813/1/1581 1793/1/1581 1792/1/1581 
f 1808/1/1582 1792/1/1582 1791/1/1582 
f 1791/1/1582 1809/1/1582 1808/1/1582 
f 1818/1/1305 1819/1/1305 1820/1/1305 
f 1820/1/1305 1821/1/1305 1818/1/1305 
f 1822/1/1304 1823/1/1304 1819/1/1304 
f 1819/1/1304 1818/1/1304 1822/1/1304 
f 1819/1/1307 1824/1/1307 1825/1/1307 
f 1825/1/1307 1820/1/1307 1819/1/1307 
f 1823/1/1306 1826/1/1306 1824/1/1306 
f 1824/1/1306 1819/1/1306 1823/1/1306 
f 1821/1/1583 1827/1/1583 501/1/1583 
f 501/1/1313 500/1/1313 1821/1/1313 
f 510/1/1312 1818/1/1312 1821/1/1312 
f 1821/1/1311 500/1/1311 510/1/1311 
f 510/1/1584 509/1/1584 1822/1/1584 
f 1822/1/1310 1818/1/1310 510/1/1310 
f 509/1/1308 481/1/1308 1803/1/1308 
f 1803/1/1585 1822/1/1585 509/1/1585 
f 1823/1/1586 1822/1/1586 1803/1/1586 
f 1803/1/1325 1805/1/1325 1823/1/1325 
f 1804/1/1323 1826/1/1323 1823/1/1323 
f 1823/1/1323 1805/1/1323 1804/1/1323 
f 1804/1/1321 1096/1/1321 1119/1/1321 
f 1119/1/1321 1826/1/1321 1804/1/1321 
f 1826/1/1320 1119/1/1320 1118/1/1320 
f 1118/1/1320 1824/1/1320 1826/1/1320 
f 1824/1/1319 1118/1/1319 1117/1/1319 
f 1117/1/1587 1825/1/1587 1824/1/1587 
f 1825/1/1316 1117/1/1316 1116/1/1316 
f 1116/1/1316 1828/1/1316 1825/1/1316 
f 1825/1/1315 1828/1/1315 1829/1/1315 
f 1829/1/1315 1820/1/1315 1825/1/1315 
f 1820/1/1314 1829/1/1314 1827/1/1314 
f 1827/1/1314 1821/1/1314 1820/1/1314 
f 1830/1/1588 1831/1/1588 1832/1/1588 
f 1832/1/1589 1833/1/1589 1830/1/1589 
f 1834/1/1590 1835/1/1590 1831/1/1590 
f 1831/1/1591 1830/1/1591 1834/1/1591 
f 1831/1/1592 1836/1/1592 1837/1/1592 
f 1837/1/1593 1832/1/1593 1831/1/1593 
f 1838/1/1594 1836/1/1594 1831/1/1594 
f 1831/1/1595 1835/1/1595 1838/1/1595 
f 1815/1/1596 386/1/1596 408/1/1596 
f 408/1/1597 1833/1/1597 1815/1/1597 
f 1833/1/1598 408/1/1598 407/1/1598 
f 407/1/1598 1830/1/1598 1833/1/1598 
f 1834/1/1599 1830/1/1599 407/1/1599 
f 407/1/1599 405/1/1599 1834/1/1599 
f 1834/1/1600 405/1/1600 406/1/1600 
f 406/1/1600 1839/1/1600 1834/1/1600 
f 1839/1/1601 1840/1/1601 1835/1/1601 
f 1835/1/1602 1834/1/1602 1839/1/1602 
f 1838/1/1603 1835/1/1603 1840/1/1603 
f 1840/1/1603 1841/1/1603 1838/1/1603 
f 1023/1/1604 1022/1/1604 1838/1/1604 
f 1838/1/1604 1841/1/1604 1023/1/1604 
f 1838/1/1605 1022/1/1605 1021/1/1605 
f 1021/1/1605 1836/1/1605 1838/1/1605 
f 1021/1/1606 1020/1/1606 1837/1/1606 
f 1837/1/1606 1836/1/1606 1021/1/1606 
f 1020/1/1607 1003/1/1607 1817/1/1607 
f 1817/1/1607 1837/1/1607 1020/1/1607 
f 1816/1/1608 1832/1/1608 1837/1/1608 
f 1837/1/1608 1817/1/1608 1816/1/1608 
f 1815/1/1609 1833/1/1609 1832/1/1609 
f 1832/1/1609 1816/1/1609 1815/1/1609 
f 1842/1/1333 1843/1/1333 1844/1/1333 
f 1844/1/1333 1845/1/1333 1842/1/1333 
f 1846/1/1610 1847/1/1610 1843/1/1610 
f 1843/1/1332 1842/1/1332 1846/1/1332 
f 1843/1/1335 1848/1/1335 1849/1/1335 
f 1849/1/1335 1844/1/1335 1843/1/1335 
f 1847/1/1334 1850/1/1334 1848/1/1334 
f 1848/1/1611 1843/1/1611 1847/1/1611 
f 1845/1/1341 1851/1/1341 521/1/1341 
f 521/1/1612 520/1/1612 1845/1/1612 
f 530/1/1339 1842/1/1339 1845/1/1339 
f 1845/1/1613 520/1/1613 530/1/1613 
f 530/1/1338 529/1/1338 1846/1/1338 
f 1846/1/1338 1842/1/1338 530/1/1338 
f 529/1/1336 501/1/1336 1827/1/1336 
f 1827/1/1336 1846/1/1336 529/1/1336 
f 1847/1/1614 1846/1/1614 1827/1/1614 
f 1827/1/1614 1829/1/1614 1847/1/1614 
f 1828/1/1353 1850/1/1353 1847/1/1353 
f 1847/1/1353 1829/1/1353 1828/1/1353 
f 1828/1/1351 1116/1/1351 1139/1/1351 
f 1139/1/1351 1850/1/1351 1828/1/1351 
f 1850/1/1349 1139/1/1349 1138/1/1349 
f 1138/1/1349 1848/1/1349 1850/1/1349 
f 1848/1/1348 1138/1/1348 1137/1/1348 
f 1137/1/1348 1849/1/1348 1848/1/1348 
f 1849/1/1347 1137/1/1347 1136/1/1347 
f 1136/1/1347 1852/1/1347 1849/1/1347 
f 1853/1/1346 1844/1/1346 1849/1/1346 
f 1849/1/1346 1852/1/1346 1853/1/1346 
f 1844/1/1615 1853/1/1615 1851/1/1615 
f 1851/1/1343 1845/1/1343 1844/1/1343 
f 1854/1/1616 1855/1/1616 1856/1/1616 
f 1856/1/1616 1857/1/1616 1854/1/1616 
f 1858/1/1617 1859/1/1617 1855/1/1617 
f 1855/1/1618 1854/1/1618 1858/1/1618 
f 1855/1/1619 1860/1/1619 1861/1/1619 
f 1861/1/1619 1856/1/1619 1855/1/1619 
f 1862/1/1620 1860/1/1620 1855/1/1620 
f 1855/1/1621 1859/1/1621 1862/1/1621 
f 1839/1/1622 406/1/1622 428/1/1622 
f 428/1/1622 1857/1/1622 1839/1/1622 
f 1857/1/1623 428/1/1623 427/1/1623 
f 427/1/1623 1854/1/1623 1857/1/1623 
f 1858/1/1624 1854/1/1624 427/1/1624 
f 427/1/1624 425/1/1624 1858/1/1624 
f 1858/1/1625 425/1/1625 426/1/1625 
f 426/1/1625 1863/1/1625 1858/1/1625 
f 1863/1/1626 1864/1/1626 1859/1/1626 
f 1859/1/1626 1858/1/1626 1863/1/1626 
f 1862/1/1627 1859/1/1627 1864/1/1627 
f 1864/1/1627 1865/1/1627 1862/1/1627 
f 1043/1/1628 1042/1/1628 1862/1/1628 
f 1862/1/1628 1865/1/1628 1043/1/1628 
f 1862/1/1629 1042/1/1629 1041/1/1629 
f 1041/1/1629 1860/1/1629 1862/1/1629 
f 1041/1/1630 1040/1/1630 1861/1/1630 
f 1861/1/1630 1860/1/1630 1041/1/1630 
f 1040/1/1631 1023/1/1631 1841/1/1631 
f 1841/1/1631 1861/1/1631 1040/1/1631 
f 1840/1/1632 1856/1/1632 1861/1/1632 
f 1861/1/1632 1841/1/1632 1840/1/1632 
f 1839/1/1633 1857/1/1633 1856/1/1633 
f 1856/1/1634 1840/1/1634 1839/1/1634 
f 1866/1/1362 1867/1/1362 1868/1/1362 
f 1868/1/1635 1869/1/1635 1866/1/1635 
f 1870/1/1361 1871/1/1361 1867/1/1361 
f 1867/1/1361 1866/1/1361 1870/1/1361 
f 1867/1/1365 1872/1/1365 1873/1/1365 
f 1873/1/1365 1868/1/1365 1867/1/1365 
f 1871/1/1636 1874/1/1636 1872/1/1636 
f 1872/1/1637 1867/1/1363 1871/1/1363 
f 1869/1/1369 1875/1/1369 541/1/1369 
f 541/1/1369 540/1/1369 1869/1/1369 
f 550/1/1638 1866/1/1638 1869/1/1638 
f 1869/1/1368 540/1/1368 550/1/1368 
f 550/1/1367 549/1/1367 1870/1/1367 
f 1870/1/1367 1866/1/1367 550/1/1367 
f 549/1/1366 521/1/1366 1851/1/1366 
f 1851/1/1366 1870/1/1366 549/1/1366 
f 1871/1/1378 1870/1/1378 1851/1/1378 
f 1851/1/1639 1853/1/1639 1871/1/1639 
f 1852/1/1376 1874/1/1376 1871/1/1376 
f 1871/1/1376 1853/1/1376 1852/1/1376 
f 1852/1/1375 1136/1/1375 1159/1/1375 
f 1159/1/1375 1874/1/1375 1852/1/1375 
f 1874/1/1374 1159/1/1374 1158/1/1374 
f 1158/1/1374 1872/1/1374 1874/1/1374 
f 1872/1/1640 1158/1/1640 1157/1/1640 
f 1157/1/1640 1873/1/1640 1872/1/1640 
f 1873/1/1372 1157/1/1372 1156/1/1372 
f 1156/1/1372 1876/1/1372 1873/1/1372 
f 1877/1/1371 1868/1/1371 1873/1/1371 
f 1873/1/1371 1876/1/1371 1877/1/1371 
f 1868/1/1370 1877/1/1370 1875/1/1370 
f 1875/1/1370 1869/1/1370 1868/1/1370 
f 1878/1/1641 1879/1/1641 1880/1/1641 
f 1880/1/1641 1881/1/1641 1878/1/1641 
f 1882/1/1642 1883/1/1642 1879/1/1642 
f 1879/1/1642 1878/1/1642 1882/1/1642 
f 1879/1/1643 1884/1/1643 1885/1/1643 
f 1885/1/1643 1880/1/1643 1879/1/1643 
f 1886/1/1644 1884/1/1644 1879/1/1644 
f 1879/1/1644 1883/1/1644 1886/1/1644 
f 1863/1/1645 426/1/1645 448/1/1645 
f 448/1/1645 1881/1/1645 1863/1/1645 
f 1881/1/1646 448/1/1646 447/1/1646 
f 447/1/1647 1878/1/1647 1881/1/1647 
f 1882/1/1648 1878/1/1648 447/1/1648 
f 447/1/1648 445/1/1648 1882/1/1648 
f 1882/1/1649 445/1/1649 446/1/1649 
f 446/1/1649 1887/1/1649 1882/1/1649 
f 1887/1/1650 1888/1/1650 1883/1/1650 
f 1883/1/1650 1882/1/1650 1887/1/1650 
f 1886/1/1651 1883/1/1651 1888/1/1651 
f 1888/1/1651 1889/1/1651 1886/1/1651 
f 1063/1/1652 1062/1/1652 1886/1/1652 
f 1886/1/1653 1889/1/1653 1063/1/1653 
f 1886/1/1654 1062/1/1654 1061/1/1654 
f 1061/1/1654 1884/1/1654 1886/1/1654 
f 1061/1/1655 1060/1/1655 1885/1/1655 
f 1885/1/1655 1884/1/1655 1061/1/1655 
f 1060/1/1656 1043/1/1656 1865/1/1656 
f 1865/1/1656 1885/1/1656 1060/1/1656 
f 1864/1/1657 1880/1/1657 1885/1/1657 
f 1885/1/1657 1865/1/1657 1864/1/1657 
f 1880/1/1658 1864/1/1658 1863/1/1658 
f 1863/1/1659 1881/1/1659 1880/1/1659 
f 1890/1/1390 1891/1/1390 1892/1/1390 
f 1892/1/1390 1893/1/1390 1890/1/1390 
f 1894/1/1660 1895/1/1660 1891/1/1660 
f 1891/1/1661 1890/1/1661 1894/1/1661 
f 1891/1/1662 1896/1/1662 1897/1/1662 
f 1897/1/1662 1892/1/1662 1891/1/1662 
f 1895/1/1663 1898/1/1663 1896/1/1663 
f 1896/1/1664 1891/1/1664 1895/1/1664 
f 1893/1/1665 1899/1/1665 561/1/1665 
f 561/1/1665 560/1/1665 1893/1/1665 
f 570/1/1398 1890/1/1398 1893/1/1398 
f 1893/1/1398 560/1/1398 570/1/1398 
f 570/1/1396 569/1/1396 1894/1/1396 
f 1894/1/1396 1890/1/1396 570/1/1396 
f 569/1/1394 541/1/1394 1875/1/1394 
f 1875/1/1394 1894/1/1394 569/1/1394 
f 1895/1/1412 1894/1/1412 1875/1/1412 
f 1875/1/1412 1877/1/1412 1895/1/1412 
f 1876/1/1411 1898/1/1411 1895/1/1411 
f 1895/1/1411 1877/1/1411 1876/1/1411 
f 1876/1/1410 1156/1/1410 1179/1/1410 
f 1179/1/1410 1898/1/1410 1876/1/1410 
f 1898/1/1408 1179/1/1408 1178/1/1408 
f 1178/1/1408 1896/1/1408 1898/1/1408 
f 1896/1/1407 1178/1/1407 1177/1/1407 
f 1177/1/1407 1897/1/1407 1896/1/1407 
f 1897/1/1405 1177/1/1405 1176/1/1405 
f 1176/1/1405 1900/1/1405 1897/1/1405 
f 1897/1/1666 1900/1/1666 1901/1/1666 
f 1901/1/1666 1892/1/1666 1897/1/1666 
f 1892/1/1402 1901/1/1402 1899/1/1402 
f 1899/1/1402 1893/1/1402 1892/1/1402 
f 1902/1/1544 1903/1/1544 1904/1/1544 
f 1904/1/1667 1905/1/1667 1902/1/1667 
f 1906/1/1543 1907/1/1543 1903/1/1543 
f 1903/1/1543 1902/1/1543 1906/1/1543 
f 1903/1/1668 1908/1/1668 1909/1/1668 
f 1909/1/1669 1904/1/1669 1903/1/1669 
f 1903/1/1545 1907/1/1545 1910/1/1545 
f 1910/1/1545 1908/1/1545 1903/1/1545 
f 1905/1/1551 1911/1/1551 37/1/1551 
f 37/1/1551 36/1/1551 1905/1/1551 
f 1905/1/1670 36/1/1670 50/1/1670 
f 50/1/1670 1902/1/1670 1905/1/1670 
f 48/1/1671 1906/1/1671 1902/1/1671 
f 1902/1/1548 50/1/1548 48/1/1548 
f 1305/1/1672 1906/1/1672 48/1/1672 
f 48/1/1673 49/1/1673 1305/1/1673 
f 1906/1/1559 1305/1/1559 1310/1/1559 
f 1310/1/1559 1907/1/1559 1906/1/1559 
f 1907/1/1558 1310/1/1558 1309/1/1558 
f 1309/1/1558 1910/1/1558 1907/1/1558 
f 15/1/1557 14/1/1557 1910/1/1557 
f 1910/1/1557 1309/1/1557 15/1/1557 
f 1910/1/1556 14/1/1556 13/1/1556 
f 13/1/1556 1908/1/1556 1910/1/1556 
f 1909/1/1674 1908/1/1674 13/1/1674 
f 13/1/1675 12/1/1675 1909/1/1675 
f 12/1/1554 11/1/1554 1912/1/1554 
f 1912/1/1554 1909/1/1554 12/1/1554 
f 1904/1/1553 1909/1/1553 1912/1/1553 
f 1912/1/1553 1913/1/1553 1904/1/1553 
f 1904/1/1552 1913/1/1552 1911/1/1552 
f 1911/1/1676 1905/1/1676 1904/1/1676 
f 1914/1/1677 1915/1/1677 1916/1/1677 
f 1916/1/1677 1917/1/1677 1914/1/1677 
f 1918/1/1678 1919/1/1678 1915/1/1678 
f 1915/1/1678 1914/1/1678 1918/1/1678 
f 1915/1/1679 1920/1/1679 1921/1/1679 
f 1921/1/1679 1916/1/1679 1915/1/1679 
f 1922/1/1680 1920/1/1680 1915/1/1680 
f 1915/1/937 1919/1/937 1922/1/937 
f 1887/1/945 446/1/945 468/1/945 
f 468/1/945 1917/1/945 1887/1/945 
f 1917/1/943 468/1/943 467/1/943 
f 467/1/943 1914/1/943 1917/1/943 
f 1918/1/942 1914/1/942 467/1/942 
f 467/1/942 465/1/942 1918/1/942 
f 1923/1/1681 1918/1/1681 465/1/1681 
f 465/1/940 466/1/940 1923/1/940 
f 1923/1/956 1924/1/956 1919/1/956 
f 1919/1/956 1918/1/956 1923/1/956 
f 1922/1/1682 1919/1/1682 1924/1/1682 
f 1924/1/955 1925/1/955 1922/1/955 
f 1922/1/1683 1925/1/1683 1083/1/1683 
f 1083/1/1684 1082/1/1684 1922/1/1684 
f 1922/1/953 1082/1/953 1081/1/953 
f 1081/1/953 1920/1/953 1922/1/953 
f 1081/1/951 1080/1/951 1921/1/951 
f 1921/1/951 1920/1/951 1081/1/951 
f 1080/1/1685 1063/1/1685 1889/1/1685 
f 1889/1/1685 1921/1/1685 1080/1/1685 
f 1889/1/948 1888/1/948 1916/1/948 
f 1916/1/948 1921/1/948 1889/1/948 
f 1887/1/946 1917/1/946 1916/1/946 
f 1916/1/946 1888/1/946 1887/1/946 
f 1926/1/1421 1927/1/1421 1928/1/1421 
f 1928/1/1421 1929/1/1421 1926/1/1421 
f 1930/1/1419 1931/1/1419 1927/1/1419 
f 1927/1/1419 1926/1/1419 1930/1/1419 
f 1927/1/1686 1932/1/1686 1933/1/1686 
f 1933/1/1687 1928/1/1687 1927/1/1687 
f 1931/1/1422 1934/1/1422 1932/1/1422 
f 1932/1/1422 1927/1/1422 1931/1/1422 
f 1929/1/1428 1935/1/1428 581/1/1428 
f 581/1/1428 580/1/1428 1929/1/1428 
f 590/1/1427 1926/1/1427 1929/1/1427 
f 1929/1/1427 580/1/1427 590/1/1427 
f 590/1/1688 589/1/1688 1930/1/1688 
f 1930/1/1688 1926/1/1688 590/1/1688 
f 589/1/1424 561/1/1424 1899/1/1424 
f 1899/1/1424 1930/1/1424 589/1/1424 
f 1931/1/1689 1930/1/1689 1899/1/1689 
f 1899/1/1689 1901/1/1689 1931/1/1689 
f 1900/1/1436 1934/1/1436 1931/1/1436 
f 1931/1/1436 1901/1/1436 1900/1/1436 
f 1900/1/1690 1176/1/1690 1199/1/1690 
f 1199/1/1435 1934/1/1435 1900/1/1435 
f 1934/1/1434 1199/1/1434 1198/1/1434 
f 1198/1/1434 1932/1/1434 1934/1/1434 
f 1932/1/1691 1198/1/1691 1197/1/1691 
f 1197/1/1692 1933/1/1692 1932/1/1692 
f 1197/1/1432 1196/1/1432 1936/1/1432 
f 1936/1/1432 1933/1/1432 1197/1/1432 
f 1928/1/1431 1933/1/1431 1936/1/1431 
f 1936/1/1693 1937/1/1693 1928/1/1693 
f 1929/1/1430 1928/1/1430 1937/1/1430 
f 1937/1/1694 1935/1/1694 1929/1/1694 
f 1938/1/1695 1939/1/1695 1940/1/1695 
f 1940/1/1696 1941/1/1696 1938/1/1696 
f 1942/1/1564 1943/1/1564 1939/1/1564 
f 1939/1/1564 1938/1/1564 1942/1/1564 
f 1939/1/1697 1944/1/1697 1945/1/1697 
f 1945/1/1697 1940/1/1697 1939/1/1697 
f 1939/1/1567 1943/1/1567 1946/1/1567 
f 1946/1/1698 1944/1/1698 1939/1/1698 
f 61/1/1573 60/1/1573 1941/1/1573 
f 1941/1/1573 1947/1/1573 61/1/1573 
f 1941/1/1572 60/1/1572 70/1/1572 
f 70/1/1572 1938/1/1572 1941/1/1572 
f 70/1/1571 69/1/1571 1942/1/1571 
f 1942/1/1699 1938/1/1699 70/1/1699 
f 1942/1/1700 69/1/1700 37/1/1700 
f 37/1/1570 1911/1/1570 1942/1/1570 
f 1913/1/1582 1943/1/1582 1942/1/1582 
f 1942/1/1582 1911/1/1582 1913/1/1582 
f 1912/1/1581 1946/1/1581 1943/1/1581 
f 1943/1/1581 1913/1/1581 1912/1/1581 
f 11/1/1701 679/1/1701 1946/1/1701 
f 1946/1/1702 1912/1/1702 11/1/1702 
f 1946/1/1703 679/1/1703 678/1/1703 
f 678/1/1579 1944/1/1579 1946/1/1579 
f 1945/1/1578 1944/1/1578 678/1/1578 
f 678/1/1578 675/1/1578 1945/1/1578 
f 675/1/1704 677/1/1704 1948/1/1704 
f 1948/1/1704 1945/1/1704 675/1/1704 
f 1940/1/1705 1945/1/1705 1948/1/1705 
f 1948/1/1576 1949/1/1576 1940/1/1576 
f 1940/1/1575 1949/1/1575 1947/1/1575 
f 1947/1/1706 1941/1/1706 1940/1/1706 
f 1950/1/1707 1951/1/1707 1952/1/1707 
f 1952/1/1000 1953/1/1000 1950/1/1000 
f 1954/1/1708 1955/1/1708 1951/1/1708 
f 1951/1/997 1950/1/997 1954/1/997 
f 1951/1/1709 1956/1/1709 1957/1/1709 
f 1957/1/1709 1952/1/1709 1951/1/1709 
f 1958/1/1001 1956/1/1001 1951/1/1001 
f 1951/1/1001 1955/1/1001 1958/1/1001 
f 1923/1/1006 466/1/1006 488/1/1006 
f 488/1/1006 1953/1/1006 1923/1/1006 
f 1953/1/1710 488/1/1710 487/1/1710 
f 487/1/1710 1950/1/1710 1953/1/1710 
f 1954/1/1004 1950/1/1004 487/1/1004 
f 487/1/1004 485/1/1004 1954/1/1004 
f 1959/1/1003 1954/1/1003 485/1/1003 
f 485/1/1003 486/1/1003 1959/1/1003 
f 1959/1/1016 1960/1/1016 1955/1/1016 
f 1955/1/1016 1954/1/1016 1959/1/1016 
f 1958/1/1015 1955/1/1015 1960/1/1015 
f 1960/1/1015 1961/1/1015 1958/1/1015 
f 1958/1/1013 1961/1/1013 1103/1/1013 
f 1103/1/1013 1102/1/1013 1958/1/1013 
f 1958/1/1012 1102/1/1012 1101/1/1012 
f 1101/1/1012 1956/1/1012 1958/1/1012 
f 1101/1/1010 1100/1/1010 1957/1/1010 
f 1957/1/1010 1956/1/1010 1101/1/1010 
f 1100/1/1009 1083/1/1009 1925/1/1009 
f 1925/1/1009 1957/1/1009 1100/1/1009 
f 1952/1/1008 1957/1/1008 1925/1/1008 
f 1925/1/1008 1924/1/1008 1952/1/1008 
f 1953/1/1007 1952/1/1007 1924/1/1007 
f 1924/1/1007 1923/1/1007 1953/1/1007 
f 1962/1/1452 1963/1/1452 1964/1/1452 
f 1964/1/1452 1965/1/1452 1962/1/1452 
f 1966/1/1451 1967/1/1451 1963/1/1451 
f 1963/1/1451 1962/1/1451 1966/1/1451 
f 1963/1/1711 1968/1/1711 1969/1/1711 
f 1969/1/1711 1964/1/1711 1963/1/1711 
f 1967/1/1453 1970/1/1453 1968/1/1453 
f 1968/1/1453 1963/1/1453 1967/1/1453 
f 1965/1/1712 1971/1/1712 601/1/1712 
f 601/1/1712 600/1/1712 1965/1/1712 
f 610/1/1458 1962/1/1458 1965/1/1458 
f 1965/1/1458 600/1/1458 610/1/1458 
f 610/1/1457 609/1/1457 1966/1/1457 
f 1966/1/1457 1962/1/1457 610/1/1457 
f 609/1/1456 581/1/1456 1935/1/1456 
f 1935/1/1456 1966/1/1456 609/1/1456 
f 1966/1/1472 1935/1/1472 1937/1/1472 
f 1937/1/1472 1967/1/1472 1966/1/1472 
f 1936/1/1471 1970/1/1471 1967/1/1471 
f 1967/1/1471 1937/1/1471 1936/1/1471 
f 1219/1/1713 1970/1/1713 1936/1/1713 
f 1936/1/1714 1196/1/1714 1219/1/1714 
f 1970/1/1467 1219/1/1467 1218/1/1467 
f 1218/1/1467 1968/1/1467 1970/1/1467 
f 1968/1/1466 1218/1/1466 1217/1/1466 
f 1217/1/1466 1969/1/1466 1968/1/1466 
f 1217/1/1464 1216/1/1464 1972/1/1464 
f 1972/1/1464 1969/1/1464 1217/1/1464 
f 1964/1/1715 1969/1/1715 1972/1/1715 
f 1972/1/1463 1973/1/1463 1964/1/1463 
f 1965/1/1716 1964/1/1716 1973/1/1716 
f 1973/1/1716 1971/1/1716 1965/1/1716 
f 1974/1/1591 1975/1/1591 1976/1/1591 
f 1976/1/1591 1977/1/1591 1974/1/1591 
f 1978/1/1588 1979/1/1588 1975/1/1588 
f 1975/1/1717 1974/1/1717 1978/1/1717 
f 1975/1/1595 1980/1/1595 1981/1/1595 
f 1981/1/1595 1976/1/1595 1975/1/1595 
f 1975/1/1593 1979/1/1593 1982/1/1593 
f 1982/1/1593 1980/1/1593 1975/1/1593 
f 1977/1/1600 1983/1/1600 81/1/1600 
f 81/1/1600 80/1/1600 1977/1/1600 
f 1977/1/1718 80/1/1718 90/1/1718 
f 90/1/1599 1974/1/1599 1977/1/1599 
f 1974/1/1719 90/1/1719 89/1/1719 
f 89/1/1598 1978/1/1598 1974/1/1598 
f 89/1/1597 61/1/1597 1947/1/1597 
f 1947/1/1597 1978/1/1597 89/1/1597 
f 1949/1/1609 1979/1/1609 1978/1/1609 
f 1978/1/1609 1947/1/1609 1949/1/1609 
f 1948/1/1608 1982/1/1608 1979/1/1608 
f 1979/1/1608 1949/1/1608 1948/1/1608 
f 699/1/1607 1982/1/1607 1948/1/1607 
f 1948/1/1607 677/1/1607 699/1/1607 
f 1982/1/1606 699/1/1606 698/1/1606 
f 698/1/1606 1980/1/1606 1982/1/1606 
f 1981/1/1605 1980/1/1605 698/1/1605 
f 698/1/1605 697/1/1605 1981/1/1605 
f 697/1/1720 696/1/1720 1984/1/1720 
f 1984/1/1720 1981/1/1720 697/1/1720 
f 1976/1/1603 1981/1/1603 1984/1/1603 
f 1984/1/1603 1985/1/1603 1976/1/1603 
f 1976/1/1602 1985/1/1602 1983/1/1602 
f 1983/1/1602 1977/1/1602 1976/1/1602 
f 1986/1/1059 1987/1/1059 1988/1/1059 
f 1988/1/1059 1989/1/1059 1986/1/1059 
f 1990/1/1058 1991/1/1058 1987/1/1058 
f 1987/1/1058 1986/1/1058 1990/1/1058 
f 1987/1/1721 1992/1/1721 1993/1/1721 
f 1993/1/1722 1988/1/1722 1987/1/1722 
f 1994/1/1723 1992/1/1723 1987/1/1723 
f 1987/1/1723 1991/1/1723 1994/1/1723 
f 1959/1/1067 486/1/1067 508/1/1067 
f 508/1/1068 1989/1/1068 1959/1/1068 
f 1989/1/1066 508/1/1066 507/1/1066 
f 507/1/1066 1986/1/1066 1989/1/1066 
f 1990/1/1724 1986/1/1724 507/1/1724 
f 507/1/1065 505/1/1065 1990/1/1065 
f 1995/1/1062 1990/1/1062 505/1/1062 
f 505/1/1062 506/1/1062 1995/1/1062 
f 1995/1/1079 1996/1/1079 1991/1/1079 
f 1991/1/1079 1990/1/1079 1995/1/1079 
f 1994/1/1077 1991/1/1077 1996/1/1077 
f 1996/1/1077 1997/1/1077 1994/1/1077 
f 1994/1/1076 1997/1/1076 1123/1/1076 
f 1123/1/1076 1122/1/1076 1994/1/1076 
f 1994/1/1725 1122/1/1725 1121/1/1725 
f 1121/1/1726 1992/1/1726 1994/1/1726 
f 1121/1/1727 1120/1/1727 1993/1/1727 
f 1993/1/1074 1992/1/1074 1121/1/1074 
f 1120/1/1072 1103/1/1072 1961/1/1072 
f 1961/1/1728 1993/1/1728 1120/1/1728 
f 1988/1/1729 1993/1/1729 1961/1/1729 
f 1961/1/1729 1960/1/1729 1988/1/1729 
f 1989/1/1069 1988/1/1069 1960/1/1069 
f 1960/1/1069 1959/1/1069 1989/1/1069 
f 1998/1/1730 1999/1/1730 2000/1/1730 
f 2000/1/1731 2001/1/1731 1998/1/1731 
f 2002/1/1479 2003/1/1479 1999/1/1479 
f 1999/1/1479 1998/1/1479 2002/1/1479 
f 1999/1/1732 2004/1/1732 2005/1/1732 
f 2005/1/1483 2000/1/1483 1999/1/1483 
f 2003/1/1482 2006/1/1482 2004/1/1482 
f 2004/1/1482 1999/1/1482 2003/1/1482 
f 2001/1/1489 2007/1/1489 621/1/1489 
f 621/1/1489 620/1/1489 2001/1/1489 
f 630/1/1488 1998/1/1488 2001/1/1488 
f 2001/1/1488 620/1/1488 630/1/1488 
f 630/1/1487 629/1/1487 2002/1/1487 
f 2002/1/1487 1998/1/1487 630/1/1487 
f 629/1/1484 601/1/1484 1971/1/1484 
f 1971/1/1733 2002/1/1733 629/1/1733 
f 2002/1/1499 1971/1/1499 1973/1/1499 
f 1973/1/1499 2003/1/1499 2002/1/1499 
f 1972/1/1498 2006/1/1498 2003/1/1498 
f 2003/1/1498 1973/1/1498 1972/1/1498 
f 1239/1/1497 2006/1/1497 1972/1/1497 
f 1972/1/1497 1216/1/1497 1239/1/1497 
f 2006/1/1495 1239/1/1495 1238/1/1495 
f 1238/1/1734 2004/1/1734 2006/1/1734 
f 2004/1/1494 1238/1/1494 1237/1/1494 
f 1237/1/1494 2005/1/1494 2004/1/1494 
f 1237/1/1493 1236/1/1493 2008/1/1493 
f 2008/1/1493 2005/1/1493 1237/1/1493 
f 2000/1/1492 2005/1/1492 2008/1/1492 
f 2008/1/1492 2009/1/1492 2000/1/1492 
f 2001/1/1491 2000/1/1491 2009/1/1491 
f 2009/1/1491 2007/1/1491 2001/1/1491 
f 2010/1/1735 2011/1/1735 2012/1/1735 
f 2012/1/1735 2013/1/1735 2010/1/1735 
f 2014/1/1616 2015/1/1616 2011/1/1616 
f 2011/1/1616 2010/1/1616 2014/1/1616 
f 2011/1/1620 2016/1/1620 2017/1/1620 
f 2017/1/1620 2012/1/1620 2011/1/1620 
f 2011/1/1619 2015/1/1619 2018/1/1619 
f 2018/1/1619 2016/1/1619 2011/1/1619 
f 2013/1/1736 2019/1/1736 101/1/1736 
f 101/1/1737 100/1/1737 2013/1/1737 
f 2013/1/1624 100/1/1624 110/1/1624 
f 110/1/1624 2010/1/1624 2013/1/1624 
f 2014/1/1623 2010/1/1623 110/1/1623 
f 110/1/1623 109/1/1623 2014/1/1623 
f 109/1/1622 81/1/1622 1983/1/1622 
f 1983/1/1622 2014/1/1622 109/1/1622 
f 1985/1/1738 2015/1/1738 2014/1/1738 
f 2014/1/1633 1983/1/1633 1985/1/1633 
f 1984/1/1632 2018/1/1632 2015/1/1632 
f 2015/1/1632 1985/1/1632 1984/1/1632 
f 719/1/1631 2018/1/1631 1984/1/1631 
f 1984/1/1631 696/1/1631 719/1/1631 
f 2018/1/1630 719/1/1630 718/1/1630 
f 718/1/1630 2016/1/1630 2018/1/1630 
f 718/1/1629 717/1/1629 2017/1/1629 
f 2017/1/1629 2016/1/1629 718/1/1629 
f 717/1/1628 716/1/1628 2020/1/1628 
f 2020/1/1628 2017/1/1628 717/1/1628 
f 2012/1/1627 2017/1/1627 2020/1/1627 
f 2020/1/1627 2021/1/1627 2012/1/1627 
f 2012/1/1626 2021/1/1626 2019/1/1626 
f 2019/1/1626 2013/1/1626 2012/1/1626 
f 2022/1/1119 2023/1/1119 2024/1/1119 
f 2024/1/1739 2025/1/1739 2022/1/1739 
f 2026/1/1118 2027/1/1118 2023/1/1118 
f 2023/1/1740 2022/1/1740 2026/1/1740 
f 2023/1/1741 2028/1/1741 2029/1/1741 
f 2029/1/1741 2024/1/1741 2023/1/1741 
f 2030/1/1120 2028/1/1120 2023/1/1120 
f 2023/1/1120 2027/1/1120 2030/1/1120 
f 1995/1/1127 506/1/1127 528/1/1127 
f 528/1/1742 2025/1/1742 1995/1/1742 
f 2025/1/1125 528/1/1125 527/1/1125 
f 527/1/1125 2022/1/1125 2025/1/1125 
f 2026/1/1124 2022/1/1124 527/1/1124 
f 527/1/1124 525/1/1124 2026/1/1124 
f 525/1/1743 526/1/1743 1290/1/1743 
f 1290/1/1122 2026/1/1122 525/1/1122 
f 1295/1/1138 2027/1/1138 2026/1/1138 
f 2026/1/1138 1290/1/1138 1295/1/1138 
f 2030/1/1744 2027/1/1744 1295/1/1744 
f 1295/1/1744 1294/1/1744 2030/1/1744 
f 2030/1/1134 1294/1/1134 1143/1/1134 
f 1143/1/1134 1142/1/1134 2030/1/1134 
f 2030/1/1745 1142/1/1745 1141/1/1745 
f 1141/1/1133 2028/1/1133 2030/1/1133 
f 1141/1/1746 1140/1/1746 2029/1/1746 
f 2029/1/1132 2028/1/1132 1141/1/1132 
f 1140/1/1130 1123/1/1130 1997/1/1130 
f 1997/1/1130 2029/1/1130 1140/1/1130 
f 2024/1/1129 2029/1/1129 1997/1/1129 
f 1997/1/1129 1996/1/1129 2024/1/1129 
f 2025/1/1128 2024/1/1128 1996/1/1128 
f 1996/1/1128 1995/1/1128 2025/1/1128 
f 2031/1/1747 2032/1/1747 2033/1/1747 
f 2033/1/1506 2034/1/1506 2031/1/1506 
f 2035/1/1505 2036/1/1505 2032/1/1505 
f 2032/1/1505 2031/1/1505 2035/1/1505 
f 2032/1/1509 2037/1/1509 2038/1/1509 
f 2038/1/1509 2033/1/1509 2032/1/1509 
f 2036/1/1748 2039/1/1748 2037/1/1748 
f 2037/1/1508 2032/1/1508 2036/1/1508 
f 2034/1/1516 1306/1/1516 641/1/1516 
f 641/1/1749 640/1/1749 2034/1/1749 
f 650/1/1514 2031/1/1514 2034/1/1514 
f 2034/1/1514 640/1/1514 650/1/1514 
f 650/1/1513 649/1/1513 2035/1/1513 
f 2035/1/1513 2031/1/1513 650/1/1513 
f 649/1/1750 621/1/1750 2007/1/1750 
f 2007/1/1750 2035/1/1750 649/1/1750 
f 2035/1/1525 2007/1/1525 2009/1/1525 
f 2009/1/1525 2036/1/1525 2035/1/1525 
f 2008/1/1751 2039/1/1751 2036/1/1751 
f 2036/1/1524 2009/1/1524 2008/1/1524 
f 1259/1/1523 2039/1/1523 2008/1/1523 
f 2008/1/1523 1236/1/1523 1259/1/1523 
f 2039/1/1521 1259/1/1521 1258/1/1521 
f 1258/1/1521 2037/1/1521 2039/1/1521 
f 2037/1/1520 1258/1/1520 1257/1/1520 
f 1257/1/1520 2038/1/1520 2037/1/1520 
f 1257/1/1519 1256/1/1519 1308/1/1519 
f 1308/1/1752 2038/1/1752 1257/1/1752 
f 2038/1/1518 1308/1/1518 1307/1/1518 
f 1307/1/1518 2033/1/1518 2038/1/1518 
f 2034/1/1517 2033/1/1517 1307/1/1517 
f 1307/1/1517 1306/1/1517 2034/1/1517 
f 2040/1/1642 2041/1/1642 2042/1/1642 
f 2042/1/1642 2043/1/1642 2040/1/1642 
f 2044/1/1641 2045/1/1641 2041/1/1641 
f 2041/1/1753 2040/1/1753 2044/1/1753 
f 2041/1/1644 2046/1/1644 2047/1/1644 
f 2047/1/1644 2042/1/1644 2041/1/1644 
f 2041/1/1643 2045/1/1643 2048/1/1643 
f 2048/1/1754 2046/1/1754 2041/1/1754 
f 2043/1/1649 1321/1/1649 121/1/1649 
f 121/1/1649 120/1/1649 2043/1/1649 
f 2043/1/1648 120/1/1648 130/1/1648 
f 130/1/1648 2040/1/1648 2043/1/1648 
f 2044/1/1646 2040/1/1646 130/1/1646 
f 130/1/1646 129/1/1646 2044/1/1646 
f 129/1/1755 101/1/1755 2019/1/1755 
f 2019/1/1756 2044/1/1756 129/1/1756 
f 2021/1/1659 2045/1/1659 2044/1/1659 
f 2044/1/1659 2019/1/1659 2021/1/1659 
f 2020/1/1657 2048/1/1657 2045/1/1657 
f 2045/1/1657 2021/1/1657 2020/1/1657 
f 739/1/1656 2048/1/1656 2020/1/1656 
f 2020/1/1656 716/1/1656 739/1/1656 
f 2048/1/1655 739/1/1655 738/1/1655 
f 738/1/1655 2046/1/1655 2048/1/1655 
f 738/1/1654 737/1/1654 2047/1/1654 
f 2047/1/1654 2046/1/1654 738/1/1654 
f 737/1/1652 736/1/1652 1323/1/1652 
f 1323/1/1652 2047/1/1652 737/1/1652 
f 1323/1/1651 1322/1/1651 2042/1/1651 
f 2042/1/1651 2047/1/1651 1323/1/1651 
f 2043/1/1650 2042/1/1650 1322/1/1650 
f 1322/1/1650 1321/1/1650 2043/1/1650 
# 0 polygons - 4096 triangles

#
# object C_rculo_006_C_rculo_007
#

v  0.6147 2.1601 -0.5744
v  0.6866 2.1909 -0.5667
v  0.7557 2.2204 -0.5439
v  0.8194 2.2477 -0.5069
v  0.8753 2.2716 -0.4570
v  0.9211 2.2912 -0.3963
v  0.9552 2.3058 -0.3270
v  0.9761 2.3147 -0.2518
v  0.9832 2.3178 -0.1736
v  0.9761 2.3147 -0.0954
v  0.9552 2.3058 -0.0202
v  0.9211 2.2912 0.0491
v  0.8753 2.2716 0.1099
v  0.8194 2.2477 0.1597
v  0.7557 2.2204 0.1968
v  0.6866 2.1909 0.2196
v  0.6147 2.1601 0.2273
v  0.5428 2.1293 0.2196
v  0.4736 2.0998 0.1968
v  0.4099 2.0725 0.1597
v  0.3541 2.0486 0.1099
v  0.3082 2.0290 0.0491
v  0.2742 2.0144 -0.0202
v  0.2532 2.0055 -0.0954
v  0.2461 2.0024 -0.1736
v  0.2532 2.0055 -0.2518
v  0.2742 2.0144 -0.3270
v  0.3082 2.0290 -0.3963
v  0.3541 2.0486 -0.4570
v  0.5428 2.1293 -0.5667
v  0.4099 2.0725 -0.5069
v  0.4736 2.0998 -0.5439
v  0.3049 1.8846 -0.0954
v  0.3515 1.8654 -0.1024
v  0.3451 1.8626 -0.1736
v  0.2979 1.8815 -0.1736
v  0.5254 1.9789 0.1968
v  0.4616 1.9516 0.1597
v  0.6664 2.0392 -0.5744
v  0.5945 2.0085 -0.5667
v  0.9270 2.1507 -0.4570
v  0.9728 2.1703 -0.3963
v  0.5945 2.0085 0.2196
v  0.5254 1.9789 -0.5439
v  0.8712 2.1268 -0.5069
v  0.6664 2.0392 0.2273
v  0.4616 1.9516 -0.5069
v  0.8074 2.0996 -0.5439
v  0.7383 2.0700 0.2196
v  0.4058 1.9277 -0.4570
v  0.7383 2.0700 -0.5667
v  0.8074 2.0996 0.1968
v  0.3600 1.9081 -0.3963
v  0.8712 2.1268 0.1597
v  0.3259 1.8935 -0.3270
v  0.9270 2.1507 0.1099
v  0.3049 1.8846 -0.2518
v  0.9728 2.1703 0.0491
v  1.0069 2.1849 -0.0202
v  1.0279 2.1939 -0.0954
v  0.3259 1.8935 -0.0202
v  1.0349 2.1969 -0.1736
v  0.3600 1.9081 0.0491
v  1.0279 2.1939 -0.2518
v  0.4058 1.9277 0.1099
v  1.0069 2.1849 -0.3270
v  0.4433 1.9047 0.0845
v  0.4317 1.8786 0.1054
v  0.3866 1.8593 0.0456
v  0.4016 1.8868 0.0292
v  1.0096 2.1469 -0.1024
v  0.9905 2.1388 -0.0339
v  0.3706 1.8735 -0.0339
v  1.0160 2.1497 -0.1736
v  1.0096 2.1469 -0.2447
v  0.9905 2.1388 -0.3132
v  0.4942 1.9264 0.1298
v  0.9595 2.1255 -0.3763
v  0.5522 1.9512 0.1636
v  0.6151 1.9781 -0.5315
v  0.6805 2.0061 -0.5385
v  0.9178 2.1076 -0.4316
v  0.6151 1.9781 0.1843
v  0.5522 1.9512 -0.5107
v  0.8669 2.0859 -0.4770
v  0.6805 2.0061 0.1913
v  0.4942 1.9264 -0.4770
v  0.8089 2.0611 -0.5107
v  0.7460 2.0342 0.1843
v  0.4433 1.9047 -0.4316
v  0.7460 2.0342 -0.5315
v  0.8089 2.0611 0.1636
v  0.4016 1.8868 -0.3763
v  0.8669 2.0859 0.1298
v  0.3706 1.8735 -0.3132
v  0.9178 2.1076 0.0845
v  0.3515 1.8654 -0.2447
v  0.9595 2.1255 0.0292
v  0.5494 1.9290 0.1909
v  0.6174 1.9581 0.2133
v  0.6770 1.8187 0.2133
v  0.6090 1.7896 0.1909
v  1.0232 2.1317 -0.3245
v  1.0439 2.1405 -0.2505
v  0.4867 1.9021 0.1544
v  0.9897 2.1173 -0.3927
v  0.6174 1.9581 -0.5604
v  0.6882 1.9883 -0.5680
v  0.9446 2.0980 -0.4525
v  0.5494 1.9290 -0.5380
v  0.8897 2.0745 -0.5015
v  0.6882 1.9883 0.2209
v  0.4867 1.9021 -0.5015
v  0.8270 2.0477 -0.5380
v  0.7589 2.0186 0.2133
v  0.4317 1.8786 -0.4525
v  0.7589 2.0186 -0.5604
v  0.8270 2.0477 0.1909
v  0.3866 1.8593 -0.3927
v  0.8897 2.0745 0.1544
v  0.3531 1.8450 -0.3245
v  0.9446 2.0980 0.1054
v  0.3325 1.8362 -0.2505
v  0.9897 2.1173 0.0456
v  0.3255 1.8332 -0.1736
v  1.0232 2.1317 -0.0226
v  0.3325 1.8362 -0.0966
v  1.0439 2.1405 -0.0966
v  0.3531 1.8450 -0.0226
v  1.0508 2.1435 -0.1736
v  0.8866 1.9083 0.1909
v  0.8881 1.8636 0.1519
v  0.8274 1.8376 0.1719
v  0.8186 1.8792 0.2133
v  0.6090 1.7896 -0.5380
v  0.6770 1.8187 -0.5604
v  0.9493 1.9352 -0.5015
v  1.0042 1.9587 -0.4525
v  0.7478 1.8490 0.2209
v  0.5463 1.7628 -0.5015
v  0.8866 1.9083 -0.5380
v  0.4914 1.7392 -0.4525
v  0.8186 1.8792 -0.5604
v  0.4463 1.7199 -0.3927
v  0.7478 1.8490 -0.5680
v  0.9493 1.9352 0.1544
v  0.4127 1.7056 -0.3245
v  1.0042 1.9587 0.1054
v  0.3921 1.6968 -0.2505
v  1.0493 1.9780 0.0456
v  0.3851 1.6938 -0.1736
v  1.0829 1.9923 -0.0226
v  0.3921 1.6968 -0.0966
v  1.1035 2.0011 -0.0966
v  0.4127 1.7056 -0.0226
v  1.1105 2.0041 -0.1736
v  0.4463 1.7199 0.0456
v  1.1035 2.0011 -0.2505
v  0.4914 1.7392 0.1054
v  1.0829 1.9923 -0.3245
v  0.5463 1.7628 0.1544
v  1.0493 1.9780 -0.3927
v  1.0335 1.9258 0.0221
v  1.0843 1.8941 0.0450
v  1.0393 1.8749 0.1046
v  0.9932 1.9086 0.0755
v  0.4949 1.6954 -0.3693
v  0.5352 1.7126 -0.4226
v  0.8274 1.8376 -0.5191
v  0.7642 1.8106 -0.5258
v  0.9441 1.8876 0.1193
v  0.4650 1.6826 -0.3084
v  0.4466 1.6747 -0.2423
v  0.4403 1.6721 -0.1736
v  1.0634 1.9386 -0.0388
v  0.4466 1.6747 -0.1048
v  1.0818 1.9465 -0.1048
v  0.4650 1.6826 -0.0388
v  1.0881 1.9492 -0.1736
v  0.4949 1.6954 0.0221
v  1.0818 1.9465 -0.2423
v  0.5352 1.7126 0.0755
v  1.0634 1.9386 -0.3084
v  0.5843 1.7336 0.1193
v  1.0335 1.9258 -0.3693
v  0.6403 1.7576 0.1519
v  0.7010 1.7836 -0.5191
v  0.9932 1.9086 -0.4226
v  0.7010 1.7836 0.1719
v  0.6403 1.7576 -0.4990
v  0.9441 1.8876 -0.4665
v  0.7642 1.8106 0.1787
v  0.5843 1.7336 -0.4665
v  0.8881 1.8636 -0.4990
v  1.2042 1.7825 -0.1736
v  1.1972 1.7795 -0.0968
v  1.1383 1.9172 -0.0968
v  1.1452 1.9202 -0.1736
v  0.4288 1.6137 -0.2503
v  0.4218 1.6107 -0.1736
v  1.1177 1.9084 -0.0230
v  0.4288 1.6137 -0.0968
v  0.4493 1.6225 -0.0230
v  0.4828 1.6368 0.0450
v  1.1383 1.9172 -0.2503
v  0.5278 1.6560 0.1046
v  1.1177 1.9084 -0.3241
v  0.5826 1.6795 0.1536
v  1.0843 1.8941 -0.3921
v  0.6451 1.7062 0.1899
v  0.7130 1.7353 -0.5594
v  0.7835 1.7654 -0.5670
v  1.0393 1.8749 -0.4518
v  0.7130 1.7353 0.2123
v  0.6451 1.7062 -0.5370
v  0.9845 1.8514 -0.5007
v  0.7835 1.7654 0.2199
v  0.5826 1.6795 -0.5007
v  0.9220 1.8247 -0.5370
v  0.8541 1.7956 0.2123
v  0.5278 1.6560 -0.4518
v  0.8541 1.7956 -0.5594
v  0.9220 1.8247 0.1899
v  0.4828 1.6368 -0.3921
v  0.9845 1.8514 0.1536
v  0.4493 1.6225 -0.3241
v  1.1432 1.7564 -0.3921
v  1.1272 1.6765 -0.3615
v  1.1565 1.6872 -0.3030
v  1.1766 1.7707 -0.3241
v  0.5417 1.4991 0.0450
v  0.5083 1.4848 -0.0230
v  1.1972 1.7795 -0.2503
v  0.5867 1.5183 0.1046
v  0.6415 1.5418 0.1536
v  0.7040 1.5685 0.1899
v  0.7719 1.5975 -0.5594
v  0.8424 1.6277 -0.5670
v  1.0982 1.7372 -0.4518
v  0.7719 1.5975 0.2123
v  0.7040 1.5685 -0.5370
v  1.0434 1.7137 -0.5007
v  0.8424 1.6277 0.2199
v  0.6415 1.5418 -0.5007
v  0.9809 1.6870 -0.5370
v  0.9130 1.6579 0.2123
v  0.5867 1.5183 -0.4518
v  0.9130 1.6579 -0.5594
v  0.9809 1.6870 0.1899
v  0.5417 1.4991 -0.3921
v  1.0434 1.7137 0.1536
v  0.5083 1.4848 -0.3241
v  1.0982 1.7372 0.1046
v  0.4877 1.4760 -0.2503
v  1.1432 1.7564 0.0450
v  0.4807 1.4730 -0.1736
v  1.1766 1.7707 -0.0230
v  0.4877 1.4760 -0.0968
v  1.2359 1.6724 -0.0976
v  1.2151 1.6647 -0.0245
v  1.1565 1.6872 -0.0441
v  1.1746 1.6938 -0.1076
v  0.7415 1.5350 0.1390
v  0.6865 1.5149 0.1078
v  0.8011 1.5569 -0.5054
v  0.8630 1.5796 -0.5119
v  1.0877 1.6620 -0.4128
v  0.8011 1.5569 0.1583
v  0.7415 1.5350 -0.4862
v  1.0395 1.6443 -0.4549
v  0.8630 1.5796 0.1648
v  0.6865 1.5149 -0.4549
v  0.9846 1.6242 -0.4862
v  0.9250 1.6023 0.1583
v  0.6384 1.4973 -0.4128
v  0.9250 1.6023 -0.5054
v  0.9846 1.6242 0.1390
v  0.5989 1.4828 -0.3615
v  1.0395 1.6443 0.1078
v  0.5695 1.4720 -0.3030
v  1.0877 1.6620 0.0657
v  0.5515 1.4654 -0.2396
v  1.1272 1.6765 0.0144
v  0.5454 1.4632 -0.1736
v  0.5515 1.4654 -0.1076
v  0.5695 1.4720 -0.0441
v  1.1807 1.6961 -0.1736
v  0.5989 1.4828 0.0144
v  1.1746 1.6938 -0.2396
v  0.6384 1.4973 0.0657
v  1.2151 1.6647 -0.3226
v  1.2634 1.5328 -0.3226
v  1.2842 1.5405 -0.2495
v  1.2359 1.6724 -0.2495
v  0.5394 1.4170 -0.0245
v  0.5186 1.4094 -0.0976
v  1.2429 1.6750 -0.1736
v  0.5732 1.4294 0.0428
v  0.6187 1.4461 0.1018
v  0.6741 1.4664 0.1503
v  1.1813 1.6524 -0.3899
v  0.7373 1.4896 0.1863
v  0.8059 1.5147 -0.5556
v  0.8772 1.5409 -0.5630
v  1.1358 1.6357 -0.4490
v  0.8059 1.5147 0.2084
v  0.7373 1.4896 -0.5334
v  1.0804 1.6154 -0.4974
v  0.8772 1.5409 0.2159
v  0.6741 1.4664 -0.4974
v  1.0172 1.5922 -0.5334
v  0.9486 1.5670 0.2084
v  0.6187 1.4461 -0.4490
v  0.9486 1.5670 -0.5556
v  1.0172 1.5922 0.1863
v  0.5732 1.4294 -0.3899
v  1.0804 1.6154 0.1503
v  0.5394 1.4170 -0.3226
v  1.1358 1.6357 0.1018
v  0.5186 1.4094 -0.2495
v  1.1813 1.6524 0.0428
v  0.5115 1.4068 -0.1736
v  1.1718 1.4213 -0.4094
v  1.1842 1.5038 -0.4490
v  1.1288 1.4834 -0.4974
v  1.1234 1.4067 -0.4508
v  0.7224 1.3345 0.1503
v  0.6670 1.3142 0.1018
v  1.2296 1.5204 -0.3899
v  0.7857 1.3577 0.1863
v  0.8543 1.3828 -0.5556
v  0.9256 1.4090 -0.5630
v  0.8543 1.3828 0.2084
v  0.7857 1.3577 -0.5334
v  0.9256 1.4090 0.2159
v  0.7224 1.3345 -0.4974
v  1.0655 1.4603 -0.5334
v  0.9969 1.4351 0.2084
v  0.6670 1.3142 -0.4490
v  0.9969 1.4351 -0.5556
v  1.0655 1.4603 0.1863
v  0.6215 1.2975 -0.3899
v  1.1288 1.4834 0.1503
v  0.5877 1.2851 -0.3226
v  1.1842 1.5038 0.1018
v  0.5669 1.2775 -0.2495
v  1.2296 1.5204 0.0428
v  0.5599 1.2749 -0.1736
v  1.2634 1.5328 -0.0245
v  0.5669 1.2775 -0.0976
v  1.2842 1.5405 -0.0976
v  0.5877 1.2851 -0.0245
v  1.2913 1.5430 -0.1736
v  0.6215 1.2975 0.0428
v  0.9574 1.3154 -0.5507
v  1.0279 1.3367 -0.5435
v  1.0083 1.3720 -0.5006
v  0.9460 1.3532 -0.5070
v  0.9460 1.3532 0.1599
v  0.8837 1.3345 0.1535
v  0.7686 1.2998 -0.4508
v  0.8238 1.3164 -0.4816
v  1.0682 1.3901 -0.4816
v  1.0083 1.3720 0.1535
v  0.7203 1.2852 -0.4094
v  1.0682 1.3901 0.1345
v  0.6806 1.2732 -0.3588
v  1.1234 1.4067 0.1037
v  0.6511 1.2643 -0.3012
v  1.1718 1.4213 0.0622
v  0.6329 1.2589 -0.2386
v  1.2115 1.4332 0.0117
v  0.6267 1.2570 -0.1736
v  1.2410 1.4421 -0.0460
v  0.6329 1.2589 -0.1085
v  1.2592 1.4476 -0.1085
v  0.6511 1.2643 -0.0460
v  1.2653 1.4495 -0.1736
v  0.6806 1.2732 0.0117
v  1.2592 1.4476 -0.2386
v  0.7203 1.2852 0.0622
v  1.2410 1.4421 -0.3012
v  0.7686 1.2998 0.1037
v  1.2115 1.4332 -0.3588
v  0.8238 1.3164 0.1345
v  0.8837 1.3345 -0.5006
v  1.2910 1.4160 -0.0292
v  1.3283 1.2923 -0.0292
v  1.2949 1.2822 0.0360
v  1.2577 1.4059 0.0360
v  1.1580 1.3759 0.1400
v  1.0956 1.3571 0.1749
v  0.6572 1.2249 -0.3831
v  0.6238 1.2149 -0.3179
v  1.2128 1.3924 0.0931
v  0.6033 1.2087 -0.2471
v  0.5963 1.2066 -0.1736
v  0.6033 1.2087 -0.1000
v  1.3116 1.4222 -0.1000
v  0.6238 1.2149 -0.0292
v  1.3185 1.4243 -0.1736
v  0.6572 1.2249 0.0360
v  1.3116 1.4222 -0.2471
v  0.7021 1.2385 0.0931
v  1.2910 1.4160 -0.3179
v  0.7568 1.2550 0.1400
v  1.2577 1.4059 -0.3831
v  0.8192 1.2738 0.1749
v  0.8870 1.2942 -0.5435
v  1.2128 1.3924 -0.4402
v  0.8870 1.2942 0.1963
v  0.8192 1.2738 -0.5220
v  1.1580 1.3759 -0.4871
v  0.9574 1.3154 0.2036
v  0.7568 1.2550 -0.4871
v  1.0956 1.3571 -0.5220
v  1.0279 1.3367 0.1963
v  0.7021 1.2385 -0.4402
v  1.3169 1.2129 -0.1736
v  1.3558 1.3006 -0.1736
v  1.3489 1.2985 -0.2471
v  1.3110 1.2116 -0.2351
v  0.6405 1.0850 -0.1000
v  0.6336 1.0829 -0.1736
v  1.3489 1.2985 -0.1000
v  0.6611 1.0912 -0.0292
v  0.6945 1.1013 0.0360
v  0.7394 1.1148 0.0931
v  1.3283 1.2923 -0.3179
v  0.7941 1.1313 0.1400
v  1.2949 1.2822 -0.3831
v  0.8565 1.1501 0.1749
v  0.9947 1.1917 -0.5507
v  0.9243 1.1705 -0.5435
v  1.2500 1.2687 -0.4402
v  0.9243 1.1705 0.1963
v  0.8565 1.1501 -0.5220
v  1.1953 1.2522 -0.4871
v  0.9947 1.1917 0.2036
v  0.7941 1.1313 -0.4871
v  1.1329 1.2334 -0.5220
v  1.0651 1.2130 0.1963
v  0.7394 1.1148 -0.4402
v  1.0651 1.2130 -0.5435
v  1.1329 1.2334 0.1749
v  0.6945 1.1013 -0.3831
v  1.1953 1.2522 0.1400
v  0.6611 1.0912 -0.3179
v  1.2500 1.2687 0.0931
v  0.6405 1.0850 -0.2471
v  1.0084 1.1464 -0.4892
v  0.9482 1.1334 -0.4831
v  0.9512 1.0738 -0.5312
v  1.0208 1.0888 -0.5382
v  0.7902 1.0993 0.0496
v  0.7518 1.0911 0.0018
v  1.2934 1.2078 -0.2943
v  0.8370 1.1094 0.0889
v  1.2649 1.2017 -0.3489
v  0.8903 1.1209 0.1180
v  1.2265 1.1934 -0.3967
v  0.9482 1.1334 0.1360
v  0.8903 1.1209 -0.4651
v  1.1798 1.1833 -0.4360
v  1.0084 1.1464 0.1420
v  0.8370 1.1094 -0.4360
v  1.1264 1.1718 -0.4651
v  1.0686 1.1593 0.1360
v  0.7902 1.0993 -0.3967
v  1.0686 1.1593 -0.4831
v  1.1264 1.1718 0.1180
v  0.7518 1.0911 -0.3489
v  1.1798 1.1833 0.0889
v  0.7233 1.0849 -0.2943
v  1.2265 1.1934 0.0496
v  0.7058 1.0811 -0.2351
v  1.2649 1.2017 0.0018
v  0.6999 1.0799 -0.1736
v  1.2934 1.2078 -0.0528
v  0.7058 1.0811 -0.1120
v  1.3110 1.2116 -0.1120
v  0.7233 1.0849 -0.0528
v  0.7687 1.0345 -0.4314
v  0.7959 0.9085 -0.4314
v  0.8499 0.9201 -0.4768
v  0.8227 1.0461 -0.4768
v  1.2729 1.1432 -0.4314
v  1.3172 1.1527 -0.3762
v  0.9512 1.0738 0.1841
v  0.8844 1.0594 0.1634
v  0.8844 1.0594 -0.5105
v  1.2188 1.1315 -0.4768
v  1.0208 1.0888 0.1911
v  1.1572 1.1182 -0.5105
v  1.0903 1.1038 0.1841
v  1.0903 1.1038 -0.5312
v  1.1572 1.1182 0.1634
v  0.7244 1.0249 -0.3762
v  1.2188 1.1315 0.1297
v  0.6914 1.0178 -0.3131
v  1.2729 1.1432 0.0843
v  0.6711 1.0134 -0.2447
v  1.3172 1.1527 0.0290
v  0.6643 1.0119 -0.1736
v  1.3501 1.1598 -0.0340
v  0.6711 1.0134 -0.1024
v  1.3704 1.1642 -0.1024
v  0.6914 1.0178 -0.0340
v  1.3773 1.1657 -0.1736
v  0.7244 1.0249 0.0290
v  1.3704 1.1642 -0.2447
v  0.7687 1.0345 0.0843
v  1.3501 1.1598 -0.3131
v  0.8227 1.0461 0.1297
v  0.7581 0.8858 -0.2332
v  0.7752 0.8888 -0.2905
v  0.7186 0.8918 -0.3131
v  0.6983 0.8875 -0.2447
v  1.1175 0.9778 -0.5312
v  1.1844 0.9923 -0.5105
v  1.1844 0.9923 0.1634
v  1.1175 0.9778 0.1841
v  0.7515 0.8989 -0.3762
v  1.0479 0.9628 -0.5382
v  1.2460 1.0056 0.1297
v  1.3000 1.0172 0.0843
v  1.3444 1.0268 0.0290
v  0.6914 0.8860 -0.1736
v  1.3773 1.0339 -0.0340
v  0.6983 0.8875 -0.1024
v  1.3976 1.0382 -0.1024
v  0.7186 0.8918 -0.0340
v  1.4044 1.0397 -0.1736
v  0.7515 0.8989 0.0290
v  1.3976 1.0382 -0.2447
v  0.7959 0.9085 0.0843
v  1.3773 1.0339 -0.3131
v  0.8499 0.9201 0.1297
v  1.3444 1.0268 -0.3762
v  0.9115 0.9334 0.1634
v  0.9784 0.9479 -0.5312
v  1.3000 1.0172 -0.4314
v  0.9784 0.9479 0.1841
v  0.9115 0.9334 -0.5105
v  1.2460 1.0056 -0.4768
v  1.0479 0.9628 0.1911
v  0.7752 0.8888 -0.0566
v  0.7353 0.8479 -0.0374
v  0.7154 0.8444 -0.1041
v  0.7581 0.8858 -0.1139
v  1.3039 0.9805 -0.0037
v  1.2665 0.9740 0.0426
v  0.7523 0.8848 -0.1736
v  1.3318 0.9853 -0.0566
v  1.3489 0.9883 -0.1139
v  1.3547 0.9893 -0.1736
v  0.8031 0.8936 -0.0037
v  1.3489 0.9883 -0.2332
v  0.8405 0.9001 0.0426
v  1.3318 0.9853 -0.2905
v  0.8862 0.9080 0.0806
v  1.3039 0.9805 -0.3434
v  0.9382 0.9171 0.1089
v  0.9947 0.9269 -0.4734
v  1.0535 0.9371 -0.4792
v  1.2665 0.9740 -0.3897
v  0.9947 0.9269 0.1263
v  0.9382 0.9171 -0.4560
v  1.2208 0.9661 -0.4277
v  1.0535 0.9371 0.1321
v  0.8862 0.9080 -0.4277
v  1.1688 0.9570 -0.4560
v  1.1123 0.9472 0.1263
v  0.8405 0.9001 -0.3897
v  1.1123 0.9472 -0.4734
v  1.1688 0.9570 0.1089
v  0.8031 0.8936 -0.3434
v  1.2208 0.9661 0.0806
v  0.8645 0.8703 0.1223
v  0.8861 0.7453 0.1223
v  0.8330 0.7361 0.0780
v  0.8113 0.8610 0.0780
v  1.4098 0.9648 -0.1736
v  1.4031 0.9637 -0.1041
v  0.7677 0.8535 0.0241
v  1.4031 0.9637 -0.2430
v  1.3831 0.9602 -0.3097
v  1.3507 0.9546 -0.3712
v  0.9251 0.8808 0.1552
v  0.9908 0.8922 -0.5225
v  1.0592 0.9040 -0.5294
v  1.3071 0.9470 -0.4252
v  0.9908 0.8922 0.1754
v  0.9251 0.8808 -0.5023
v  1.2540 0.9378 -0.4694
v  1.0592 0.9040 0.1823
v  0.8645 0.8703 -0.4694
v  1.1934 0.9273 -0.5023
v  1.1276 0.9159 0.1754
v  0.8113 0.8610 -0.4252
v  1.1276 0.9159 -0.5225
v  1.1934 0.9273 0.1552
v  0.7677 0.8535 -0.3712
v  1.2540 0.9378 0.1223
v  0.7353 0.8479 -0.3097
v  1.3071 0.9470 0.0780
v  0.7154 0.8444 -0.2430
v  1.3507 0.9546 0.0241
v  0.7086 0.8432 -0.1736
v  1.3831 0.9602 -0.0374
v  1.0809 0.7791 0.1823
v  1.0893 0.7304 0.1365
v  1.0290 0.7269 0.1305
v  1.0125 0.7673 0.1754
v  1.3724 0.8297 -0.3712
v  1.4048 0.8353 -0.3097
v  0.9467 0.7559 0.1552
v  1.0125 0.7673 -0.5225
v  1.0809 0.7791 -0.5294
v  1.3288 0.8221 -0.4252
v  0.9467 0.7559 -0.5023
v  1.2757 0.8129 -0.4694
v  0.8861 0.7453 -0.4694
v  1.2150 0.8024 -0.5023
v  1.1493 0.7910 0.1754
v  0.8330 0.7361 -0.4252
v  1.1493 0.7910 -0.5225
v  1.2150 0.8024 0.1552
v  0.7894 0.7286 -0.3712
v  1.2757 0.8129 0.1223
v  0.7570 0.7230 -0.3097
v  1.3288 0.8221 0.0780
v  0.7370 0.7195 -0.2430
v  1.3724 0.8297 0.0241
v  0.7303 0.7183 -0.1736
v  1.4048 0.8353 -0.0374
v  0.7370 0.7195 -0.1041
v  1.4247 0.8387 -0.1041
v  0.7570 0.7230 -0.0374
v  1.4315 0.8399 -0.1736
v  0.7894 0.7286 0.0241
v  1.4247 0.8387 -0.2430
v  1.2613 0.7401 0.0842
v  1.2854 0.7178 0.1183
v  1.2248 0.7144 0.1507
v  1.2078 0.7371 0.1129
v  0.9174 0.7206 -0.4314
v  0.9709 0.7236 -0.4600
v  1.2078 0.7371 -0.4600
v  1.2613 0.7401 -0.4314
v  1.1497 0.7338 0.1305
v  0.8705 0.7179 -0.3928
v  1.1497 0.7338 -0.4777
v  0.8320 0.7157 -0.3458
v  1.0893 0.7304 -0.4836
v  0.8034 0.7141 -0.2922
v  1.3082 0.7428 0.0457
v  0.7857 0.7131 -0.2340
v  1.3467 0.7450 -0.0013
v  0.7798 0.7127 -0.1736
v  1.3753 0.7466 -0.0549
v  0.7857 0.7131 -0.1131
v  1.3929 0.7476 -0.1131
v  0.8034 0.7141 -0.0549
v  1.3989 0.7480 -0.1736
v  0.8320 0.7157 -0.0013
v  1.3929 0.7476 -0.2340
v  0.8705 0.7179 0.0457
v  1.3753 0.7466 -0.2922
v  0.9174 0.7206 0.0842
v  1.3467 0.7450 -0.3458
v  0.9709 0.7236 0.1129
v  1.0290 0.7269 -0.4777
v  1.3082 0.7428 -0.3928
v  1.4145 0.7252 -0.0392
v  1.4215 0.6022 -0.0392
v  1.3891 0.6003 0.0215
v  1.3821 0.7233 0.0215
v  0.7993 0.6901 -0.3686
v  0.7669 0.6883 -0.3079
v  1.3385 0.7208 0.0747
v  0.7470 0.6872 -0.2420
v  0.7402 0.6868 -0.1736
v  0.7470 0.6872 -0.1051
v  1.4344 0.7263 -0.1051
v  0.7669 0.6883 -0.0392
v  1.4411 0.7267 -0.1736
v  0.7993 0.6901 0.0215
v  1.4344 0.7263 -0.2420
v  0.8429 0.6926 0.0747
v  1.4145 0.7252 -0.3079
v  0.8960 0.6956 0.1183
v  1.3821 0.7233 -0.3686
v  0.9566 0.6991 0.1507
v  1.0223 0.7028 -0.5178
v  1.0907 0.7067 -0.5246
v  1.3385 0.7208 -0.4218
v  1.0223 0.7028 0.1707
v  0.9566 0.6991 -0.4979
v  1.2854 0.7178 -0.4654
v  1.0907 0.7067 0.1775
v  0.8960 0.6956 -0.4654
v  1.2248 0.7144 -0.4979
v  1.1591 0.7106 0.1707
v  0.8429 0.6926 -0.4218
v  1.1591 0.7106 -0.5178
v  1.4414 0.6033 -0.2420
v  1.4059 0.5483 -0.2345
v  1.4119 0.5483 -0.1736
v  1.4482 0.6037 -0.1736
v  0.7540 0.5642 -0.1051
v  0.7472 0.5638 -0.1736
v  1.4414 0.6033 -0.1051
v  0.7739 0.5653 -0.0392
v  0.8063 0.5671 0.0215
v  0.8499 0.5696 0.0747
v  1.4215 0.6022 -0.3079
v  0.9030 0.5726 0.1183
v  1.3891 0.6003 -0.3686
v  0.9636 0.5761 0.1507
v  1.0977 0.5837 -0.5246
v  1.0293 0.5798 -0.5178
v  1.3455 0.5978 -0.4218
v  1.0293 0.5798 0.1707
v  0.9636 0.5761 -0.4979
v  1.2924 0.5948 -0.4654
v  1.0977 0.5837 0.1775
v  0.9030 0.5726 -0.4654
v  1.2318 0.5914 -0.4979
v  1.1661 0.5876 0.1707
v  0.8499 0.5696 -0.4218
v  1.1661 0.5876 -0.5178
v  1.2318 0.5914 0.1507
v  0.8063 0.5671 -0.3686
v  1.2924 0.5948 0.1183
v  0.7739 0.5653 -0.3079
v  1.3455 0.5978 0.0747
v  0.7540 0.5642 -0.2420
v  1.2913 0.5144 0.1130
v  1.2317 0.5142 0.1448
v  1.2192 0.5478 0.1148
v  1.2732 0.5479 0.0860
v  0.8790 0.5469 0.0472
v  0.8402 0.5468 -0.0001
v  1.3881 0.5482 -0.2930
v  0.9263 0.5471 0.0860
v  1.3593 0.5482 -0.3470
v  0.9803 0.5472 0.1148
v  1.0389 0.5473 -0.4797
v  1.0998 0.5475 -0.4857
v  1.3205 0.5481 -0.3943
v  1.0389 0.5473 0.1326
v  0.9803 0.5472 -0.4620
v  1.2732 0.5479 -0.4331
v  1.0998 0.5475 0.1386
v  0.9263 0.5471 -0.4331
v  1.2192 0.5478 -0.4620
v  1.1607 0.5477 0.1326
v  0.8790 0.5469 -0.3943
v  1.1607 0.5477 -0.4797
v  0.8402 0.5468 -0.3470
v  0.8114 0.5468 -0.2930
v  1.3205 0.5481 0.0472
v  0.7936 0.5467 -0.2345
v  1.3593 0.5482 -0.0001
v  0.7876 0.5467 -0.1736
v  1.3881 0.5482 -0.0541
v  0.7936 0.5467 -0.1127
v  1.4059 0.5483 -0.1127
v  0.8114 0.5468 -0.0541
v  1.3864 0.5146 0.0179
v  1.4182 0.5147 -0.0417
v  1.4185 0.4491 -0.0417
v  1.3867 0.4490 0.0179
v  0.7814 0.5131 -0.3054
v  0.8133 0.5132 -0.3650
v  1.3435 0.5145 0.0701
v  0.7618 0.5130 -0.2408
v  0.7552 0.5130 -0.1736
v  0.7618 0.5130 -0.1063
v  1.4378 0.5148 -0.1063
v  0.7814 0.5131 -0.0417
v  1.4445 0.5148 -0.1736
v  0.8133 0.5132 0.0179
v  1.4378 0.5148 -0.2408
v  0.8562 0.5133 0.0701
v  1.4182 0.5147 -0.3054
v  0.9084 0.5134 0.1130
v  1.3864 0.5146 -0.3650
v  0.9680 0.5136 0.1448
v  1.0326 0.5137 -0.5116
v  1.0998 0.5139 -0.5182
v  1.3435 0.5145 -0.4172
v  1.0326 0.5137 0.1644
v  0.9680 0.5136 -0.4920
v  1.2913 0.5144 -0.4601
v  1.0998 0.5139 0.1711
v  0.9084 0.5134 -0.4601
v  1.2317 0.5142 -0.4920
v  1.1671 0.5141 0.1644
v  0.8562 0.5133 -0.4172
v  1.1671 0.5141 -0.5116
v  1.0329 0.4481 -0.5116
v  0.9682 0.4479 -0.4920
v  0.9087 0.4478 -0.4601
v  0.8564 0.4476 -0.4172
v  0.8136 0.4475 -0.3650
v  0.7817 0.4474 -0.3054
v  0.7621 0.4474 -0.2408
v  0.7555 0.4474 -0.1736
v  0.7621 0.4474 -0.1063
v  0.7817 0.4474 -0.0417
v  0.8136 0.4475 0.0179
v  0.8564 0.4476 0.0701
v  0.9087 0.4478 0.1130
v  0.9682 0.4479 0.1448
v  1.0329 0.4481 0.1644
v  1.1001 0.4482 0.1711
v  1.1674 0.4484 0.1644
v  1.2320 0.4486 0.1448
v  1.2916 0.4487 0.1130
v  1.3438 0.4489 0.0701
v  1.4381 0.4491 -0.1063
v  1.4448 0.4491 -0.1736
v  1.4381 0.4491 -0.2408
v  1.4185 0.4491 -0.3054
v  1.3867 0.4490 -0.3650
v  1.3438 0.4489 -0.4172
v  1.2916 0.4487 -0.4601
v  1.2320 0.4486 -0.4920
v  1.1674 0.4484 -0.5116
v  1.1001 0.4482 -0.5182
# 832 vertices

vn 0.3933 -0.9194 -0.0000
vn 0.3933 -0.9194 0.0001
vn 0.3933 -0.9194 -0.0001
vn 0.3933 -0.9194 0.0002
vn 0.3934 -0.9194 -0.0000
vn 0.3712 0.9259 -0.0695
vn 0.3711 0.9260 -0.0697
vn 0.4334 0.1853 -0.8819
vn 0.4335 0.1854 -0.8818
vn 0.0901 0.0385 0.9952
vn 0.0901 0.0386 0.9952
vn -0.7107 -0.3039 0.6344
vn 0.2668 0.1142 -0.9570
vn 0.2669 0.1142 -0.9569
vn 0.2672 0.1143 0.9568
vn 0.2670 0.1141 0.9569
vn -0.5833 -0.2495 0.7730
vn 0.0901 0.0385 -0.9952
vn 0.4335 0.1854 0.8819
vn 0.4334 0.1854 0.8819
vn -0.4333 -0.1854 0.8820
vn -0.4335 -0.1854 0.8819
vn -0.0901 -0.0385 -0.9952
vn 0.5833 0.2495 0.7730
vn 0.5832 0.2495 0.7730
vn -0.2669 -0.1141 0.9570
vn -0.2670 -0.1143 0.9569
vn -0.2668 -0.1142 -0.9570
vn -0.2670 -0.1142 -0.9569
vn 0.7105 0.3044 0.6344
vn 0.7106 0.3041 0.6345
vn -0.0901 -0.0385 0.9952
vn -0.4334 -0.1853 -0.8819
vn -0.4335 -0.1855 -0.8818
vn 0.8109 0.3469 0.4713
vn 0.8108 0.3469 0.4715
vn -0.5834 -0.2496 -0.7729
vn -0.5832 -0.2495 -0.7730
vn 0.8799 0.3763 0.2902
vn -0.7108 -0.3041 -0.6343
vn -0.7107 -0.3041 -0.6344
vn 0.9150 0.3914 0.0980
vn 0.9149 0.3916 0.0982
vn -0.8108 -0.3469 -0.4715
vn 0.9150 0.3914 -0.0980
vn 0.9150 0.3914 -0.0978
vn -0.8798 -0.3764 -0.2903
vn 0.8799 0.3763 -0.2902
vn -0.9150 -0.3914 -0.0980
vn -0.9149 -0.3915 -0.0981
vn 0.8108 0.3469 -0.4714
vn -0.9150 -0.3914 0.0980
vn -0.9150 -0.3914 0.0979
vn 0.7108 0.3041 -0.6343
vn 0.7107 0.3041 -0.6344
vn -0.8798 -0.3765 0.2901
vn -0.8798 -0.3764 0.2903
vn 0.5832 0.2494 -0.7731
vn -0.8108 -0.3469 0.4714
vn -0.8108 -0.3469 0.4713
vn 0.7197 -0.6001 -0.3492
vn 0.7196 -0.6004 -0.3490
vn -0.9011 0.3815 -0.2061
vn -0.9010 0.3817 -0.2059
vn 0.3463 0.9153 -0.2058
vn 0.3463 0.9153 -0.2056
vn -0.9261 0.3709 -0.0694
vn -0.9261 0.3709 -0.0696
vn 0.2974 0.8944 -0.3342
vn 0.2974 0.8943 -0.3343
vn -0.9261 0.3709 0.0694
vn -0.9261 0.3709 0.0696
vn 0.2263 0.8640 -0.4497
vn 0.2265 0.8640 -0.4497
vn -0.9011 0.3817 0.2058
vn -0.9010 0.3819 0.2059
vn 0.1359 0.8254 -0.5480
vn 0.1361 0.8253 -0.5480
vn -0.8523 0.4024 0.3342
vn -0.8522 0.4026 0.3342
vn 0.0297 0.7799 -0.6252
vn 0.0297 0.7800 -0.6250
vn -0.2135 0.6758 0.7055
vn -0.7812 0.4330 0.4497
vn -0.7813 0.4330 0.4496
vn -0.0882 0.7293 -0.6784
vn -0.0881 0.7294 0.6784
vn -0.0882 0.7294 0.6784
vn -0.6909 0.4716 0.5480
vn -0.6909 0.4715 0.5480
vn -0.2139 0.6759 -0.7053
vn -0.2135 0.6758 -0.7055
vn 0.0300 0.7798 0.6253
vn 0.0300 0.7798 0.6254
vn 0.0298 0.7799 0.6252
vn -0.5845 0.5167 0.6256
vn -0.5847 0.5170 0.6252
vn -0.3414 0.6212 -0.7054
vn -0.3413 0.6211 -0.7055
vn 0.1361 0.8254 0.5479
vn -0.4665 0.5676 0.6783
vn -0.4666 0.5676 0.6784
vn -0.4667 0.5675 -0.6783
vn -0.4666 0.5675 -0.6785
vn 0.2264 0.8640 0.4497
vn 0.2262 0.8641 0.4496
vn -0.3413 0.6211 0.7055
vn -0.5847 0.5170 -0.6251
vn -0.5845 0.5169 -0.6254
vn 0.2972 0.8944 0.3343
vn 0.2974 0.8944 0.3342
vn -0.6909 0.4715 -0.5480
vn 0.3463 0.9153 0.2057
vn 0.3463 0.9153 0.2059
vn -0.7813 0.4329 -0.4497
vn 0.3712 0.9260 0.0695
vn 0.3711 0.9260 0.0697
vn -0.8522 0.4025 -0.3343
vn -0.8523 0.4024 -0.3343
vn 0.2670 0.1142 -0.9569
vn -0.1560 -0.9748 0.1597
vn -0.1557 -0.9748 0.1597
vn 0.6494 -0.6303 -0.4254
vn 0.6494 -0.6304 -0.4254
vn -0.1177 -0.9586 0.2594
vn 0.5669 -0.6657 -0.4853
vn 0.5669 -0.6657 -0.4852
vn 0.3779 -0.7466 0.5476
vn 0.3780 -0.7465 0.5476
vn -0.0624 -0.9350 0.3492
vn -0.0626 -0.9350 0.3491
vn 0.4753 -0.7049 -0.5266
vn 0.4753 -0.7048 0.5266
vn 0.0075 -0.9050 0.4254
vn 0.0074 -0.9050 0.4253
vn 0.3780 -0.7465 -0.5476
vn 0.5670 -0.6656 0.4853
vn 0.5669 -0.6657 0.4853
vn 0.0900 -0.8697 0.4853
vn 0.2789 -0.7889 -0.5475
vn 0.2789 -0.7889 -0.5476
vn 0.6494 -0.6304 0.4254
vn 0.1816 -0.8305 0.5266
vn 0.1816 -0.8305 -0.5265
vn 0.7195 -0.6005 0.3488
vn 0.7195 -0.6004 0.3491
vn 0.2789 -0.7889 0.5476
vn 0.0899 -0.8697 -0.4853
vn 0.0900 -0.8697 -0.4853
vn 0.7746 -0.5769 0.2594
vn 0.7746 -0.5768 0.2595
vn 0.0073 -0.9050 -0.4253
vn 0.0072 -0.9049 -0.4255
vn 0.8127 -0.5605 0.1596
vn 0.8125 -0.5606 0.1597
vn -0.0626 -0.9350 -0.3491
vn -0.0625 -0.9350 -0.3492
vn 0.8318 -0.5524 0.0539
vn 0.8319 -0.5522 0.0538
vn -0.1177 -0.9586 -0.2594
vn 0.8320 -0.5521 -0.0541
vn 0.8319 -0.5523 -0.0539
vn -0.1556 -0.9748 -0.1597
vn -0.1557 -0.9748 -0.1597
vn 0.8126 -0.5606 -0.1597
vn 0.8125 -0.5605 -0.1603
vn -0.1751 -0.9831 -0.0540
vn -0.1749 -0.9831 -0.0539
vn 0.7746 -0.5768 -0.2594
vn -0.1750 -0.9831 0.0539
vn -0.1750 -0.9831 0.0540
vn -0.4672 0.5719 -0.6742
vn -0.4672 0.5718 -0.6743
vn 0.2669 0.1142 0.9569
vn 0.2670 0.1142 0.9569
vn -0.5832 -0.2495 0.7731
vn 0.0900 0.0386 -0.9952
vn 0.0903 0.0386 -0.9952
vn 0.4334 0.1854 0.8820
vn -0.4334 -0.1854 0.8819
vn -0.0901 -0.0386 -0.9952
vn -0.0900 -0.0386 -0.9952
vn 0.5834 0.2495 0.7729
vn -0.2670 -0.1142 0.9569
vn -0.2670 -0.1143 -0.9569
vn -0.2669 -0.1142 -0.9569
vn 0.7107 0.3040 0.6345
vn 0.7107 0.3041 0.6344
vn -0.0899 -0.0385 0.9952
vn -0.0900 -0.0386 0.9952
vn -0.4334 -0.1854 -0.8819
vn -0.4332 -0.1854 -0.8820
vn 0.8108 0.3468 0.4715
vn 0.8108 0.3469 0.4714
vn -0.5832 -0.2495 -0.7731
vn 0.8799 0.3763 0.2900
vn 0.8798 0.3764 0.2903
vn -0.7108 -0.3041 -0.6342
vn 0.9150 0.3914 0.0981
vn -0.8109 -0.3468 -0.4714
vn -0.8108 -0.3469 -0.4713
vn 0.9150 0.3913 -0.0981
vn 0.9150 0.3914 -0.0979
vn -0.8798 -0.3763 -0.2905
vn 0.8799 0.3764 -0.2902
vn -0.9150 -0.3913 -0.0981
vn 0.8108 0.3469 -0.4715
vn -0.9150 -0.3914 0.0978
vn 0.7107 0.3044 -0.6342
vn -0.8799 -0.3764 0.2902
vn -0.8797 -0.3765 0.2904
vn 0.5832 0.2495 -0.7730
vn 0.5832 0.2495 -0.7731
vn -0.8108 -0.3469 0.4715
vn 0.4334 0.1854 -0.8819
vn 0.0900 0.0386 0.9952
vn -0.7108 -0.3041 0.6342
vn -0.2938 -0.8226 -0.4869
vn -0.2940 -0.8225 -0.4868
vn 0.2218 0.8666 0.4469
vn 0.2218 0.8666 0.4471
vn -0.3426 0.6252 0.7012
vn -0.3426 0.6252 0.7013
vn -0.5845 0.5217 -0.6215
vn 0.2923 0.8969 0.3320
vn 0.2922 0.8969 0.3320
vn -0.6899 0.4766 -0.5449
vn -0.6901 0.4765 -0.5447
vn 0.3412 0.9174 0.2046
vn 0.3409 0.9176 0.2046
vn -0.7799 0.4380 -0.4471
vn -0.7800 0.4380 -0.4469
vn 0.3656 0.9282 0.0690
vn 0.3657 0.9282 0.0691
vn -0.8505 0.4079 -0.3322
vn 0.3657 0.9282 -0.0691
vn 0.3657 0.9281 -0.0691
vn -0.8991 0.3871 -0.2046
vn 0.3412 0.9174 -0.2049
vn 0.3409 0.9176 -0.2046
vn -0.9238 0.3765 -0.0691
vn -0.9239 0.3765 -0.0691
vn 0.2923 0.8968 -0.3322
vn 0.2922 0.8968 -0.3322
vn -0.9238 0.3765 0.0691
vn -0.9238 0.3766 0.0691
vn 0.2217 0.8667 -0.4469
vn 0.2217 0.8666 -0.4470
vn -0.8991 0.3871 0.2046
vn -0.8990 0.3871 0.2046
vn 0.1318 0.8282 -0.5447
vn 0.1319 0.8282 -0.5447
vn -0.8505 0.4079 0.3322
vn 0.0262 0.7830 -0.6215
vn 0.0264 0.7830 -0.6215
vn -0.2156 0.6795 0.7013
vn -0.2156 0.6794 0.7014
vn -0.7799 0.4380 0.4470
vn -0.7799 0.4381 0.4470
vn -0.0910 0.7328 -0.6743
vn -0.0911 0.7328 0.6744
vn -0.0910 0.7328 0.6743
vn -0.6901 0.4765 0.5447
vn -0.6901 0.4766 0.5446
vn -0.2156 0.6795 -0.7013
vn -0.2156 0.6794 -0.7014
vn 0.0264 0.7830 0.6215
vn 0.0263 0.7830 0.6215
vn -0.5845 0.5217 0.6215
vn -0.5844 0.5217 0.6215
vn -0.3426 0.6253 -0.7012
vn -0.3426 0.6252 -0.7013
vn 0.1319 0.8282 0.5447
vn -0.4671 0.5719 0.6743
vn -0.4672 0.5719 0.6743
vn -0.9149 -0.3916 -0.0978
vn 0.9546 -0.2881 0.0753
vn -0.3710 -0.8551 -0.3621
vn -0.3710 -0.8551 -0.3622
vn 0.9547 -0.2880 -0.0752
vn 0.9546 -0.2881 -0.0753
vn -0.4239 -0.8779 -0.2229
vn -0.4237 -0.8779 -0.2230
vn 0.9276 -0.2997 -0.2229
vn 0.9276 -0.2999 -0.2227
vn -0.4509 -0.8894 -0.0753
vn -0.4508 -0.8894 -0.0754
vn 0.8747 -0.3223 -0.3620
vn 0.8748 -0.3220 -0.3618
vn -0.4506 -0.8895 0.0753
vn -0.4509 -0.8894 0.0754
vn 0.7977 -0.3553 -0.4873
vn 0.7976 -0.3552 -0.4875
vn -0.4237 -0.8779 0.2229
vn -0.4238 -0.8779 0.2230
vn 0.6999 -0.3971 -0.5937
vn 0.6997 -0.3969 -0.5941
vn -0.3711 -0.8551 0.3621
vn -0.3710 -0.8552 0.3619
vn 0.5848 -0.4464 -0.6773
vn 0.5849 -0.4463 -0.6773
vn 0.3211 -0.5592 0.7643
vn 0.3212 -0.5594 0.7642
vn -0.2939 -0.8223 0.4873
vn -0.2941 -0.8220 0.4876
vn 0.4572 -0.5011 -0.7348
vn 0.4568 -0.5009 -0.7352
vn 0.4568 -0.5011 0.7350
vn 0.4569 -0.5011 0.7350
vn -0.1961 -0.7804 0.5937
vn 0.3212 -0.5594 -0.7642
vn 0.5848 -0.4464 0.6773
vn 0.5849 -0.4464 0.6772
vn -0.0809 -0.7313 0.6772
vn -0.0810 -0.7312 0.6773
vn 0.1827 -0.6184 -0.7643
vn 0.1827 -0.6184 -0.7644
vn 0.6999 -0.3971 0.5937
vn 0.6999 -0.3971 0.5936
vn 0.0469 -0.6764 0.7351
vn 0.0469 -0.6766 0.7349
vn 0.0470 -0.6765 -0.7350
vn 0.0468 -0.6765 -0.7350
vn 0.7976 -0.3554 0.4873
vn 0.7977 -0.3553 0.4872
vn 0.1827 -0.6184 0.7643
vn -0.0810 -0.7313 -0.6773
vn -0.0810 -0.7312 -0.6773
vn 0.8746 -0.3224 0.3622
vn 0.8746 -0.3223 0.3621
vn -0.1961 -0.7804 -0.5937
vn 0.9276 -0.2997 0.2228
vn 0.9276 -0.2998 0.2228
vn -0.8745 0.3110 0.3723
vn -0.8744 0.3110 0.3723
vn 0.8107 0.3470 -0.4716
vn -0.9150 -0.3914 0.0981
vn 0.7106 0.3040 -0.6345
vn -0.8798 -0.3763 0.2904
vn 0.5833 0.2495 -0.7730
vn -0.8107 -0.3470 0.4716
vn -0.8107 -0.3469 0.4715
vn 0.4332 0.1853 -0.8821
vn 0.0902 0.0386 0.9952
vn -0.7108 -0.3041 0.6343
vn 0.2670 0.1143 -0.9569
vn 0.2670 0.1143 0.9569
vn -0.5830 -0.2494 0.7732
vn 0.0902 0.0386 -0.9952
vn 0.0901 0.0386 -0.9952
vn 0.4335 0.1855 0.8818
vn -0.4332 -0.1853 0.8821
vn -0.4335 -0.1855 0.8818
vn 0.5830 0.2494 0.7732
vn -0.2672 -0.1144 0.9568
vn -0.2671 -0.1143 0.9569
vn -0.2672 -0.1144 -0.9568
vn -0.2671 -0.1143 -0.9569
vn 0.7106 0.3041 0.6344
vn -0.0901 -0.0386 0.9952
vn -0.5833 -0.2495 -0.7730
vn -0.5834 -0.2495 -0.7729
vn 0.8798 0.3763 0.2905
vn 0.8798 0.3765 0.2902
vn -0.7107 -0.3042 -0.6343
vn -0.7106 -0.3040 -0.6345
vn -0.8107 -0.3469 -0.4715
vn 0.9150 0.3914 -0.0981
vn -0.8798 -0.3763 -0.2904
vn 0.8797 0.3766 -0.2904
vn 0.8798 0.3764 -0.2903
vn -0.2983 -0.9367 -0.1831
vn -0.2983 -0.9368 -0.1828
vn -0.0225 0.8395 -0.5429
vn -0.2115 0.7087 0.6731
vn -0.7921 0.3575 0.4948
vn -0.1085 0.7781 -0.6187
vn -0.1085 0.7781 0.6187
vn -0.6898 0.4161 0.5925
vn -0.2115 0.7087 -0.6731
vn -0.0225 0.8395 0.5429
vn -0.5737 0.4840 0.6608
vn -0.3274 0.6340 -0.7006
vn -0.3274 0.6340 -0.7005
vn 0.0445 0.8906 0.4525
vn -0.4505 0.5579 0.6970
vn -0.4505 0.5579 -0.6970
vn 0.0930 0.9306 0.3539
vn -0.3274 0.6340 0.7006
vn -0.5737 0.4840 -0.6608
vn 0.1251 0.9596 0.2522
vn -0.6898 0.4161 -0.5925
vn 0.1440 0.9781 0.1505
vn -0.7921 0.3575 -0.4948
vn 0.1526 0.9870 0.0500
vn -0.8744 0.3110 -0.3723
vn -0.8745 0.3110 -0.3723
vn 0.1526 0.9870 -0.0500
vn -0.9321 0.2788 -0.2312
vn 0.1440 0.9781 -0.1505
vn -0.9618 0.2623 -0.0784
vn -0.9618 0.2624 -0.0783
vn 0.1251 0.9596 -0.2522
vn -0.9618 0.2623 0.0784
vn 0.0930 0.9306 -0.3539
vn -0.9321 0.2788 0.2312
vn 0.0445 0.8906 -0.4525
vn -0.8986 -0.3290 0.2903
vn 0.8332 -0.5219 -0.1828
vn 0.8331 -0.5220 -0.1828
vn -0.3209 -0.9451 -0.0617
vn -0.3210 -0.9451 -0.0617
vn 0.7888 -0.5383 -0.2967
vn 0.7888 -0.5383 -0.2968
vn -0.3209 -0.9451 0.0617
vn -0.3210 -0.9451 0.0617
vn 0.7244 -0.5617 -0.3996
vn 0.7245 -0.5617 -0.3995
vn -0.2981 -0.9369 0.1827
vn -0.2983 -0.9367 0.1832
vn 0.6425 -0.5919 -0.4868
vn 0.6424 -0.5919 -0.4867
vn -0.2542 -0.9205 0.2966
vn -0.2541 -0.9206 0.2967
vn 0.5461 -0.6272 -0.5553
vn 0.3255 -0.7082 0.6265
vn 0.3253 -0.7081 0.6267
vn -0.1897 -0.8969 0.3995
vn -0.1897 -0.8968 0.3996
vn 0.4389 -0.6664 -0.6027
vn 0.4390 -0.6664 -0.6026
vn 0.4389 -0.6668 0.6023
vn 0.4390 -0.6666 0.6024
vn -0.1076 -0.8669 0.4868
vn -0.1075 -0.8669 0.4868
vn 0.3252 -0.7081 -0.6267
vn 0.3253 -0.7081 -0.6267
vn 0.5461 -0.6272 0.5553
vn 0.5460 -0.6273 0.5553
vn -0.0114 -0.8313 0.5557
vn -0.0113 -0.8316 0.5553
vn 0.2093 -0.7506 -0.6267
vn 0.2093 -0.7505 -0.6268
vn 0.6425 -0.5919 0.4868
vn 0.6425 -0.5918 0.4868
vn 0.0959 -0.7923 0.6026
vn 0.0958 -0.7923 0.6026
vn 0.0959 -0.7923 -0.6026
vn 0.0958 -0.7923 -0.6025
vn 0.7245 -0.5617 0.3995
vn 0.7244 -0.5618 0.3995
vn 0.2094 -0.7506 0.6267
vn 0.2092 -0.7507 0.6267
vn -0.0113 -0.8316 -0.5553
vn -0.0110 -0.8317 -0.5551
vn 0.7888 -0.5382 0.2968
vn 0.7888 -0.5383 0.2968
vn -0.1076 -0.8669 -0.4868
vn -0.1077 -0.8669 -0.4868
vn 0.8331 -0.5221 0.1827
vn 0.8331 -0.5220 0.1828
vn -0.1895 -0.8967 -0.4000
vn -0.1897 -0.8969 -0.3996
vn 0.8558 -0.5137 0.0615
vn 0.8558 -0.5136 0.0617
vn -0.2541 -0.9205 -0.2967
vn -0.2540 -0.9205 -0.2968
vn 0.8558 -0.5137 -0.0617
vn 0.8557 -0.5138 -0.0618
vn -0.6722 0.4089 0.6172
vn 0.5956 0.2184 -0.7730
vn 0.5957 0.2184 -0.7729
vn -0.8280 -0.3036 0.4714
vn 0.4422 0.1623 -0.8821
vn 0.4428 0.1621 -0.8818
vn 0.0920 0.0337 0.9952
vn 0.0921 0.0337 0.9952
vn -0.7258 -0.2661 0.6344
vn 0.2726 0.0999 -0.9569
vn 0.2725 0.0999 -0.9570
vn 0.2725 0.0999 0.9570
vn -0.5952 -0.2183 0.7733
vn -0.5954 -0.2185 0.7732
vn 0.0922 0.0338 -0.9952
vn 0.4427 0.1624 0.8818
vn 0.4423 0.1620 0.8821
vn -0.4428 -0.1621 0.8818
vn -0.4424 -0.1622 0.8820
vn -0.0923 -0.0338 -0.9952
vn -0.0922 -0.0338 -0.9952
vn 0.5955 0.2181 0.7732
vn 0.5955 0.2181 0.7731
vn -0.2726 -0.0999 0.9569
vn -0.2725 -0.0999 0.9570
vn -0.2726 -0.0999 -0.9569
vn -0.2725 -0.0999 -0.9569
vn 0.7258 0.2661 0.6344
vn -0.0920 -0.0337 0.9952
vn -0.0919 -0.0337 0.9952
vn -0.4428 -0.1621 -0.8818
vn -0.4424 -0.1622 -0.8820
vn 0.8280 0.3036 0.4714
vn -0.5957 -0.2185 -0.7729
vn -0.5957 -0.2184 -0.7729
vn 0.8987 0.3291 0.2899
vn -0.7258 -0.2660 -0.6345
vn -0.7257 -0.2661 -0.6344
vn 0.9343 0.3428 0.0979
vn 0.9344 0.3425 0.0980
vn -0.8281 -0.3035 -0.4714
vn -0.8280 -0.3037 -0.4713
vn 0.9344 0.3425 -0.0981
vn 0.9344 0.3424 -0.0980
vn -0.8986 -0.3290 -0.2903
vn 0.8985 0.3293 -0.2902
vn -0.9344 -0.3426 -0.0978
vn -0.9344 -0.3425 -0.0981
vn 0.8280 0.3036 -0.4714
vn 0.8280 0.3037 -0.4713
vn -0.9344 -0.3426 0.0979
vn -0.9344 -0.3425 0.0979
vn 0.7258 0.2662 -0.6343
vn 0.7258 0.2661 -0.6344
vn 0.1505 -0.7276 0.6693
vn -0.1561 0.6844 -0.7122
vn 0.0545 0.8123 0.5807
vn -0.5482 0.4720 0.6904
vn -0.2828 0.6131 -0.7377
vn 0.1313 0.8636 0.4867
vn -0.4159 0.5411 0.7309
vn -0.4159 0.5411 -0.7309
vn 0.1880 0.9046 0.3827
vn -0.2828 0.6131 0.7377
vn -0.5482 0.4720 -0.6904
vn 0.2266 0.9347 0.2739
vn -0.6722 0.4089 -0.6172
vn -0.6721 0.4089 -0.6173
vn 0.2499 0.9543 0.1640
vn -0.7807 0.3549 -0.5143
vn 0.2606 0.9639 0.0546
vn -0.8679 0.3122 -0.3864
vn 0.2606 0.9639 -0.0546
vn -0.9288 0.2828 -0.2396
vn 0.2499 0.9543 -0.1640
vn -0.9601 0.2677 -0.0812
vn -0.9601 0.2676 -0.0813
vn 0.2266 0.9347 -0.2739
vn -0.9601 0.2677 0.0812
vn -0.9601 0.2676 0.0812
vn 0.1880 0.9045 -0.3827
vn 0.1880 0.9046 -0.3827
vn -0.9288 0.2828 0.2396
vn 0.1313 0.8636 -0.4867
vn -0.8679 0.3122 0.3864
vn 0.0545 0.8123 -0.5807
vn -0.1561 0.6844 0.7122
vn -0.7807 0.3549 0.5143
vn -0.0421 0.7518 -0.6580
vn -0.0421 0.7518 0.6580
vn -0.8444 -0.2545 -0.4714
vn -0.8444 -0.2545 -0.4715
vn -0.0901 -0.8001 -0.5930
vn -0.0900 -0.8001 -0.5931
vn 0.7814 -0.5375 0.3170
vn 0.7814 -0.5376 0.3170
vn -0.1948 -0.8317 -0.5199
vn -0.1949 -0.8317 -0.5199
vn 0.8297 -0.5230 0.1953
vn 0.8297 -0.5229 0.1952
vn -0.2842 -0.8586 -0.4266
vn -0.2842 -0.8587 -0.4266
vn 0.8544 -0.5155 0.0659
vn 0.8544 -0.5154 0.0661
vn -0.3543 -0.8798 -0.3170
vn -0.3543 -0.8797 -0.3170
vn 0.8544 -0.5154 -0.0660
vn 0.8544 -0.5155 -0.0659
vn -0.4025 -0.8944 -0.1952
vn -0.4026 -0.8943 -0.1952
vn 0.8297 -0.5229 -0.1952
vn 0.8297 -0.5229 -0.1951
vn -0.4271 -0.9018 -0.0660
vn -0.4272 -0.9018 -0.0658
vn 0.7814 -0.5375 -0.3171
vn 0.7814 -0.5375 -0.3170
vn -0.4270 -0.9018 0.0659
vn -0.4271 -0.9017 0.0664
vn 0.7113 -0.5586 -0.4266
vn -0.4026 -0.8943 0.1952
vn 0.6223 -0.5852 -0.5199
vn 0.6220 -0.5855 -0.5199
vn -0.3543 -0.8798 0.3170
vn -0.3542 -0.8798 0.3170
vn 0.5171 -0.6172 -0.5930
vn 0.5170 -0.6171 -0.5932
vn 0.2766 -0.6896 0.6693
vn 0.2766 -0.6896 0.6692
vn -0.2846 -0.8585 0.4267
vn -0.2842 -0.8586 0.4266
vn 0.4005 -0.6523 -0.6435
vn 0.4004 -0.6522 -0.6437
vn 0.4005 -0.6523 0.6435
vn 0.4006 -0.6522 0.6435
vn -0.1949 -0.8317 0.5199
vn 0.2768 -0.6897 -0.6691
vn 0.2766 -0.6895 -0.6693
vn 0.5171 -0.6171 0.5931
vn -0.0899 -0.8001 0.5931
vn -0.0900 -0.8001 0.5931
vn 0.1506 -0.7277 -0.6691
vn 0.1504 -0.7276 -0.6693
vn 0.6222 -0.5853 0.5198
vn 0.6222 -0.5854 0.5199
vn 0.0267 -0.7649 0.6436
vn 0.0271 -0.7651 0.6433
vn 0.0271 -0.7651 -0.6434
vn 0.0272 -0.7651 -0.6434
vn 0.7113 -0.5586 0.4266
vn -0.9107 0.4059 0.0766
vn 0.9528 0.2872 -0.0980
vn 0.9528 0.2872 -0.0981
vn -0.9162 -0.2761 -0.2904
vn -0.9163 -0.2761 -0.2902
vn 0.9162 0.2761 -0.2904
vn 0.9162 0.2761 -0.2903
vn -0.9528 -0.2872 -0.0980
vn 0.8444 0.2545 -0.4713
vn 0.8445 0.2544 -0.4713
vn -0.9528 -0.2872 0.0980
vn -0.9528 -0.2872 0.0981
vn 0.7402 0.2230 -0.6343
vn 0.7401 0.2231 -0.6345
vn -0.9162 -0.2761 0.2903
vn -0.9163 -0.2761 0.2902
vn 0.6075 0.1832 -0.7729
vn -0.8444 -0.2545 0.4714
vn 0.4514 0.1361 -0.8819
vn 0.0939 0.0283 0.9952
vn -0.7401 -0.2232 0.6344
vn 0.2778 0.0838 -0.9570
vn 0.2779 0.0838 -0.9570
vn 0.2777 0.0838 0.9570
vn 0.2779 0.0838 0.9570
vn -0.6075 -0.1832 0.7729
vn -0.6073 -0.1830 0.7731
vn 0.0937 0.0283 -0.9952
vn 0.0938 0.0283 -0.9952
vn 0.4514 0.1360 0.8819
vn 0.4514 0.1361 0.8819
vn -0.4514 -0.1360 0.8819
vn -0.0938 -0.0283 -0.9952
vn 0.6075 0.1832 0.7729
vn -0.2778 -0.0838 0.9570
vn -0.2779 -0.0838 0.9569
vn -0.2779 -0.0838 -0.9570
vn 0.7399 0.2233 0.6346
vn 0.7402 0.2231 0.6343
vn -0.0939 -0.0283 0.9952
vn -0.0937 -0.0283 0.9952
vn -0.4514 -0.1360 -0.8819
vn -0.4513 -0.1360 -0.8820
vn 0.8444 0.2545 0.4714
vn 0.8445 0.2544 0.4713
vn -0.6074 -0.1831 -0.7730
vn 0.9162 0.2761 0.2904
vn 0.9162 0.2762 0.2903
vn -0.7401 -0.2230 -0.6344
vn 0.9528 0.2873 0.0977
vn 0.9528 0.2872 0.0980
vn 0.2083 -0.6081 0.7660
vn 0.2083 -0.6082 0.7660
vn 0.0542 0.9682 -0.2441
vn -0.8790 0.4202 0.2255
vn 0.0372 0.9417 -0.3343
vn -0.8175 0.4482 0.3617
vn -0.0003 0.9040 -0.4275
vn -0.1490 0.7969 0.5854
vn -0.7300 0.4889 0.4776
vn -0.0625 0.8552 -0.5146
vn -0.0625 0.8552 0.5146
vn -0.6223 0.5404 0.5663
vn -0.1490 0.7969 -0.5854
vn -0.0003 0.9040 0.4275
vn -0.5016 0.6003 0.6229
vn -0.2561 0.7324 -0.6309
vn 0.0372 0.9417 0.3343
vn -0.3765 0.6655 0.6444
vn -0.3765 0.6655 -0.6444
vn 0.0542 0.9682 0.2441
vn -0.2561 0.7324 0.6309
vn -0.5016 0.6003 -0.6229
vn 0.0571 0.9850 0.1627
vn -0.6223 0.5404 -0.5663
vn 0.0535 0.9943 0.0920
vn -0.7300 0.4889 -0.4776
vn 0.0499 0.9983 0.0296
vn -0.8175 0.4482 -0.3617
vn 0.0499 0.9983 -0.0296
vn -0.8790 0.4202 -0.2255
vn 0.0535 0.9943 -0.0920
vn -0.9107 0.4059 -0.0766
vn 0.0571 0.9850 -0.1627
vn 0.6201 0.1337 0.7731
vn 0.6202 0.1337 0.7730
vn -0.4471 -0.7495 0.4882
vn -0.4471 -0.7494 0.4884
vn 0.3531 -0.5770 -0.7365
vn 0.3531 -0.5770 -0.7364
vn 0.3529 -0.5771 0.7365
vn 0.3531 -0.5769 0.7366
vn -0.3427 -0.7270 0.5950
vn -0.3433 -0.7269 0.5948
vn 0.2081 -0.6082 -0.7660
vn 0.2083 -0.6081 -0.7660
vn 0.4889 -0.5480 0.6788
vn 0.4891 -0.5478 0.6788
vn -0.2201 -0.7005 0.6788
vn 0.0608 -0.6399 -0.7660
vn 0.0610 -0.6400 -0.7660
vn 0.6119 -0.5211 0.5950
vn -0.0835 -0.6711 0.7367
vn -0.0839 -0.6713 0.7364
vn -0.0838 -0.6712 -0.7366
vn -0.0842 -0.6712 -0.7365
vn 0.7162 -0.4986 0.4883
vn 0.7163 -0.4985 0.4883
vn 0.0609 -0.6399 0.7661
vn 0.0608 -0.6400 0.7660
vn -0.2202 -0.7005 -0.6789
vn -0.2202 -0.7005 -0.6788
vn 0.7981 -0.4810 0.3629
vn 0.7981 -0.4810 0.3628
vn -0.3427 -0.7269 -0.5951
vn -0.3428 -0.7270 -0.5950
vn 0.8546 -0.4687 0.2234
vn 0.8546 -0.4688 0.2235
vn -0.4471 -0.7494 -0.4883
vn 0.8833 -0.4626 0.0754
vn -0.5291 -0.7671 -0.3628
vn -0.5290 -0.7672 -0.3628
vn 0.8833 -0.4626 -0.0754
vn 0.8834 -0.4625 -0.0756
vn -0.5855 -0.7793 -0.2236
vn -0.5855 -0.7793 -0.2234
vn 0.8545 -0.4689 -0.2235
vn 0.8546 -0.4688 -0.2234
vn -0.6142 -0.7855 -0.0755
vn -0.6145 -0.7853 -0.0754
vn 0.7981 -0.4810 -0.3628
vn 0.7981 -0.4811 -0.3628
vn -0.6143 -0.7855 0.0754
vn -0.6144 -0.7854 0.0754
vn 0.7162 -0.4986 -0.4883
vn -0.5855 -0.7793 0.2234
vn -0.5854 -0.7792 0.2237
vn 0.6119 -0.5212 -0.5949
vn 0.6119 -0.5215 -0.5947
vn -0.5290 -0.7671 0.3628
vn -0.5290 -0.7671 0.3629
vn 0.4888 -0.5480 -0.6788
vn 0.4889 -0.5480 -0.6788
vn 0.0211 0.9977 0.0645
vn -0.2838 -0.0612 0.9569
vn -0.2836 -0.0612 0.9570
vn -0.2838 -0.0612 -0.9569
vn 0.7556 0.1629 0.6344
vn 0.7554 0.1631 0.6346
vn -0.0960 -0.0208 0.9952
vn -0.0958 -0.0206 0.9952
vn -0.4609 -0.0996 -0.8818
vn 0.8621 0.1858 0.4715
vn 0.8622 0.1859 0.4713
vn -0.6201 -0.1337 -0.7730
vn -0.6202 -0.1336 -0.7730
vn 0.9355 0.2016 0.2903
vn 0.9354 0.2017 0.2903
vn -0.7556 -0.1628 -0.6345
vn -0.7556 -0.1629 -0.6344
vn 0.9728 0.2097 0.0981
vn 0.9728 0.2098 0.0979
vn -0.8621 -0.1863 -0.4712
vn 0.9728 0.2096 -0.0982
vn 0.9728 0.2098 -0.0979
vn -0.9354 -0.2019 -0.2903
vn -0.9354 -0.2017 -0.2903
vn 0.9355 0.2015 -0.2903
vn 0.9355 0.2016 -0.2902
vn -0.9728 -0.2098 -0.0979
vn -0.9728 -0.2096 -0.0981
vn 0.8621 0.1859 -0.4714
vn 0.8621 0.1859 -0.4715
vn -0.9728 -0.2098 0.0979
vn -0.9728 -0.2096 0.0982
vn 0.7556 0.1628 -0.6345
vn 0.7557 0.1629 -0.6344
vn -0.9354 -0.2017 0.2903
vn 0.6202 0.1338 -0.7729
vn 0.6201 0.1337 -0.7731
vn -0.8621 -0.1859 0.4714
vn -0.8621 -0.1859 0.4713
vn 0.4610 0.0992 -0.8818
vn 0.4607 0.0994 -0.8820
vn 0.0956 0.0207 0.9952
vn 0.0958 0.0206 0.9952
vn -0.7556 -0.1629 0.6344
vn -0.7555 -0.1632 0.6344
vn 0.2837 0.0612 -0.9569
vn 0.2838 0.0612 -0.9569
vn 0.2837 0.0612 0.9569
vn 0.2837 0.0611 0.9570
vn -0.6202 -0.1337 0.7730
vn -0.6201 -0.1338 0.7730
vn 0.0958 0.0206 -0.9952
vn 0.0956 0.0207 -0.9952
vn 0.4610 0.0992 0.8818
vn 0.4608 0.0994 0.8819
vn -0.4608 -0.0993 0.8820
vn -0.4609 -0.0996 0.8818
vn -0.0956 -0.0206 -0.9952
vn -0.0958 -0.0206 -0.9952
vn 0.6677 -0.7266 -0.1619
vn 0.6677 -0.7266 -0.1618
vn -0.5675 0.7507 -0.3383
vn 0.0211 0.9996 0.0210
vn -0.6358 0.7273 -0.2585
vn 0.0211 0.9996 -0.0210
vn -0.6844 0.7108 -0.1622
vn 0.0211 0.9977 -0.0645
vn -0.7098 0.7023 -0.0554
vn -0.7097 0.7023 -0.0553
vn 0.0191 0.9935 -0.1123
vn -0.7097 0.7023 0.0553
vn 0.0120 0.9861 -0.1655
vn -0.6844 0.7108 0.1622
vn -0.0042 0.9747 -0.2236
vn -0.6358 0.7273 0.2585
vn -0.0335 0.9583 -0.2838
vn -0.1394 0.9100 0.3904
vn -0.5675 0.7507 0.3383
vn -0.0783 0.9367 -0.3413
vn -0.0783 0.9367 0.3413
vn -0.4847 0.7796 0.3966
vn -0.1394 0.9100 -0.3904
vn -0.0335 0.9583 0.2838
vn -0.3940 0.8120 0.4306
vn -0.2152 0.8793 -0.4249
vn -0.0042 0.9747 0.2236
vn -0.3019 0.8460 0.4395
vn -0.3019 0.8460 -0.4395
vn 0.0120 0.9861 0.1655
vn -0.2152 0.8793 0.4249
vn -0.3940 0.8120 -0.4306
vn 0.0191 0.9935 0.1123
vn -0.4847 0.7796 -0.3966
vn 0.6251 0.1084 -0.7730
vn 0.6248 0.1086 -0.7732
vn -0.4051 -0.9126 -0.0546
vn -0.4050 -0.9127 -0.0547
vn 0.6264 -0.7338 -0.2629
vn 0.6265 -0.7338 -0.2629
vn -0.4051 -0.9126 0.0547
vn 0.5665 -0.7441 -0.3540
vn 0.5666 -0.7442 -0.3538
vn -0.3840 -0.9090 0.1619
vn -0.3841 -0.9090 0.1619
vn 0.4904 -0.7574 -0.4310
vn 0.4904 -0.7574 -0.4311
vn -0.3430 -0.9018 0.2628
vn -0.3429 -0.9019 0.2627
vn 0.4009 -0.7729 -0.4919
vn 0.1956 -0.8085 0.5551
vn 0.1958 -0.8085 0.5549
vn -0.2832 -0.8913 0.3541
vn -0.2829 -0.8916 0.3537
vn 0.3013 -0.7902 -0.5337
vn 0.3013 -0.7901 -0.5338
vn 0.3013 -0.7899 0.5341
vn 0.3014 -0.7901 0.5338
vn -0.2069 -0.8782 0.4313
vn -0.2068 -0.8783 0.4310
vn 0.1957 -0.8085 -0.5550
vn 0.1958 -0.8085 -0.5549
vn 0.4009 -0.7729 0.4918
vn 0.4010 -0.7728 0.4919
vn -0.1172 -0.8628 0.4918
vn -0.1170 -0.8626 0.4923
vn 0.0879 -0.8270 -0.5553
vn 0.0880 -0.8272 -0.5550
vn 0.4904 -0.7575 0.4309
vn 0.4904 -0.7574 0.4311
vn -0.0173 -0.8455 0.5336
vn -0.0177 -0.8455 0.5336
vn -0.0172 -0.8457 -0.5334
vn -0.0176 -0.8456 -0.5335
vn 0.5668 -0.7442 0.3534
vn 0.5666 -0.7442 0.3538
vn 0.0880 -0.8273 0.5548
vn 0.0880 -0.8272 0.5550
vn -0.1172 -0.8627 -0.4919
vn -0.1171 -0.8628 -0.4918
vn 0.6264 -0.7338 0.2629
vn 0.6265 -0.7338 0.2629
vn -0.2069 -0.8783 -0.4311
vn -0.2068 -0.8783 -0.4311
vn 0.6677 -0.7266 0.1617
vn 0.6677 -0.7267 0.1618
vn -0.2830 -0.8915 -0.3538
vn -0.2831 -0.8915 -0.3538
vn 0.6885 -0.7231 0.0550
vn 0.6884 -0.7232 0.0549
vn -0.3429 -0.9019 -0.2628
vn -0.3430 -0.9018 -0.2627
vn 0.6887 -0.7230 -0.0547
vn 0.6885 -0.7232 -0.0548
vn -0.3840 -0.9090 -0.1622
vn -0.3841 -0.9090 -0.1619
vn -0.0146 0.7110 -0.7030
vn -0.8689 -0.1510 0.4715
vn -0.8690 -0.1507 0.4714
vn 0.4647 0.0804 -0.8818
vn 0.4645 0.0805 -0.8819
vn 0.0966 0.0167 0.9952
vn -0.7617 -0.1322 0.6343
vn 0.2856 0.0496 -0.9571
vn 0.2859 0.0496 -0.9570
vn 0.2856 0.0496 0.9571
vn 0.2859 0.0496 0.9570
vn -0.6250 -0.1084 0.7730
vn -0.6252 -0.1084 0.7729
vn 0.0965 0.0167 -0.9952
vn 0.0966 0.0167 -0.9952
vn 0.4644 0.0806 0.8819
vn 0.4648 0.0803 0.8818
vn -0.4648 -0.0804 0.8818
vn -0.4646 -0.0805 0.8819
vn -0.0966 -0.0167 -0.9952
vn 0.6252 0.1084 0.7729
vn 0.6250 0.1084 0.7730
vn -0.2858 -0.0495 0.9570
vn -0.2856 -0.0496 0.9571
vn -0.2859 -0.0496 -0.9570
vn -0.2856 -0.0496 -0.9571
vn 0.7616 0.1321 0.6344
vn -0.0966 -0.0167 0.9952
vn -0.4648 -0.0804 -0.8818
vn -0.4644 -0.0805 -0.8819
vn 0.8689 0.1510 0.4715
vn 0.8690 0.1507 0.4714
vn -0.6251 -0.1084 -0.7730
vn 0.9429 0.1635 0.2902
vn 0.9429 0.1635 0.2903
vn -0.7617 -0.1320 -0.6343
vn -0.7614 -0.1323 -0.6346
vn 0.9806 0.1700 0.0980
vn -0.8690 -0.1507 -0.4714
vn -0.8690 -0.1505 -0.4713
vn 0.9806 0.1700 -0.0980
vn 0.9806 0.1701 -0.0979
vn -0.9429 -0.1635 -0.2903
vn 0.9429 0.1635 -0.2903
vn -0.9806 -0.1700 -0.0980
vn -0.9806 -0.1700 -0.0981
vn 0.8689 0.1510 -0.4715
vn 0.8690 0.1507 -0.4714
vn -0.9806 -0.1700 0.0979
vn -0.9806 -0.1700 0.0980
vn 0.7616 0.1323 -0.6344
vn -0.9429 -0.1635 0.2903
vn -0.1871 -0.8769 -0.4427
vn 0.1644 0.8543 0.4931
vn -0.4563 0.4998 0.7362
vn -0.1507 0.6353 -0.7574
vn 0.1948 0.9100 0.3659
vn -0.3022 0.5638 0.7687
vn -0.3022 0.5638 -0.7687
vn 0.1909 0.9500 0.2471
vn -0.1507 0.6353 0.7574
vn -0.4563 0.4998 -0.7362
vn 0.1663 0.9747 0.1495
vn -0.6018 0.4452 -0.6631
vn 0.1377 0.9875 0.0767
vn -0.7292 0.4010 -0.5545
vn 0.1194 0.9926 0.0232
vn -0.8311 0.3677 -0.4173
vn 0.1194 0.9926 -0.0232
vn -0.9020 0.3454 -0.2589
vn 0.1377 0.9875 -0.0767
vn -0.9384 0.3342 -0.0877
vn -0.9384 0.3343 -0.0877
vn 0.1663 0.9747 -0.1495
vn -0.9384 0.3342 0.0878
vn -0.9384 0.3341 0.0876
vn 0.1909 0.9500 -0.2471
vn -0.9020 0.3454 0.2589
vn 0.1948 0.9100 -0.3659
vn -0.8311 0.3677 0.4173
vn 0.1644 0.8543 -0.4931
vn -0.0146 0.7110 0.7030
vn -0.7292 0.4010 0.5545
vn 0.0936 0.7861 -0.6110
vn 0.0936 0.7861 0.6110
vn -0.6018 0.4452 0.6631
vn -0.8804 -0.0501 -0.4715
vn 0.4912 -0.8383 0.2367
vn 0.4911 -0.8383 0.2367
vn -0.2688 -0.8816 -0.3880
vn 0.5287 -0.8362 0.1457
vn 0.5286 -0.8362 0.1458
vn -0.3382 -0.8856 -0.3185
vn -0.3378 -0.8857 -0.3185
vn 0.5478 -0.8351 0.0492
vn 0.5479 -0.8351 0.0491
vn -0.3928 -0.8887 -0.2366
vn -0.3928 -0.8886 -0.2368
vn 0.5479 -0.8351 -0.0492
vn 0.5480 -0.8350 -0.0493
vn -0.4304 -0.8908 -0.1457
vn -0.4303 -0.8908 -0.1457
vn 0.5288 -0.8362 -0.1457
vn 0.5287 -0.8362 -0.1457
vn -0.4496 -0.8919 -0.0492
vn 0.4912 -0.8383 -0.2366
vn -0.4494 -0.8920 0.0492
vn -0.4496 -0.8919 0.0493
vn 0.4367 -0.8414 -0.3184
vn -0.4304 -0.8908 0.1457
vn 0.3671 -0.8454 -0.3880
vn 0.3672 -0.8453 -0.3880
vn -0.3928 -0.8887 0.2366
vn -0.3929 -0.8887 0.2365
vn 0.2858 -0.8499 -0.4427
vn 0.2854 -0.8500 -0.4428
vn 0.0983 -0.8606 0.4996
vn 0.0983 -0.8607 0.4996
vn -0.3380 -0.8856 0.3186
vn -0.3382 -0.8856 0.3184
vn 0.1947 -0.8552 -0.4804
vn 0.1944 -0.8553 -0.4803
vn 0.1946 -0.8552 0.4804
vn 0.1947 -0.8551 0.4804
vn -0.2687 -0.8817 0.3879
vn -0.2687 -0.8816 0.3881
vn 0.0983 -0.8607 -0.4996
vn 0.2854 -0.8500 0.4427
vn -0.1873 -0.8770 0.4424
vn -0.1871 -0.8769 0.4428
vn -0.0000 -0.8663 -0.4996
vn -0.0001 -0.8662 -0.4996
vn 0.3667 -0.8453 0.3885
vn 0.3671 -0.8454 0.3880
vn -0.0963 -0.8718 0.4804
vn -0.0963 -0.8717 0.4804
vn -0.0961 -0.8717 -0.4806
vn -0.0958 -0.8718 -0.4804
vn 0.4364 -0.8415 0.3185
vn 0.4367 -0.8414 0.3184
vn -0.0000 -0.8663 0.4996
vn -0.0000 -0.8662 0.4996
vn -0.8332 0.5471 0.0803
vn 0.9936 0.0566 -0.0980
vn -0.9554 -0.0544 -0.2904
vn 0.9554 0.0544 -0.2903
vn -0.9936 -0.0566 -0.0981
vn -0.9936 -0.0566 -0.0980
vn 0.8805 0.0501 -0.4715
vn -0.9936 -0.0566 0.0981
vn -0.9936 -0.0567 0.0980
vn 0.7717 0.0439 -0.6345
vn 0.7719 0.0439 -0.6342
vn -0.9554 -0.0544 0.2904
vn 0.6333 0.0361 -0.7730
vn -0.8804 -0.0501 0.4715
vn 0.4705 0.0268 -0.8820
vn 0.0980 0.0056 0.9952
vn -0.7717 -0.0439 0.6345
vn 0.2899 0.0165 -0.9569
vn 0.2897 0.0165 -0.9570
vn 0.2899 0.0165 0.9569
vn -0.6332 -0.0361 0.7731
vn -0.6334 -0.0361 0.7730
vn 0.0979 0.0056 -0.9952
vn 0.0981 0.0056 -0.9952
vn 0.4708 0.0268 0.8818
vn 0.4707 0.0268 0.8819
vn -0.4707 -0.0268 0.8819
vn -0.0981 -0.0056 -0.9952
vn -0.0979 -0.0056 -0.9952
vn 0.6333 0.0361 0.7730
vn -0.2898 -0.0165 0.9569
vn -0.2898 -0.0165 -0.9569
vn 0.7717 0.0439 0.6345
vn 0.7719 0.0439 0.6342
vn -0.0983 -0.0056 0.9951
vn -0.0980 -0.0056 0.9952
vn -0.4705 -0.0268 -0.8820
vn -0.4702 -0.0268 -0.8822
vn 0.8805 0.0501 0.4715
vn -0.6330 -0.0360 -0.7733
vn -0.6333 -0.0361 -0.7730
vn 0.9554 0.0544 0.2903
vn 0.9554 0.0544 0.2904
vn -0.7720 -0.0439 -0.6341
vn -0.7717 -0.0439 -0.6345
vn 0.9936 0.0566 0.0981
vn 0.9936 0.0566 0.0982
vn -0.3380 -0.6941 -0.6356
vn 0.3555 0.8803 -0.3141
vn -0.7985 0.5534 0.2368
vn 0.3135 0.8544 -0.4143
vn -0.7311 0.5660 0.3810
vn 0.2478 0.8228 -0.5114
vn 0.0418 0.7486 0.6617
vn -0.6346 0.5847 0.5054
vn 0.1566 0.7869 -0.5969
vn 0.1566 0.7869 0.5969
vn -0.5147 0.6091 0.6034
vn 0.0418 0.7486 -0.6617
vn 0.2478 0.8228 0.5114
vn -0.3784 0.6387 0.6699
vn -0.0911 0.7099 -0.6984
vn 0.3135 0.8544 0.4143
vn -0.2342 0.6727 0.7018
vn -0.2342 0.6727 -0.7018
vn 0.3555 0.8803 0.3141
vn -0.0911 0.7099 0.6984
vn -0.3784 0.6387 -0.6699
vn 0.3785 0.8998 0.2172
vn -0.5147 0.6091 -0.6034
vn 0.3889 0.9125 0.1265
vn -0.6346 0.5847 -0.5054
vn 0.3924 0.9189 0.0414
vn -0.7311 0.5660 -0.3810
vn 0.3924 0.9189 -0.0414
vn -0.7985 0.5535 -0.2368
vn 0.3889 0.9125 -0.1265
vn -0.8331 0.5472 -0.0802
vn -0.8332 0.5471 -0.0804
vn 0.3785 0.8998 -0.2172
vn -0.8820 -0.0039 -0.4713
vn 0.6373 -0.6917 0.3397
vn 0.6370 -0.6920 0.3398
vn -0.4554 -0.6944 -0.5571
vn 0.6914 -0.6916 0.2091
vn 0.6914 -0.6915 0.2092
vn -0.5553 -0.6947 -0.4572
vn 0.7191 -0.6913 0.0706
vn 0.7188 -0.6916 0.0708
vn -0.6338 -0.6949 -0.3397
vn -0.6338 -0.6949 -0.3398
vn 0.7190 -0.6914 -0.0706
vn 0.7191 -0.6913 -0.0708
vn -0.6878 -0.6950 -0.2097
vn -0.6879 -0.6950 -0.2093
vn 0.6914 -0.6915 -0.2092
vn 0.6915 -0.6914 -0.2092
vn -0.7154 -0.6951 -0.0706
vn 0.6370 -0.6920 -0.3398
vn 0.6373 -0.6917 -0.3397
vn -0.7154 -0.6952 0.0706
vn -0.7153 -0.6952 0.0706
vn 0.5589 -0.6918 -0.4572
vn 0.5591 -0.6915 -0.4573
vn -0.6879 -0.6950 0.2093
vn -0.6879 -0.6950 0.2092
vn 0.4590 -0.6921 -0.5571
vn 0.4591 -0.6920 -0.5571
vn -0.6338 -0.6949 0.3397
vn 0.3415 -0.6924 -0.6356
vn 0.3415 -0.6923 -0.6356
vn 0.0724 -0.6931 0.7172
vn -0.5553 -0.6947 0.4572
vn 0.2107 -0.6929 -0.6896
vn 0.2108 -0.6926 -0.6898
vn 0.2109 -0.6927 0.6897
vn 0.2108 -0.6927 0.6897
vn -0.4554 -0.6944 0.5571
vn 0.0725 -0.6932 -0.7171
vn 0.0725 -0.6931 -0.7172
vn 0.3415 -0.6924 0.6356
vn 0.3416 -0.6924 0.6355
vn -0.3379 -0.6942 0.6355
vn -0.3381 -0.6941 0.6356
vn -0.0690 -0.6933 -0.7173
vn -0.0689 -0.6934 -0.7172
vn 0.4590 -0.6921 0.5571
vn 0.4591 -0.6920 0.5571
vn -0.2074 -0.6938 0.6897
vn -0.2074 -0.6940 0.6894
vn -0.2075 -0.6937 -0.6897
vn -0.2076 -0.6937 -0.6897
vn 0.5588 -0.6919 0.4573
vn 0.5591 -0.6916 0.4573
vn -0.0688 -0.6935 0.7172
vn -0.0689 -0.6934 0.7172
vn -0.0026 1.0000 -0.0000
vn -0.0027 1.0000 -0.0000
vn -0.0024 1.0000 -0.0000
vn -0.0026 1.0000 0.0001
vn -0.0025 1.0000 -0.0001
vn -0.0027 1.0000 -0.0003
vn -0.0026 1.0000 -0.0003
vn -0.0026 1.0000 -0.0001
vn 0.9952 0.0044 -0.0979
vn -0.9569 -0.0044 -0.2903
vn 0.9569 0.0044 -0.2903
vn -0.9952 -0.0044 -0.0980
vn 0.8818 0.0040 -0.4716
vn 0.8819 0.0039 -0.4715
vn -0.9952 -0.0044 0.0981
vn 0.7730 0.0034 -0.6344
vn -0.9569 -0.0044 0.2903
vn 0.6342 0.0029 -0.7732
vn 0.6344 0.0028 -0.7730
vn -0.8820 -0.0039 0.4713
vn 0.4713 0.0021 -0.8820
vn 0.4714 0.0021 -0.8819
vn 0.0981 0.0004 0.9952
vn 0.0977 0.0004 0.9952
vn -0.7729 -0.0034 0.6346
vn -0.7728 -0.0035 0.6347
vn 0.2902 0.0012 -0.9570
vn 0.2903 0.0013 -0.9569
vn 0.2902 0.0013 0.9570
vn 0.2903 0.0012 0.9569
vn -0.6343 -0.0028 0.7731
vn -0.6344 -0.0028 0.7730
vn 0.0979 0.0004 -0.9952
vn 0.0980 0.0004 -0.9952
vn 0.4715 0.0021 0.8819
vn 0.4714 0.0021 0.8819
vn -0.4715 -0.0021 0.8819
vn -0.0979 -0.0004 -0.9952
vn -0.0980 -0.0004 -0.9952
vn 0.6344 0.0028 0.7730
vn -0.2903 -0.0013 0.9569
vn -0.2903 -0.0013 -0.9569
vn 0.7730 0.0033 0.6344
vn 0.7729 0.0034 0.6346
vn -0.0981 -0.0004 0.9952
vn -0.4714 -0.0021 -0.8819
vn -0.4715 -0.0021 -0.8819
vn 0.8819 0.0039 0.4715
vn 0.8818 0.0040 0.4716
vn -0.6343 -0.0028 -0.7731
vn -0.6344 -0.0028 -0.7730
vn 0.9569 0.0044 0.2903
vn -0.7729 -0.0034 -0.6346
vn 0.9952 0.0046 0.0977
# 1248 vertex normals

vt 0.0000 0.0000 0.0000
# 1 texture coords

o C_rculo_006_C_rculo_007
g C_rculo_006_C_rculo_007
usemtl Goddard_None
s off
f 2049/2/1757 2050/2/1757 2051/2/1757 
f 2051/2/1757 2052/2/1757 2053/2/1757 
f 2049/2/1757 2051/2/1757 2053/2/1757 
f 2053/2/1757 2054/2/1757 2055/2/1757 
f 2055/2/1757 2056/2/1757 2057/2/1757 
f 2053/2/1758 2055/2/1758 2057/2/1758 
f 2049/2/1758 2053/2/1758 2057/2/1758 
f 2057/2/1757 2058/2/1757 2059/2/1757 
f 2059/2/1757 2060/2/1757 2061/2/1757 
f 2057/2/1759 2059/2/1759 2061/2/1759 
f 2061/2/1757 2062/2/1757 2063/2/1757 
f 2063/2/1757 2064/2/1757 2065/2/1757 
f 2061/2/1757 2063/2/1757 2065/2/1757 
f 2057/2/1760 2061/2/1760 2065/2/1760 
f 2065/2/1757 2066/2/1757 2067/2/1757 
f 2067/2/1757 2068/2/1757 2069/2/1757 
f 2065/2/1757 2067/2/1757 2069/2/1757 
f 2069/2/1757 2070/2/1757 2071/2/1757 
f 2071/2/1757 2072/2/1757 2073/2/1757 
f 2069/2/1757 2071/2/1757 2073/2/1757 
f 2065/2/1761 2069/2/1761 2073/2/1761 
f 2057/2/1761 2065/2/1761 2073/2/1761 
f 2049/2/1761 2057/2/1761 2073/2/1761 
f 2074/2/1757 2075/2/1757 2076/2/1757 
f 2073/2/1757 2074/2/1757 2076/2/1757 
f 2073/2/1761 2076/2/1761 2077/2/1761 
f 2049/2/1761 2073/2/1761 2077/2/1761 
f 2078/2/1757 2049/2/1757 2077/2/1757 
f 2078/2/1757 2077/2/1757 2079/2/1757 
f 2078/2/1757 2079/2/1757 2080/2/1757 
f 2081/2/1762 2082/2/1762 2083/2/1762 
f 2083/2/1763 2084/2/1763 2081/2/1763 
f 2067/2/1764 2085/2/1764 2086/2/1764 
f 2086/2/1765 2068/2/1765 2067/2/1765 
f 2087/2/1766 2049/2/1766 2078/2/1766 
f 2078/2/1767 2088/2/1767 2087/2/1767 
f 2053/2/1768 2089/2/1768 2090/2/1768 
f 2090/2/1768 2054/2/1768 2053/2/1768 
f 2066/2/1769 2091/2/1769 2085/2/1769 
f 2085/2/1770 2067/2/1770 2066/2/1770 
f 2088/2/1771 2078/2/1771 2080/2/1771 
f 2080/2/1772 2092/2/1772 2088/2/1772 
f 2052/2/1773 2093/2/1773 2089/2/1773 
f 2089/2/1773 2053/2/1773 2052/2/1773 
f 2065/2/1774 2094/2/1774 2091/2/1774 
f 2091/2/1774 2066/2/1774 2065/2/1774 
f 2092/2/1775 2080/2/1775 2079/2/1775 
f 2079/2/1776 2095/2/1776 2092/2/1776 
f 2051/2/1777 2096/2/1777 2093/2/1777 
f 2093/2/1778 2052/2/1778 2051/2/1778 
f 2064/2/1779 2097/2/1779 2094/2/1779 
f 2094/2/1779 2065/2/1779 2064/2/1779 
f 2079/2/1780 2077/2/1780 2098/2/1780 
f 2098/2/1781 2095/2/1781 2079/2/1781 
f 2050/2/1782 2099/2/1782 2096/2/1782 
f 2096/2/1783 2051/2/1783 2050/2/1783 
f 2063/2/1784 2100/2/1784 2097/2/1784 
f 2097/2/1785 2064/2/1785 2063/2/1785 
f 2076/2/1786 2101/2/1786 2098/2/1786 
f 2098/2/1787 2077/2/1787 2076/2/1787 
f 2050/2/1788 2049/2/1788 2087/2/1788 
f 2087/2/1788 2099/2/1788 2050/2/1788 
f 2062/2/1789 2102/2/1789 2100/2/1789 
f 2100/2/1790 2063/2/1790 2062/2/1790 
f 2103/2/1791 2101/2/1791 2076/2/1791 
f 2076/2/1792 2075/2/1792 2103/2/1792 
f 2061/2/1793 2104/2/1793 2102/2/1793 
f 2102/2/1794 2062/2/1794 2061/2/1794 
f 2074/2/1795 2105/2/1795 2103/2/1795 
f 2103/2/1795 2075/2/1795 2074/2/1795 
f 2060/2/1796 2106/2/1796 2104/2/1796 
f 2104/2/1797 2061/2/1797 2060/2/1797 
f 2084/2/1798 2105/2/1798 2074/2/1798 
f 2074/2/1799 2073/2/1799 2084/2/1799 
f 2059/2/1800 2107/2/1800 2106/2/1800 
f 2106/2/1800 2060/2/1800 2059/2/1800 
f 2084/2/1801 2073/2/1801 2072/2/1801 
f 2072/2/1802 2081/2/1802 2084/2/1802 
f 2058/2/1803 2108/2/1803 2107/2/1803 
f 2107/2/1803 2059/2/1803 2058/2/1803 
f 2072/2/1804 2071/2/1804 2109/2/1804 
f 2109/2/1804 2081/2/1804 2072/2/1804 
f 2057/2/1805 2110/2/1805 2108/2/1805 
f 2108/2/1806 2058/2/1806 2057/2/1806 
f 2070/2/1807 2111/2/1807 2109/2/1807 
f 2109/2/1807 2071/2/1807 2070/2/1807 
f 2056/2/1808 2112/2/1808 2110/2/1808 
f 2110/2/1809 2057/2/1809 2056/2/1809 
f 2069/2/1810 2113/2/1810 2111/2/1810 
f 2111/2/1811 2070/2/1811 2069/2/1811 
f 2055/2/1812 2114/2/1812 2112/2/1812 
f 2112/2/1813 2056/2/1813 2055/2/1813 
f 2068/2/1814 2086/2/1814 2113/2/1814 
f 2113/2/1814 2069/2/1814 2068/2/1814 
f 2054/2/1815 2090/2/1815 2114/2/1815 
f 2114/2/1816 2055/2/1816 2054/2/1816 
f 2115/2/1817 2116/2/1817 2117/2/1817 
f 2117/2/1818 2118/2/1818 2115/2/1818 
f 2108/2/1819 2119/2/1819 2120/2/1819 
f 2120/2/1820 2107/2/1820 2108/2/1820 
f 2109/2/1821 2121/2/1821 2082/2/1821 
f 2082/2/1822 2081/2/1822 2109/2/1822 
f 2110/2/1823 2122/2/1823 2119/2/1823 
f 2119/2/1824 2108/2/1824 2110/2/1824 
f 2111/2/1825 2118/2/1825 2121/2/1825 
f 2121/2/1826 2109/2/1826 2111/2/1826 
f 2112/2/1827 2123/2/1827 2122/2/1827 
f 2122/2/1828 2110/2/1828 2112/2/1828 
f 2113/2/1829 2115/2/1829 2118/2/1829 
f 2118/2/1830 2111/2/1830 2113/2/1830 
f 2114/2/1831 2124/2/1831 2123/2/1831 
f 2123/2/1832 2112/2/1832 2114/2/1832 
f 2086/2/1833 2125/2/1833 2115/2/1833 
f 2115/2/1834 2113/2/1834 2086/2/1834 
f 2090/2/1835 2126/2/1835 2124/2/1835 
f 2124/2/1836 2114/2/1836 2090/2/1836 
f 2085/2/1837 2127/2/1837 2125/2/1837 
f 2125/2/1838 2086/2/1838 2085/2/1838 
f 2088/2/1839 2128/2/1839 2129/2/1839 
f 2129/2/1839 2087/2/1839 2088/2/1839 
f 2089/2/1840 2130/2/1840 2126/2/1840 
f 2126/2/1841 2090/2/1841 2089/2/1841 
f 2091/2/1842 2131/2/1842 2127/2/1842 
f 2127/2/1842 2085/2/1842 2091/2/1842 
f 2092/2/1843 2132/2/1843 2128/2/1843 
f 2128/2/1844 2088/2/1844 2092/2/1844 
f 2093/2/1845 2133/2/1845 2130/2/1845 
f 2130/2/1846 2089/2/1846 2093/2/1846 
f 2094/2/1847 2134/2/1847 2131/2/1847 
f 2131/2/1848 2091/2/1848 2094/2/1848 
f 2095/2/1849 2135/2/1850 2132/2/1850 
f 2132/2/1851 2092/2/1851 2095/2/1851 
f 2096/2/1852 2136/2/1852 2133/2/1852 
f 2133/2/1853 2093/2/1853 2096/2/1853 
f 2097/2/1854 2137/2/1854 2134/2/1854 
f 2134/2/1855 2094/2/1855 2097/2/1855 
f 2098/2/1856 2138/2/1856 2135/2/1856 
f 2135/2/1856 2095/2/1856 2098/2/1856 
f 2099/2/1857 2139/2/1857 2136/2/1857 
f 2136/2/1858 2096/2/1858 2099/2/1858 
f 2100/2/1859 2140/2/1859 2137/2/1859 
f 2137/2/1860 2097/2/1860 2100/2/1860 
f 2101/2/1861 2141/2/1861 2138/2/1861 
f 2138/2/1862 2098/2/1862 2101/2/1862 
f 2099/2/1863 2087/2/1863 2129/2/1863 
f 2129/2/1863 2139/2/1863 2099/2/1863 
f 2102/2/1864 2142/2/1864 2140/2/1864 
f 2140/2/1865 2100/2/1865 2102/2/1865 
f 2103/2/1866 2143/2/1866 2141/2/1866 
f 2141/2/1867 2101/2/1867 2103/2/1867 
f 2104/2/1868 2144/2/1868 2142/2/1868 
f 2142/2/1868 2102/2/1868 2104/2/1868 
f 2105/2/1869 2145/2/1869 2143/2/1869 
f 2143/2/1870 2103/2/1870 2105/2/1870 
f 2106/2/1871 2146/2/1871 2144/2/1871 
f 2144/2/1871 2104/2/1871 2106/2/1871 
f 2084/2/1872 2083/2/1872 2145/2/1872 
f 2145/2/1873 2105/2/1873 2084/2/1873 
f 2107/2/1874 2120/2/1874 2146/2/1874 
f 2146/2/1875 2106/2/1875 2107/2/1875 
f 2147/2/1876 2148/2/1876 2149/2/1876 
f 2149/2/1770 2150/2/1770 2147/2/1770 
f 2124/2/1877 2151/2/1877 2152/2/1877 
f 2152/2/1878 2123/2/1878 2124/2/1878 
f 2125/2/1879 2153/2/1879 2116/2/1879 
f 2116/2/1880 2115/2/1880 2125/2/1880 
f 2126/2/1881 2154/2/1881 2151/2/1881 
f 2151/2/1881 2124/2/1881 2126/2/1881 
f 2127/2/1882 2147/2/1882 2153/2/1882 
f 2153/2/1883 2125/2/1883 2127/2/1883 
f 2128/2/1884 2155/2/1884 2156/2/1884 
f 2156/2/1885 2129/2/1885 2128/2/1885 
f 2130/2/1886 2157/2/1886 2154/2/1886 
f 2154/2/1887 2126/2/1887 2130/2/1887 
f 2131/2/1888 2148/2/1888 2147/2/1888 
f 2147/2/1888 2127/2/1888 2131/2/1888 
f 2132/2/1889 2158/2/1889 2155/2/1889 
f 2155/2/1889 2128/2/1889 2132/2/1889 
f 2133/2/1890 2159/2/1890 2157/2/1890 
f 2157/2/1891 2130/2/1891 2133/2/1891 
f 2134/2/1892 2160/2/1892 2148/2/1892 
f 2148/2/1892 2131/2/1892 2134/2/1892 
f 2135/2/1893 2161/2/1893 2158/2/1893 
f 2158/2/1894 2132/2/1894 2135/2/1894 
f 2136/2/1895 2162/2/1895 2159/2/1895 
f 2159/2/1895 2133/2/1895 2136/2/1895 
f 2137/2/1896 2163/2/1896 2160/2/1896 
f 2160/2/1897 2134/2/1897 2137/2/1897 
f 2138/2/1898 2164/2/1898 2161/2/1898 
f 2161/2/1898 2135/2/1898 2138/2/1898 
f 2139/2/1899 2165/2/1899 2162/2/1899 
f 2162/2/1899 2136/2/1899 2139/2/1899 
f 2140/2/1900 2166/2/1900 2163/2/1900 
f 2163/2/1900 2137/2/1900 2140/2/1900 
f 2141/2/1901 2167/2/1901 2164/2/1901 
f 2164/2/1902 2138/2/1902 2141/2/1902 
f 2139/2/1903 2129/2/1903 2156/2/1903 
f 2156/2/1903 2165/2/1903 2139/2/1903 
f 2142/2/1904 2168/2/1904 2166/2/1904 
f 2166/2/1905 2140/2/1905 2142/2/1905 
f 2143/2/1906 2169/2/1906 2167/2/1906 
f 2167/2/1907 2141/2/1907 2143/2/1907 
f 2144/2/1908 2170/2/1908 2168/2/1908 
f 2168/2/1909 2142/2/1909 2144/2/1909 
f 2145/2/1910 2171/2/1910 2169/2/1910 
f 2169/2/1911 2143/2/1911 2145/2/1911 
f 2146/2/1912 2172/2/1912 2170/2/1912 
f 2170/2/1913 2144/2/1913 2146/2/1913 
f 2083/2/1914 2173/2/1914 2171/2/1914 
f 2171/2/1915 2145/2/1915 2083/2/1915 
f 2120/2/1916 2174/2/1916 2172/2/1916 
f 2172/2/1916 2146/2/1916 2120/2/1916 
f 2082/2/1917 2175/2/1917 2173/2/1917 
f 2173/2/1918 2083/2/1918 2082/2/1918 
f 2119/2/1919 2176/2/1919 2174/2/1919 
f 2174/2/1920 2120/2/1920 2119/2/1920 
f 2121/2/1921 2177/2/1921 2175/2/1921 
f 2175/2/1922 2082/2/1922 2121/2/1922 
f 2122/2/1923 2178/2/1923 2176/2/1923 
f 2176/2/1924 2119/2/1924 2122/2/1924 
f 2118/2/1925 2117/2/1925 2177/2/1925 
f 2177/2/1925 2121/2/1925 2118/2/1925 
f 2123/2/1926 2152/2/1926 2178/2/1926 
f 2178/2/1927 2122/2/1927 2123/2/1927 
f 2179/2/1928 2180/2/1928 2181/2/1928 
f 2181/2/1929 2182/2/1929 2179/2/1929 
f 2158/2/1930 2183/2/1930 2184/2/1930 
f 2184/2/1931 2155/2/1931 2158/2/1931 
f 2185/2/1932 2186/2/1932 2157/2/1932 
f 2157/2/1932 2159/2/1932 2185/2/1932 
f 2148/2/1933 2160/2/1933 2187/2/1933 
f 2187/2/1934 2149/2/1934 2148/2/1934 
f 2161/2/1935 2188/2/1935 2183/2/1935 
f 2183/2/1776 2158/2/1776 2161/2/1776 
f 2159/2/1936 2162/2/1936 2189/2/1936 
f 2189/2/1777 2185/2/1777 2159/2/1777 
f 2160/2/1937 2163/2/1937 2182/2/1937 
f 2182/2/1938 2187/2/1938 2160/2/1938 
f 2164/2/1780 2190/2/1780 2188/2/1780 
f 2188/2/1939 2161/2/1939 2164/2/1939 
f 2162/2/1940 2165/2/1940 2191/2/1940 
f 2191/2/1940 2189/2/1940 2162/2/1940 
f 2163/2/1941 2166/2/1941 2179/2/1941 
f 2179/2/1942 2182/2/1942 2163/2/1942 
f 2167/2/1943 2192/2/1943 2190/2/1943 
f 2190/2/1944 2164/2/1944 2167/2/1944 
f 2191/2/1945 2165/2/1945 2156/2/1945 
f 2156/2/1946 2193/2/1946 2191/2/1946 
f 2166/2/1947 2168/2/1947 2194/2/1947 
f 2194/2/1948 2179/2/1948 2166/2/1948 
f 2169/2/1949 2195/2/1949 2192/2/1949 
f 2192/2/1950 2167/2/1950 2169/2/1950 
f 2196/2/1951 2194/2/1951 2168/2/1951 
f 2168/2/1951 2170/2/1951 2196/2/1951 
f 2171/2/1952 2197/2/1952 2195/2/1952 
f 2195/2/1953 2169/2/1953 2171/2/1953 
f 2170/2/1954 2172/2/1954 2198/2/1954 
f 2198/2/1954 2196/2/1954 2170/2/1954 
f 2171/2/1955 2173/2/1955 2199/2/1955 
f 2199/2/1955 2197/2/1955 2171/2/1955 
f 2172/2/1956 2174/2/1956 2200/2/1956 
f 2200/2/1957 2198/2/1957 2172/2/1957 
f 2173/2/1958 2175/2/1958 2201/2/1958 
f 2201/2/1959 2199/2/1959 2173/2/1959 
f 2202/2/1803 2200/2/1803 2174/2/1803 
f 2174/2/1960 2176/2/1960 2202/2/1960 
f 2201/2/1961 2175/2/1961 2177/2/1961 
f 2177/2/1961 2203/2/1961 2201/2/1961 
f 2176/2/1805 2178/2/1805 2204/2/1805 
f 2204/2/1962 2202/2/1962 2176/2/1962 
f 2177/2/1807 2117/2/1807 2205/2/1807 
f 2205/2/1963 2203/2/1963 2177/2/1963 
f 2178/2/1964 2152/2/1964 2206/2/1964 
f 2206/2/1809 2204/2/1809 2178/2/1809 
f 2205/2/1965 2117/2/1965 2116/2/1965 
f 2116/2/1965 2207/2/1965 2205/2/1965 
f 2208/2/1966 2206/2/1966 2152/2/1966 
f 2152/2/1967 2151/2/1967 2208/2/1967 
f 2207/2/1968 2116/2/1968 2153/2/1968 
f 2153/2/1969 2209/2/1969 2207/2/1969 
f 2151/2/1970 2154/2/1970 2210/2/1970 
f 2210/2/1815 2208/2/1815 2151/2/1815 
f 2150/2/1971 2209/2/1971 2153/2/1971 
f 2153/2/1971 2147/2/1971 2150/2/1971 
f 2155/2/1972 2184/2/1972 2193/2/1972 
f 2193/2/1972 2156/2/1972 2155/2/1972 
f 2154/2/1973 2157/2/1973 2186/2/1973 
f 2186/2/1973 2210/2/1973 2154/2/1973 
f 2211/2/1974 2212/2/1974 2213/2/1974 
f 2213/2/1975 2214/2/1975 2211/2/1975 
f 2192/2/1976 2215/2/1976 2216/2/1976 
f 2216/2/1977 2190/2/1977 2192/2/1977 
f 2217/2/1978 2191/2/1978 2193/2/1978 
f 2193/2/1979 2218/2/1979 2217/2/1979 
f 2180/2/1980 2179/2/1980 2194/2/1980 
f 2194/2/1980 2219/2/1980 2180/2/1980 
f 2220/2/1981 2215/2/1981 2192/2/1981 
f 2192/2/1982 2195/2/1982 2220/2/1982 
f 2196/2/1983 2214/2/1983 2219/2/1983 
f 2219/2/1984 2194/2/1984 2196/2/1984 
f 2197/2/1985 2221/2/1985 2220/2/1985 
f 2220/2/1986 2195/2/1986 2197/2/1986 
f 2198/2/1987 2211/2/1987 2214/2/1987 
f 2214/2/1988 2196/2/1988 2198/2/1988 
f 2199/2/1989 2222/2/1989 2221/2/1989 
f 2221/2/1990 2197/2/1990 2199/2/1990 
f 2223/2/1991 2211/2/1991 2198/2/1991 
f 2198/2/1991 2200/2/1991 2223/2/1991 
f 2201/2/1992 2224/2/1992 2222/2/1992 
f 2222/2/1993 2199/2/1993 2201/2/1993 
f 2202/2/1994 2225/2/1994 2223/2/1994 
f 2223/2/1994 2200/2/1994 2202/2/1994 
f 2226/2/1995 2224/2/1995 2201/2/1995 
f 2201/2/1996 2203/2/1996 2226/2/1996 
f 2204/2/1997 2227/2/1997 2225/2/1997 
f 2225/2/1998 2202/2/1998 2204/2/1998 
f 2205/2/1999 2228/2/1999 2226/2/1999 
f 2226/2/2000 2203/2/2000 2205/2/2000 
f 2229/2/2001 2227/2/2001 2204/2/2001 
f 2204/2/2002 2206/2/2002 2229/2/2002 
f 2207/2/2003 2230/2/2003 2228/2/2003 
f 2228/2/2004 2205/2/2004 2207/2/2004 
f 2208/2/2005 2231/2/2005 2229/2/2005 
f 2229/2/2006 2206/2/2006 2208/2/2006 
f 2232/2/2007 2230/2/2007 2207/2/2007 
f 2207/2/2008 2209/2/2008 2232/2/2008 
f 2210/2/2009 2233/2/2009 2231/2/2009 
f 2231/2/2009 2208/2/2009 2210/2/2009 
f 2150/2/2010 2234/2/2010 2232/2/2010 
f 2232/2/2011 2209/2/2011 2150/2/2011 
f 2184/2/2012 2235/2/2012 2218/2/2012 
f 2218/2/2013 2193/2/2013 2184/2/2013 
f 2233/2/2014 2210/2/2014 2186/2/2014 
f 2186/2/2015 2236/2/2015 2233/2/2015 
f 2149/2/2016 2237/2/2016 2234/2/2016 
f 2234/2/2016 2150/2/2016 2149/2/2016 
f 2183/2/2017 2238/2/2017 2235/2/2017 
f 2235/2/2018 2184/2/2018 2183/2/2018 
f 2185/2/2019 2239/2/2019 2236/2/2019 
f 2236/2/2020 2186/2/2020 2185/2/2020 
f 2240/2/2021 2237/2/2021 2149/2/2021 
f 2149/2/2022 2187/2/2022 2240/2/2022 
f 2241/2/2023 2238/2/2023 2183/2/2023 
f 2183/2/2024 2188/2/2024 2241/2/2024 
f 2189/2/2025 2242/2/2025 2239/2/2025 
f 2239/2/2026 2185/2/2026 2189/2/2026 
f 2182/2/2027 2181/2/2027 2240/2/2027 
f 2240/2/2028 2187/2/2028 2182/2/2028 
f 2190/2/2029 2216/2/2029 2241/2/2029 
f 2241/2/2029 2188/2/2029 2190/2/2029 
f 2217/2/2030 2242/2/2030 2189/2/2030 
f 2189/2/2031 2191/2/2031 2217/2/2031 
f 2243/2/1805 2244/2/1805 2245/2/1805 
f 2245/2/2032 2246/2/2032 2243/2/2032 
f 2247/2/2033 2221/2/2033 2222/2/2033 
f 2222/2/2033 2248/2/2033 2247/2/2033 
f 2223/2/2034 2249/2/2034 2212/2/2034 
f 2212/2/2035 2211/2/2035 2223/2/2035 
f 2224/2/2036 2250/2/2036 2248/2/2036 
f 2248/2/2037 2222/2/2037 2224/2/2037 
f 2249/2/2038 2223/2/2038 2225/2/2038 
f 2225/2/2039 2245/2/2039 2249/2/2039 
f 2226/2/2040 2251/2/2040 2250/2/2040 
f 2250/2/2041 2224/2/2041 2226/2/2041 
f 2227/2/2042 2246/2/2042 2245/2/2042 
f 2245/2/2043 2225/2/2043 2227/2/2043 
f 2252/2/2044 2251/2/2044 2226/2/2044 
f 2226/2/2045 2228/2/2045 2252/2/2045 
f 2229/2/2046 2253/2/2046 2246/2/2046 
f 2246/2/2047 2227/2/2047 2229/2/2047 
f 2230/2/2048 2254/2/2048 2252/2/2048 
f 2252/2/2049 2228/2/2049 2230/2/2049 
f 2253/2/2050 2229/2/2050 2231/2/2050 
f 2231/2/2051 2255/2/2051 2253/2/2051 
f 2232/2/2052 2256/2/2052 2254/2/2052 
f 2254/2/2053 2230/2/2053 2232/2/2053 
f 2233/2/2054 2257/2/2054 2255/2/2054 
f 2255/2/2055 2231/2/2055 2233/2/2055 
f 2258/2/2056 2256/2/2056 2232/2/2056 
f 2232/2/2057 2234/2/2057 2258/2/2057 
f 2218/2/2058 2235/2/2058 2259/2/2058 
f 2259/2/2059 2260/2/2059 2218/2/2059 
f 2236/2/2060 2261/2/2060 2257/2/2060 
f 2257/2/2061 2233/2/2061 2236/2/2061 
f 2237/2/2062 2262/2/2062 2258/2/2062 
f 2258/2/2063 2234/2/2063 2237/2/2063 
f 2238/2/2064 2263/2/2064 2259/2/2064 
f 2259/2/2065 2235/2/2065 2238/2/2065 
f 2264/2/2066 2261/2/2066 2236/2/2066 
f 2236/2/2066 2239/2/2066 2264/2/2066 
f 2240/2/2067 2265/2/2067 2262/2/2067 
f 2262/2/2067 2237/2/2067 2240/2/2067 
f 2241/2/2068 2266/2/2068 2263/2/2068 
f 2263/2/2069 2238/2/2069 2241/2/2069 
f 2242/2/2070 2267/2/2070 2264/2/2070 
f 2264/2/2071 2239/2/2071 2242/2/2071 
f 2265/2/2072 2240/2/2072 2181/2/2072 
f 2181/2/2073 2268/2/2073 2265/2/2073 
f 2216/2/2074 2269/2/2074 2266/2/2074 
f 2266/2/2075 2241/2/2075 2216/2/2075 
f 2217/2/2076 2270/2/2076 2267/2/2076 
f 2267/2/2077 2242/2/2077 2217/2/2077 
f 2180/2/2078 2271/2/2078 2268/2/2078 
f 2268/2/2079 2181/2/2079 2180/2/2079 
f 2269/2/2080 2216/2/2080 2215/2/2080 
f 2215/2/2081 2272/2/2081 2269/2/2081 
f 2260/2/2082 2270/2/2082 2217/2/2082 
f 2217/2/2082 2218/2/2082 2260/2/2082 
f 2219/2/2083 2273/2/2083 2271/2/2083 
f 2271/2/2084 2180/2/2084 2219/2/2084 
f 2220/2/2085 2274/2/2085 2272/2/2085 
f 2272/2/2086 2215/2/2086 2220/2/2086 
f 2273/2/2087 2219/2/2087 2214/2/2087 
f 2214/2/2087 2213/2/2087 2273/2/2087 
f 2221/2/2088 2247/2/2088 2274/2/2088 
f 2274/2/2089 2220/2/2089 2221/2/2089 
f 2275/2/2090 2276/2/2090 2277/2/2090 
f 2277/2/2091 2278/2/2091 2275/2/2091 
f 2252/2/2092 2279/2/2092 2280/2/2092 
f 2280/2/1807 2251/2/1807 2252/2/1807 
f 2253/2/2093 2281/2/2093 2243/2/2093 
f 2243/2/1808 2246/2/1808 2253/2/1808 
f 2282/2/2094 2279/2/2094 2252/2/2094 
f 2252/2/2094 2254/2/2094 2282/2/2094 
f 2255/2/2095 2278/2/2095 2281/2/2095 
f 2281/2/2095 2253/2/2095 2255/2/2095 
f 2256/2/2096 2283/2/2096 2282/2/2096 
f 2282/2/2096 2254/2/2096 2256/2/2096 
f 2275/2/2097 2278/2/2097 2255/2/2097 
f 2255/2/2098 2257/2/2098 2275/2/2098 
f 2258/2/2099 2284/2/2099 2283/2/2099 
f 2283/2/2099 2256/2/2099 2258/2/2099 
f 2260/2/1767 2259/2/1767 2285/2/1767 
f 2285/2/2100 2286/2/2100 2260/2/2100 
f 2261/2/2101 2287/2/2101 2275/2/2101 
f 2275/2/2101 2257/2/2101 2261/2/2101 
f 2288/2/1770 2284/2/1770 2258/2/1770 
f 2258/2/2102 2262/2/2102 2288/2/2102 
f 2285/2/2103 2259/2/2103 2263/2/2103 
f 2263/2/1930 2289/2/1930 2285/2/1930 
f 2264/2/2104 2290/2/2104 2287/2/2104 
f 2287/2/2104 2261/2/2104 2264/2/2104 
f 2265/2/2105 2291/2/2105 2288/2/2105 
f 2288/2/2106 2262/2/2106 2265/2/2106 
f 2289/2/2107 2263/2/2107 2266/2/2107 
f 2266/2/1776 2292/2/1776 2289/2/1776 
f 2293/2/2108 2290/2/2108 2264/2/2108 
f 2264/2/2109 2267/2/2109 2293/2/2109 
f 2268/2/1938 2294/2/1938 2291/2/1938 
f 2291/2/1937 2265/2/1937 2268/2/1937 
f 2269/2/1780 2295/2/1780 2292/2/1780 
f 2292/2/2110 2266/2/2110 2269/2/2110 
f 2270/2/2111 2296/2/2111 2293/2/2111 
f 2293/2/2112 2267/2/2112 2270/2/2112 
f 2297/2/2113 2294/2/2113 2268/2/2113 
f 2268/2/2114 2271/2/2114 2297/2/2114 
f 2272/2/2115 2298/2/2115 2295/2/2115 
f 2295/2/1944 2269/2/1944 2272/2/1944 
f 2286/2/1946 2296/2/1946 2270/2/1946 
f 2270/2/2116 2260/2/2116 2286/2/2116 
f 2273/2/1947 2299/2/1947 2297/2/1947 
f 2297/2/1790 2271/2/1790 2273/2/1790 
f 2298/2/1950 2272/2/1950 2274/2/1950 
f 2274/2/1950 2300/2/1950 2298/2/1950 
f 2213/2/2117 2301/2/2117 2299/2/2117 
f 2299/2/2118 2273/2/2118 2213/2/2118 
f 2247/2/2119 2302/2/2119 2300/2/2119 
f 2300/2/2120 2274/2/2120 2247/2/2120 
f 2303/2/2121 2301/2/2121 2213/2/2121 
f 2213/2/2122 2212/2/2122 2303/2/2122 
f 2248/2/1955 2304/2/1955 2302/2/1955 
f 2302/2/1798 2247/2/1798 2248/2/1798 
f 2249/2/2123 2305/2/2123 2303/2/2123 
f 2303/2/2123 2212/2/2123 2249/2/2123 
f 2306/2/1801 2304/2/1801 2248/2/1801 
f 2248/2/2124 2250/2/2124 2306/2/2124 
f 2245/2/1960 2244/2/1960 2305/2/1960 
f 2305/2/2125 2249/2/2125 2245/2/2125 
f 2251/2/2126 2280/2/2126 2306/2/2126 
f 2306/2/2127 2250/2/2127 2251/2/2127 
f 2307/2/2128 2308/2/2128 2309/2/2128 
f 2309/2/2129 2310/2/2129 2307/2/2129 
f 2284/2/2130 2311/2/2130 2312/2/2130 
f 2312/2/2130 2283/2/2130 2284/2/2130 
f 2313/2/2131 2314/2/2131 2286/2/2131 
f 2286/2/2131 2285/2/2131 2313/2/2131 
f 2315/2/2132 2276/2/2132 2275/2/2132 
f 2275/2/2132 2287/2/2132 2315/2/2132 
f 2288/2/2133 2316/2/2133 2311/2/2133 
f 2311/2/2133 2284/2/2133 2288/2/2133 
f 2289/2/2134 2317/2/2134 2313/2/2134 
f 2313/2/2134 2285/2/2134 2289/2/2134 
f 2290/2/2135 2318/2/2135 2315/2/2135 
f 2315/2/2135 2287/2/2135 2290/2/2135 
f 2319/2/2136 2316/2/2136 2288/2/2136 
f 2288/2/2136 2291/2/2136 2319/2/2136 
f 2292/2/2137 2320/2/2137 2317/2/2137 
f 2317/2/2137 2289/2/2137 2292/2/2137 
f 2293/2/2138 2321/2/2138 2318/2/2138 
f 2318/2/2138 2290/2/2138 2293/2/2138 
f 2294/2/2139 2322/2/2139 2319/2/2139 
f 2319/2/2140 2291/2/2140 2294/2/2139 
f 2323/2/2141 2320/2/2141 2292/2/2141 
f 2292/2/2141 2295/2/2141 2323/2/2141 
f 2321/2/2142 2293/2/2142 2296/2/2142 
f 2296/2/2142 2324/2/2142 2321/2/2142 
f 2297/2/2143 2325/2/2143 2322/2/2143 
f 2322/2/2143 2294/2/2143 2297/2/2143 
f 2298/2/2144 2326/2/2144 2323/2/2144 
f 2323/2/2144 2295/2/2144 2298/2/2144 
f 2314/2/2145 2324/2/2145 2296/2/2145 
f 2296/2/2145 2286/2/2145 2314/2/2145 
f 2325/2/2146 2297/2/2146 2299/2/2146 
f 2299/2/2146 2327/2/2146 2325/2/2146 
f 2300/2/2147 2328/2/2147 2326/2/2147 
f 2326/2/2147 2298/2/2147 2300/2/2147 
f 2301/2/2148 2329/2/2148 2327/2/2148 
f 2327/2/2148 2299/2/2148 2301/2/2148 
f 2330/2/2149 2328/2/2149 2300/2/2149 
f 2300/2/2149 2302/2/2149 2330/2/2149 
f 2303/2/2150 2331/2/2150 2329/2/2150 
f 2329/2/2150 2301/2/2150 2303/2/2150 
f 2304/2/2151 2332/2/2151 2330/2/2151 
f 2330/2/2151 2302/2/2151 2304/2/2151 
f 2309/2/2152 2331/2/2152 2303/2/2152 
f 2303/2/2153 2305/2/2153 2309/2/2153 
f 2306/2/2154 2333/2/2154 2332/2/2154 
f 2332/2/2154 2304/2/2154 2306/2/2154 
f 2244/2/2155 2310/2/2155 2309/2/2155 
f 2309/2/2155 2305/2/2155 2244/2/2155 
f 2333/2/2156 2306/2/2156 2280/2/2156 
f 2280/2/2156 2334/2/2156 2333/2/2156 
f 2243/2/2157 2335/2/2157 2310/2/2157 
f 2310/2/2158 2244/2/2158 2243/2/2158 
f 2279/2/2159 2336/2/2159 2334/2/2159 
f 2334/2/2159 2280/2/2159 2279/2/2159 
f 2335/2/2160 2243/2/2160 2281/2/2160 
f 2281/2/2160 2337/2/2160 2335/2/2160 
f 2282/2/2161 2338/2/2161 2336/2/2161 
f 2336/2/2161 2279/2/2161 2282/2/2161 
f 2278/2/2162 2277/2/2162 2337/2/2162 
f 2337/2/2162 2281/2/2162 2278/2/2162 
f 2312/2/2163 2338/2/2163 2282/2/2163 
f 2282/2/2163 2283/2/2163 2312/2/2163 
f 2339/2/2164 2340/2/2164 2341/2/2164 
f 2341/2/2164 2342/2/2164 2339/2/2164 
f 2334/2/2165 2343/2/2165 2344/2/2165 
f 2344/2/2166 2333/2/2166 2334/2/2166 
f 2335/2/2167 2345/2/2167 2307/2/2167 
f 2307/2/2168 2310/2/2168 2335/2/2168 
f 2346/2/2169 2343/2/2169 2334/2/2169 
f 2334/2/2170 2336/2/2170 2346/2/2170 
f 2337/2/2171 2342/2/2171 2345/2/2171 
f 2345/2/2172 2335/2/2172 2337/2/2172 
f 2338/2/2173 2347/2/2173 2346/2/2173 
f 2346/2/2174 2336/2/2174 2338/2/2174 
f 2342/2/2175 2337/2/2175 2277/2/2175 
f 2277/2/2176 2339/2/2176 2342/2/2176 
f 2312/2/2177 2348/2/2177 2347/2/2177 
f 2347/2/2178 2338/2/2178 2312/2/2178 
f 2276/2/2179 2349/2/2179 2339/2/2179 
f 2339/2/2180 2277/2/2180 2276/2/2180 
f 2348/2/2181 2312/2/2181 2311/2/2181 
f 2311/2/2181 2350/2/2181 2348/2/2181 
f 2314/2/2182 2313/2/2182 2351/2/2182 
f 2351/2/2183 2352/2/2183 2314/2/2183 
f 2315/2/2184 2353/2/2184 2349/2/2184 
f 2349/2/2185 2276/2/2185 2315/2/2185 
f 2316/2/2186 2354/2/2186 2350/2/2186 
f 2350/2/2187 2311/2/2187 2316/2/2187 
f 2317/2/2188 2355/2/2188 2351/2/2188 
f 2351/2/2189 2313/2/2189 2317/2/2189 
f 2356/2/2190 2353/2/2190 2315/2/2190 
f 2315/2/2191 2318/2/2191 2356/2/2191 
f 2319/2/2192 2357/2/2192 2354/2/2192 
f 2354/2/2193 2316/2/2193 2319/2/2193 
f 2320/2/2194 2358/2/2194 2355/2/2194 
f 2355/2/2195 2317/2/2195 2320/2/2195 
f 2321/2/2196 2359/2/2196 2356/2/2196 
f 2356/2/2197 2318/2/2197 2321/2/2197 
f 2360/2/2198 2357/2/2198 2319/2/2198 
f 2319/2/2199 2322/2/2199 2360/2/2199 
f 2323/2/2200 2361/2/2200 2358/2/2200 
f 2358/2/2201 2320/2/2201 2323/2/2201 
f 2324/2/2202 2362/2/2202 2359/2/2202 
f 2359/2/2203 2321/2/2203 2324/2/2203 
f 2325/2/2204 2363/2/2204 2360/2/2204 
f 2360/2/2205 2322/2/2205 2325/2/2205 
f 2361/2/2206 2323/2/2206 2326/2/2206 
f 2326/2/2207 2364/2/2207 2361/2/2207 
f 2352/2/2208 2362/2/2208 2324/2/2208 
f 2324/2/2209 2314/2/2209 2352/2/2209 
f 2327/2/2210 2365/2/2210 2363/2/2210 
f 2363/2/2211 2325/2/2211 2327/2/2211 
f 2328/2/2212 2366/2/2212 2364/2/2212 
f 2364/2/2213 2326/2/2213 2328/2/2213 
f 2365/2/2214 2327/2/2214 2329/2/2214 
f 2329/2/2215 2367/2/2215 2365/2/2215 
f 2330/2/2216 2368/2/2216 2366/2/2216 
f 2366/2/2217 2328/2/2217 2330/2/2217 
f 2331/2/2218 2369/2/2218 2367/2/2218 
f 2367/2/2219 2329/2/2219 2331/2/2219 
f 2370/2/2220 2368/2/2220 2330/2/2220 
f 2330/2/2221 2332/2/2221 2370/2/2221 
f 2309/2/2222 2308/2/2222 2369/2/2222 
f 2369/2/2223 2331/2/2223 2309/2/2223 
f 2333/2/2224 2344/2/2224 2370/2/2224 
f 2370/2/2225 2332/2/2225 2333/2/2225 
f 2371/2/2226 2372/2/2226 2373/2/2226 
f 2373/2/2226 2374/2/2226 2371/2/2226 
f 2348/2/2227 2375/2/2227 2376/2/2227 
f 2376/2/2228 2347/2/2228 2348/2/2228 
f 2339/2/2229 2349/2/2229 2377/2/2229 
f 2377/2/2229 2340/2/2229 2339/2/2229 
f 2350/2/2230 2378/2/2230 2375/2/2230 
f 2375/2/2231 2348/2/2231 2350/2/2231 
f 2352/2/2232 2351/2/2232 2379/2/2232 
f 2379/2/2233 2380/2/2233 2352/2/2233 
f 2377/2/2234 2349/2/2234 2353/2/2234 
f 2353/2/2234 2372/2/2234 2377/2/2234 
f 2350/2/2235 2354/2/2235 2381/2/2235 
f 2381/2/2236 2378/2/2236 2350/2/2236 
f 2379/2/2237 2351/2/2237 2355/2/2237 
f 2355/2/2237 2382/2/2237 2379/2/2237 
f 2356/2/2238 2373/2/2238 2372/2/2238 
f 2372/2/2239 2353/2/2239 2356/2/2239 
f 2381/2/2240 2354/2/2240 2357/2/2240 
f 2357/2/2240 2383/2/2240 2381/2/2240 
f 2382/2/2241 2355/2/2241 2358/2/2241 
f 2358/2/2242 2384/2/2242 2382/2/2242 
f 2356/2/2243 2359/2/2243 2385/2/2243 
f 2385/2/2244 2373/2/2244 2356/2/2244 
f 2360/2/2245 2386/2/2245 2383/2/2245 
f 2383/2/2246 2357/2/2246 2360/2/2246 
f 2361/2/2247 2387/2/2247 2384/2/2247 
f 2384/2/2248 2358/2/2248 2361/2/2248 
f 2385/2/2249 2359/2/2249 2362/2/2249 
f 2362/2/2250 2388/2/2250 2385/2/2250 
f 2360/2/2251 2363/2/2251 2389/2/2251 
f 2389/2/2252 2386/2/2252 2360/2/2252 
f 2364/2/2253 2390/2/2253 2387/2/2253 
f 2387/2/2253 2361/2/2253 2364/2/2253 
f 2362/2/2254 2352/2/2254 2380/2/2254 
f 2380/2/2255 2388/2/2255 2362/2/2255 
f 2389/2/2256 2363/2/2256 2365/2/2256 
f 2365/2/2257 2391/2/2257 2389/2/2257 
f 2390/2/2258 2364/2/2258 2366/2/2258 
f 2366/2/2258 2392/2/2258 2390/2/2258 
f 2367/2/2259 2393/2/2259 2391/2/2259 
f 2391/2/2260 2365/2/2260 2367/2/2260 
f 2368/2/2261 2394/2/2261 2392/2/2261 
f 2392/2/2261 2366/2/2261 2368/2/2261 
f 2367/2/2262 2369/2/2262 2395/2/2262 
f 2395/2/2263 2393/2/2263 2367/2/2263 
f 2370/2/2264 2396/2/2264 2394/2/2264 
f 2394/2/2265 2368/2/2265 2370/2/2265 
f 2395/2/2266 2369/2/2266 2308/2/2266 
f 2308/2/2267 2397/2/2267 2395/2/2267 
f 2370/2/2268 2344/2/2268 2398/2/2268 
f 2398/2/2269 2396/2/2269 2370/2/2269 
f 2307/2/2270 2399/2/2270 2397/2/2270 
f 2397/2/2270 2308/2/2270 2307/2/2270 
f 2398/2/2271 2344/2/2271 2343/2/2271 
f 2343/2/2271 2400/2/2271 2398/2/2271 
f 2307/2/2272 2345/2/2272 2401/2/2272 
f 2401/2/2273 2399/2/2273 2307/2/2273 
f 2402/2/2274 2400/2/2274 2343/2/2274 
f 2343/2/2275 2346/2/2275 2402/2/2275 
f 2401/2/2276 2345/2/2276 2342/2/2276 
f 2342/2/2277 2341/2/2277 2401/2/2277 
f 2402/2/2278 2346/2/2278 2347/2/2278 
f 2347/2/2279 2376/2/2279 2402/2/2279 
f 2403/2/2280 2404/2/2280 2405/2/2280 
f 2405/2/2280 2406/2/2280 2403/2/2280 
f 2383/2/2281 2407/2/2281 2408/2/2281 
f 2408/2/2281 2381/2/2281 2383/2/2281 
f 2384/2/2282 2409/2/2282 2410/2/2282 
f 2410/2/2282 2382/2/2282 2384/2/2282 
f 2385/2/2283 2411/2/2283 2374/2/2283 
f 2374/2/2283 2373/2/2283 2385/2/2283 
f 2407/2/2284 2383/2/2284 2386/2/2284 
f 2386/2/2284 2412/2/2284 2407/2/2284 
f 2384/2/2285 2387/2/2285 2413/2/2285 
f 2413/2/2285 2409/2/2285 2384/2/2285 
f 2388/2/2286 2405/2/2286 2411/2/2286 
f 2411/2/2286 2385/2/2286 2388/2/2286 
f 2389/2/2287 2414/2/2287 2412/2/2287 
f 2412/2/2287 2386/2/2287 2389/2/2287 
f 2413/2/2288 2387/2/2288 2390/2/2288 
f 2390/2/2288 2415/2/2288 2413/2/2288 
f 2406/2/2289 2405/2/2289 2388/2/2289 
f 2388/2/2289 2380/2/2289 2406/2/2289 
f 2391/2/2290 2416/2/2290 2414/2/2290 
f 2414/2/2290 2389/2/2290 2391/2/2290 
f 2392/2/2291 2417/2/2291 2415/2/2291 
f 2415/2/2291 2390/2/2291 2392/2/2291 
f 2416/2/2292 2391/2/2292 2393/2/2292 
f 2393/2/2293 2418/2/2293 2416/2/2293 
f 2392/2/2294 2394/2/2294 2419/2/2294 
f 2419/2/2294 2417/2/2294 2392/2/2294 
f 2395/2/2295 2420/2/2295 2418/2/2295 
f 2418/2/2295 2393/2/2295 2395/2/2295 
f 2419/2/2296 2394/2/2296 2396/2/2296 
f 2396/2/2296 2421/2/2296 2419/2/2296 
f 2397/2/2297 2422/2/2297 2420/2/2297 
f 2420/2/2297 2395/2/2297 2397/2/2297 
f 2398/2/2298 2423/2/2298 2421/2/2298 
f 2421/2/2298 2396/2/2298 2398/2/2298 
f 2422/2/2299 2397/2/2299 2399/2/2299 
f 2399/2/2299 2424/2/2299 2422/2/2299 
f 2400/2/2300 2425/2/2300 2423/2/2300 
f 2423/2/2300 2398/2/2300 2400/2/2300 
f 2401/2/2301 2426/2/2301 2424/2/2301 
f 2424/2/2302 2399/2/2302 2401/2/2302 
f 2400/2/2303 2402/2/2303 2427/2/2303 
f 2427/2/2303 2425/2/2303 2400/2/2303 
f 2341/2/2304 2428/2/2304 2426/2/2304 
f 2426/2/2305 2401/2/2305 2341/2/2305 
f 2429/2/2306 2427/2/2306 2402/2/2306 
f 2402/2/2307 2376/2/2307 2429/2/2307 
f 2428/2/2308 2341/2/2308 2340/2/2308 
f 2340/2/2308 2430/2/2308 2428/2/2308 
f 2429/2/2309 2376/2/2309 2375/2/2309 
f 2375/2/2309 2431/2/2309 2429/2/2309 
f 2377/2/2310 2432/2/2310 2430/2/2310 
f 2430/2/2310 2340/2/2310 2377/2/2310 
f 2431/2/2311 2375/2/2311 2378/2/2311 
f 2378/2/2311 2433/2/2311 2431/2/2311 
f 2379/2/2312 2434/2/2312 2406/2/2312 
f 2406/2/2312 2380/2/2312 2379/2/2312 
f 2372/2/2313 2371/2/2313 2432/2/2313 
f 2432/2/2313 2377/2/2313 2372/2/2313 
f 2381/2/2314 2408/2/2314 2433/2/2314 
f 2433/2/2314 2378/2/2314 2381/2/2314 
f 2434/2/2315 2379/2/2315 2382/2/2315 
f 2382/2/2315 2410/2/2315 2434/2/2315 
f 2435/2/2316 2436/2/2316 2437/2/2316 
f 2437/2/2317 2438/2/2317 2435/2/2317 
f 2416/2/2318 2439/2/2318 2440/2/2318 
f 2440/2/2319 2414/2/2319 2416/2/2319 
f 2441/2/2320 2415/2/2320 2417/2/2320 
f 2417/2/2321 2442/2/2321 2441/2/2321 
f 2418/2/2322 2443/2/2322 2439/2/2322 
f 2439/2/2323 2416/2/2323 2418/2/2323 
f 2419/2/2324 2444/2/2324 2442/2/2324 
f 2442/2/2325 2417/2/2325 2419/2/2325 
f 2443/2/2326 2418/2/2326 2420/2/2326 
f 2420/2/2327 2438/2/2327 2443/2/2327 
f 2421/2/2328 2445/2/2328 2444/2/2328 
f 2444/2/2329 2419/2/2329 2421/2/2329 
f 2422/2/2330 2435/2/2330 2438/2/2330 
f 2438/2/2331 2420/2/2331 2422/2/2331 
f 2445/2/2332 2421/2/2332 2423/2/2332 
f 2423/2/2333 2446/2/2333 2445/2/2333 
f 2424/2/2334 2447/2/2334 2435/2/2334 
f 2435/2/2335 2422/2/2335 2424/2/2335 
f 2425/2/2336 2448/2/2336 2446/2/2336 
f 2446/2/2337 2423/2/2337 2425/2/2337 
f 2447/2/2338 2424/2/2338 2426/2/2338 
f 2426/2/2339 2449/2/2339 2447/2/2339 
f 2427/2/2340 2450/2/2340 2448/2/2340 
f 2448/2/2341 2425/2/2341 2427/2/2341 
f 2428/2/2342 2451/2/2342 2449/2/2342 
f 2449/2/2343 2426/2/2343 2428/2/2343 
f 2450/2/2344 2427/2/2344 2429/2/2344 
f 2429/2/2344 2452/2/2344 2450/2/2344 
f 2430/2/2345 2453/2/2345 2451/2/2345 
f 2451/2/2345 2428/2/2345 2430/2/2345 
f 2431/2/2346 2454/2/2346 2452/2/2346 
f 2452/2/2347 2429/2/2347 2431/2/2347 
f 2453/2/2348 2430/2/2348 2432/2/2348 
f 2432/2/2349 2455/2/2349 2453/2/2349 
f 2433/2/2350 2456/2/2350 2454/2/2350 
f 2454/2/2351 2431/2/2351 2433/2/2351 
f 2406/2/2352 2434/2/2352 2457/2/2352 
f 2457/2/2353 2403/2/2353 2406/2/2353 
f 2371/2/2354 2458/2/2354 2455/2/2354 
f 2455/2/2355 2432/2/2355 2371/2/2355 
f 2456/2/2356 2433/2/2356 2408/2/2356 
f 2408/2/2357 2459/2/2357 2456/2/2357 
f 2410/2/2358 2460/2/2358 2457/2/2358 
f 2457/2/2359 2434/2/2359 2410/2/2359 
f 2374/2/2360 2461/2/2360 2458/2/2360 
f 2458/2/2360 2371/2/2360 2374/2/2360 
f 2407/2/2361 2462/2/2361 2459/2/2361 
f 2459/2/2362 2408/2/2362 2407/2/2362 
f 2460/2/2363 2410/2/2363 2409/2/2363 
f 2409/2/2363 2463/2/2363 2460/2/2363 
f 2461/2/2364 2374/2/2364 2411/2/2364 
f 2411/2/2365 2464/2/2365 2461/2/2365 
f 2412/2/2366 2465/2/2366 2462/2/2366 
f 2462/2/2367 2407/2/2367 2412/2/2367 
f 2413/2/2368 2466/2/2368 2463/2/2368 
f 2463/2/2369 2409/2/2369 2413/2/2369 
f 2405/2/2370 2404/2/2370 2464/2/2370 
f 2464/2/2371 2411/2/2371 2405/2/2371 
f 2465/2/2372 2412/2/2372 2414/2/2372 
f 2414/2/2373 2440/2/2373 2465/2/2373 
f 2415/2/2374 2441/2/2374 2466/2/2374 
f 2466/2/2374 2413/2/2374 2415/2/2374 
f 2467/2/2375 2468/2/2375 2469/2/2375 
f 2469/2/2375 2470/2/2375 2467/2/2375 
f 2471/2/2376 2472/2/2376 2445/2/2376 
f 2445/2/2377 2446/2/2377 2471/2/2377 
f 2447/2/2378 2473/2/2378 2436/2/2378 
f 2436/2/2379 2435/2/2379 2447/2/2379 
f 2448/2/2380 2474/2/2380 2471/2/2380 
f 2471/2/2381 2446/2/2381 2448/2/2381 
f 2468/2/2382 2473/2/2382 2447/2/2382 
f 2447/2/2382 2449/2/2382 2468/2/2382 
f 2450/2/2383 2475/2/2383 2474/2/2383 
f 2474/2/2384 2448/2/2384 2450/2/2384 
f 2451/2/2385 2469/2/2385 2468/2/2385 
f 2468/2/2386 2449/2/2386 2451/2/2386 
f 2476/2/2387 2475/2/2387 2450/2/2387 
f 2450/2/2388 2452/2/2388 2476/2/2388 
f 2453/2/2389 2477/2/2389 2469/2/2389 
f 2469/2/2390 2451/2/2390 2453/2/2390 
f 2454/2/2391 2478/2/2391 2476/2/2391 
f 2476/2/2391 2452/2/2391 2454/2/2391 
f 2479/2/2392 2477/2/2392 2453/2/2392 
f 2453/2/2392 2455/2/2392 2479/2/2392 
f 2456/2/2393 2480/2/2393 2478/2/2393 
f 2478/2/2393 2454/2/2393 2456/2/2393 
f 2481/2/2394 2403/2/2394 2457/2/2394 
f 2457/2/2394 2482/2/2394 2481/2/2394 
f 2458/2/2395 2483/2/2395 2479/2/2395 
f 2479/2/2395 2455/2/2395 2458/2/2395 
f 2484/2/2396 2480/2/2396 2456/2/2396 
f 2456/2/2397 2459/2/2397 2484/2/2397 
f 2482/2/2398 2457/2/2398 2460/2/2398 
f 2460/2/2399 2485/2/2399 2482/2/2399 
f 2461/2/2400 2486/2/2400 2483/2/2400 
f 2483/2/2401 2458/2/2401 2461/2/2401 
f 2462/2/2402 2487/2/2402 2484/2/2402 
f 2484/2/2403 2459/2/2403 2462/2/2403 
f 2463/2/2404 2488/2/2404 2485/2/2404 
f 2485/2/2405 2460/2/2405 2463/2/2405 
f 2489/2/2406 2486/2/2406 2461/2/2406 
f 2461/2/2406 2464/2/2406 2489/2/2406 
f 2465/2/2407 2490/2/2407 2487/2/2407 
f 2487/2/2407 2462/2/2407 2465/2/2407 
f 2488/2/2408 2463/2/2408 2466/2/2408 
f 2466/2/2408 2491/2/2408 2488/2/2408 
f 2404/2/2409 2492/2/2409 2489/2/2409 
f 2489/2/2410 2464/2/2410 2404/2/2410 
f 2493/2/2411 2490/2/2411 2465/2/2411 
f 2465/2/2411 2440/2/2411 2493/2/2411 
f 2441/2/2412 2494/2/2412 2491/2/2412 
f 2491/2/2413 2466/2/2413 2441/2/2413 
f 2481/2/2414 2492/2/2414 2404/2/2414 
f 2404/2/2415 2403/2/2415 2481/2/2415 
f 2439/2/2416 2495/2/2416 2493/2/2416 
f 2493/2/2417 2440/2/2417 2439/2/2417 
f 2442/2/2418 2496/2/2418 2494/2/2418 
f 2494/2/2419 2441/2/2419 2442/2/2419 
f 2443/2/2420 2497/2/2420 2495/2/2420 
f 2495/2/2420 2439/2/2420 2443/2/2420 
f 2496/2/2421 2442/2/2421 2444/2/2421 
f 2444/2/2422 2498/2/2422 2496/2/2422 
f 2437/2/2423 2497/2/2423 2443/2/2423 
f 2443/2/2423 2438/2/2423 2437/2/2423 
f 2445/2/2424 2472/2/2424 2498/2/2424 
f 2498/2/2425 2444/2/2425 2445/2/2425 
f 2499/2/2426 2500/2/2426 2501/2/2426 
f 2501/2/2427 2502/2/2427 2499/2/2427 
f 2476/2/2428 2503/2/2428 2504/2/2428 
f 2504/2/2428 2475/2/2428 2476/2/2428 
f 2477/2/2429 2505/2/2429 2470/2/2429 
f 2470/2/2429 2469/2/2429 2477/2/2429 
f 2506/2/2430 2503/2/2430 2476/2/2430 
f 2476/2/2430 2478/2/2430 2506/2/2430 
f 2479/2/2431 2507/2/2431 2505/2/2431 
f 2505/2/2431 2477/2/2431 2479/2/2431 
f 2480/2/2432 2508/2/2432 2506/2/2432 
f 2506/2/2432 2478/2/2432 2480/2/2432 
f 2500/2/2433 2499/2/2433 2481/2/2433 
f 2481/2/2433 2482/2/2433 2500/2/2433 
f 2509/2/2434 2507/2/2434 2479/2/2434 
f 2479/2/2434 2483/2/2434 2509/2/2434 
f 2484/2/2435 2510/2/2435 2508/2/2435 
f 2508/2/2435 2480/2/2435 2484/2/2435 
f 2485/2/2436 2511/2/2436 2500/2/2436 
f 2500/2/2436 2482/2/2436 2485/2/2436 
f 2486/2/2437 2512/2/2437 2509/2/2437 
f 2509/2/2437 2483/2/2437 2486/2/2437 
f 2513/2/2438 2510/2/2438 2484/2/2438 
f 2484/2/2438 2487/2/2438 2513/2/2438 
f 2488/2/2439 2514/2/2439 2511/2/2439 
f 2511/2/2439 2485/2/2439 2488/2/2439 
f 2489/2/2440 2515/2/2440 2512/2/2440 
f 2512/2/2440 2486/2/2440 2489/2/2440 
f 2490/2/2441 2516/2/2441 2513/2/2441 
f 2513/2/2441 2487/2/2441 2490/2/2441 
f 2517/2/2442 2514/2/2442 2488/2/2442 
f 2488/2/2442 2491/2/2442 2517/2/2442 
f 2518/2/2443 2515/2/2443 2489/2/2443 
f 2489/2/2443 2492/2/2443 2518/2/2443 
f 2493/2/2444 2519/2/2444 2516/2/2444 
f 2516/2/2444 2490/2/2444 2493/2/2444 
f 2494/2/2445 2520/2/2445 2517/2/2445 
f 2517/2/2445 2491/2/2445 2494/2/2445 
f 2518/2/2446 2492/2/2446 2481/2/2446 
f 2481/2/2446 2499/2/2446 2518/2/2446 
f 2519/2/2447 2493/2/2447 2495/2/2447 
f 2495/2/2447 2521/2/2447 2519/2/2447 
f 2496/2/2448 2522/2/2448 2520/2/2448 
f 2520/2/2448 2494/2/2448 2496/2/2448 
f 2497/2/2449 2523/2/2449 2521/2/2449 
f 2521/2/2449 2495/2/2449 2497/2/2449 
f 2524/2/2450 2522/2/2450 2496/2/2450 
f 2496/2/2450 2498/2/2450 2524/2/2450 
f 2437/2/2451 2525/2/2451 2523/2/2451 
f 2523/2/2451 2497/2/2451 2437/2/2451 
f 2472/2/2452 2526/2/2452 2524/2/2452 
f 2524/2/2452 2498/2/2452 2472/2/2452 
f 2525/2/2453 2437/2/2453 2436/2/2453 
f 2436/2/2453 2527/2/2453 2525/2/2453 
f 2471/2/2454 2528/2/2454 2526/2/2454 
f 2526/2/2454 2472/2/2454 2471/2/2454 
f 2473/2/2455 2529/2/2455 2527/2/2455 
f 2527/2/2455 2436/2/2455 2473/2/2455 
f 2530/2/2456 2528/2/2456 2471/2/2456 
f 2471/2/2456 2474/2/2456 2530/2/2456 
f 2468/2/2457 2467/2/2457 2529/2/2457 
f 2529/2/2457 2473/2/2457 2468/2/2457 
f 2475/2/2458 2504/2/2458 2530/2/2458 
f 2530/2/2458 2474/2/2458 2475/2/2458 
f 2531/2/2459 2532/2/2459 2533/2/2459 
f 2533/2/2460 2534/2/2460 2531/2/2460 
f 2509/2/2461 2535/2/2461 2536/2/2461 
f 2536/2/2462 2507/2/2462 2509/2/2462 
f 2510/2/2463 2537/2/2463 2538/2/2463 
f 2538/2/2464 2508/2/2464 2510/2/2464 
f 2511/2/2465 2539/2/2465 2501/2/2465 
f 2501/2/2466 2500/2/2466 2511/2/2466 
f 2540/2/2467 2535/2/2467 2509/2/2467 
f 2509/2/2468 2512/2/2468 2540/2/2468 
f 2513/2/2469 2541/2/2469 2537/2/2469 
f 2537/2/2470 2510/2/2470 2513/2/2470 
f 2514/2/2471 2534/2/2471 2539/2/2471 
f 2539/2/2472 2511/2/2472 2514/2/2472 
f 2515/2/2473 2542/2/2473 2540/2/2473 
f 2540/2/2473 2512/2/2473 2515/2/2473 
f 2541/2/2474 2513/2/2474 2516/2/2474 
f 2516/2/2475 2543/2/2475 2541/2/2475 
f 2517/2/2476 2531/2/2476 2534/2/2476 
f 2534/2/2476 2514/2/2476 2517/2/2476 
f 2518/2/2477 2544/2/2477 2542/2/2477 
f 2542/2/2478 2515/2/2478 2518/2/2478 
f 2519/2/2479 2545/2/2479 2543/2/2479 
f 2543/2/2480 2516/2/2480 2519/2/2480 
f 2531/2/2481 2517/2/2481 2520/2/2481 
f 2520/2/2482 2546/2/2482 2531/2/2482 
f 2544/2/2483 2518/2/2483 2499/2/2483 
f 2499/2/2484 2502/2/2484 2544/2/2484 
f 2521/2/2485 2547/2/2485 2545/2/2485 
f 2545/2/2486 2519/2/2486 2521/2/2486 
f 2522/2/2487 2548/2/2487 2546/2/2487 
f 2546/2/2488 2520/2/2488 2522/2/2488 
f 2549/2/2489 2547/2/2489 2521/2/2489 
f 2521/2/2490 2523/2/2490 2549/2/2490 
f 2524/2/2491 2550/2/2491 2548/2/2491 
f 2548/2/2492 2522/2/2492 2524/2/2492 
f 2525/2/2493 2551/2/2493 2549/2/2493 
f 2549/2/2493 2523/2/2493 2525/2/2493 
f 2552/2/2494 2550/2/2494 2524/2/2494 
f 2524/2/2494 2526/2/2494 2552/2/2494 
f 2527/2/2495 2553/2/2495 2551/2/2495 
f 2551/2/2496 2525/2/2496 2527/2/2496 
f 2528/2/2497 2554/2/2497 2552/2/2497 
f 2552/2/2498 2526/2/2498 2528/2/2498 
f 2553/2/2499 2527/2/2499 2529/2/2499 
f 2529/2/2500 2555/2/2500 2553/2/2500 
f 2530/2/2501 2556/2/2501 2554/2/2501 
f 2554/2/2502 2528/2/2502 2530/2/2502 
f 2467/2/2503 2557/2/2503 2555/2/2503 
f 2555/2/2504 2529/2/2504 2467/2/2504 
f 2558/2/2505 2556/2/2505 2530/2/2505 
f 2530/2/2506 2504/2/2506 2558/2/2506 
f 2470/2/2507 2559/2/2507 2557/2/2507 
f 2557/2/2508 2467/2/2508 2470/2/2508 
f 2503/2/2509 2560/2/2509 2558/2/2509 
f 2558/2/2509 2504/2/2509 2503/2/2509 
f 2561/2/2510 2559/2/2510 2470/2/2510 
f 2470/2/2511 2505/2/2511 2561/2/2511 
f 2506/2/2512 2562/2/2512 2560/2/2512 
f 2560/2/2513 2503/2/2513 2506/2/2513 
f 2507/2/2514 2536/2/2514 2561/2/2514 
f 2561/2/2515 2505/2/2515 2507/2/2515 
f 2562/2/2516 2506/2/2516 2508/2/2516 
f 2508/2/2517 2538/2/2517 2562/2/2517 
f 2563/2/2518 2564/2/2518 2565/2/2518 
f 2565/2/2518 2566/2/2518 2563/2/2518 
f 2544/2/2519 2567/2/2519 2568/2/2519 
f 2568/2/2520 2542/2/2520 2544/2/2520 
f 2569/2/2521 2570/2/2521 2543/2/2521 
f 2543/2/2521 2545/2/2521 2569/2/2521 
f 2546/2/2522 2571/2/2522 2532/2/2522 
f 2532/2/2523 2531/2/2523 2546/2/2523 
f 2572/2/2524 2567/2/2524 2544/2/2524 
f 2544/2/2525 2502/2/2525 2572/2/2525 
f 2547/2/2526 2573/2/2526 2569/2/2526 
f 2569/2/2526 2545/2/2526 2547/2/2526 
f 2571/2/2527 2546/2/2527 2548/2/2527 
f 2548/2/2528 2565/2/2528 2571/2/2528 
f 2549/2/2529 2574/2/2529 2573/2/2529 
f 2573/2/2530 2547/2/2530 2549/2/2530 
f 2550/2/2531 2566/2/2531 2565/2/2531 
f 2565/2/2532 2548/2/2532 2550/2/2532 
f 2575/2/2533 2574/2/2533 2549/2/2533 
f 2549/2/2534 2551/2/2534 2575/2/2534 
f 2552/2/2535 2576/2/2535 2566/2/2535 
f 2566/2/2536 2550/2/2536 2552/2/2536 
f 2553/2/2537 2577/2/2537 2575/2/2537 
f 2575/2/2537 2551/2/2537 2553/2/2537 
f 2578/2/2538 2576/2/2538 2552/2/2538 
f 2552/2/2539 2554/2/2539 2578/2/2539 
f 2555/2/2540 2579/2/2540 2577/2/2540 
f 2577/2/2541 2553/2/2541 2555/2/2541 
f 2556/2/2542 2580/2/2542 2578/2/2542 
f 2578/2/2543 2554/2/2543 2556/2/2543 
f 2581/2/2544 2579/2/2544 2555/2/2544 
f 2555/2/2545 2557/2/2545 2581/2/2545 
f 2558/2/2546 2582/2/2546 2580/2/2546 
f 2580/2/2547 2556/2/2547 2558/2/2547 
f 2559/2/2548 2583/2/2548 2581/2/2548 
f 2581/2/2549 2557/2/2549 2559/2/2549 
f 2584/2/2550 2582/2/2550 2558/2/2550 
f 2558/2/2551 2560/2/2551 2584/2/2551 
f 2561/2/2552 2585/2/2552 2583/2/2552 
f 2583/2/2552 2559/2/2552 2561/2/2552 
f 2562/2/2553 2586/2/2553 2584/2/2553 
f 2584/2/2554 2560/2/2554 2562/2/2554 
f 2587/2/2555 2585/2/2555 2561/2/2555 
f 2561/2/2556 2536/2/2556 2587/2/2556 
f 2538/2/2557 2588/2/2557 2586/2/2557 
f 2586/2/2558 2562/2/2558 2538/2/2558 
f 2502/2/2559 2501/2/2559 2589/2/2559 
f 2589/2/2560 2572/2/2560 2502/2/2560 
f 2535/2/2561 2590/2/2561 2587/2/2561 
f 2587/2/2562 2536/2/2562 2535/2/2562 
f 2591/2/2563 2588/2/2563 2538/2/2563 
f 2538/2/2564 2537/2/2564 2591/2/2564 
f 2592/2/2565 2589/2/2565 2501/2/2565 
f 2501/2/2566 2539/2/2566 2592/2/2566 
f 2540/2/2567 2593/2/2567 2590/2/2567 
f 2590/2/2568 2535/2/2568 2540/2/2568 
f 2541/2/2569 2594/2/2569 2591/2/2569 
f 2591/2/2570 2537/2/2570 2541/2/2570 
f 2533/2/2571 2592/2/2571 2539/2/2571 
f 2539/2/2572 2534/2/2572 2533/2/2572 
f 2568/2/2573 2593/2/2573 2540/2/2573 
f 2540/2/2574 2542/2/2574 2568/2/2574 
f 2543/2/2575 2570/2/2575 2594/2/2575 
f 2594/2/2576 2541/2/2576 2543/2/2576 
f 2595/2/2577 2596/2/2577 2597/2/2577 
f 2597/2/2578 2598/2/2578 2595/2/2578 
f 2575/2/2579 2599/2/2579 2600/2/2579 
f 2600/2/2579 2574/2/2579 2575/2/2579 
f 2576/2/2580 2601/2/2580 2563/2/2580 
f 2563/2/2580 2566/2/2580 2576/2/2580 
f 2599/2/2581 2575/2/2581 2577/2/2581 
f 2577/2/2581 2602/2/2581 2599/2/2581 
f 2578/2/2582 2598/2/2582 2601/2/2582 
f 2601/2/2582 2576/2/2582 2578/2/2582 
f 2579/2/2583 2603/2/2583 2602/2/2583 
f 2602/2/2583 2577/2/2583 2579/2/2583 
f 2595/2/2584 2598/2/2584 2578/2/2584 
f 2578/2/2584 2580/2/2584 2595/2/2584 
f 2581/2/2585 2604/2/2585 2603/2/2585 
f 2603/2/2586 2579/2/2586 2581/2/2586 
f 2582/2/2587 2605/2/2587 2595/2/2587 
f 2595/2/2587 2580/2/2587 2582/2/2587 
f 2606/2/2588 2604/2/2588 2581/2/2588 
f 2581/2/2588 2583/2/2588 2606/2/2588 
f 2584/2/2589 2607/2/2589 2605/2/2589 
f 2605/2/2589 2582/2/2589 2584/2/2589 
f 2585/2/2590 2608/2/2590 2606/2/2590 
f 2606/2/2590 2583/2/2590 2585/2/2590 
f 2609/2/2591 2607/2/2591 2584/2/2591 
f 2584/2/2591 2586/2/2591 2609/2/2591 
f 2587/2/2592 2610/2/2592 2608/2/2592 
f 2608/2/2592 2585/2/2592 2587/2/2592 
f 2588/2/2593 2611/2/2593 2609/2/2593 
f 2609/2/2593 2586/2/2593 2588/2/2593 
f 2612/2/2594 2613/2/2594 2572/2/2594 
f 2572/2/2594 2589/2/2594 2612/2/2594 
f 2614/2/2595 2610/2/2595 2587/2/2595 
f 2587/2/2595 2590/2/2595 2614/2/2595 
f 2591/2/2596 2615/2/2596 2611/2/2596 
f 2611/2/2596 2588/2/2596 2591/2/2596 
f 2592/2/2597 2616/2/2597 2612/2/2597 
f 2612/2/2597 2589/2/2597 2592/2/2597 
f 2593/2/2598 2617/2/2598 2614/2/2598 
f 2614/2/2598 2590/2/2598 2593/2/2598 
f 2615/2/2599 2591/2/2599 2594/2/2599 
f 2594/2/2599 2618/2/2599 2615/2/2599 
f 2533/2/2600 2619/2/2600 2616/2/2600 
f 2616/2/2600 2592/2/2600 2533/2/2600 
f 2568/2/2601 2620/2/2601 2617/2/2601 
f 2617/2/2601 2593/2/2601 2568/2/2601 
f 2570/2/2602 2621/2/2602 2618/2/2602 
f 2618/2/2602 2594/2/2602 2570/2/2602 
f 2622/2/2603 2619/2/2603 2533/2/2603 
f 2533/2/2603 2532/2/2603 2622/2/2603 
f 2623/2/2604 2620/2/2604 2568/2/2604 
f 2568/2/2604 2567/2/2604 2623/2/2604 
f 2569/2/2605 2624/2/2605 2621/2/2605 
f 2621/2/2605 2570/2/2605 2569/2/2605 
f 2571/2/2606 2625/2/2606 2622/2/2606 
f 2622/2/2606 2532/2/2606 2571/2/2606 
f 2613/2/2607 2623/2/2607 2567/2/2607 
f 2567/2/2607 2572/2/2607 2613/2/2607 
f 2624/2/2608 2569/2/2608 2573/2/2608 
f 2573/2/2608 2626/2/2608 2624/2/2608 
f 2565/2/2609 2564/2/2609 2625/2/2609 
f 2625/2/2609 2571/2/2609 2565/2/2609 
f 2574/2/2610 2600/2/2610 2626/2/2610 
f 2626/2/2610 2573/2/2610 2574/2/2610 
f 2627/2/2611 2628/2/2611 2629/2/2611 
f 2629/2/2612 2630/2/2612 2627/2/2612 
f 2604/2/2613 2631/2/2613 2632/2/2613 
f 2632/2/2614 2603/2/2614 2604/2/2614 
f 2633/2/2615 2596/2/2615 2595/2/2615 
f 2595/2/2616 2605/2/2616 2633/2/2616 
f 2606/2/2617 2634/2/2617 2631/2/2617 
f 2631/2/2617 2604/2/2617 2606/2/2617 
f 2607/2/2618 2630/2/2618 2633/2/2618 
f 2633/2/2619 2605/2/2619 2607/2/2619 
f 2634/2/2620 2606/2/2620 2608/2/2620 
f 2608/2/2621 2635/2/2621 2634/2/2621 
f 2609/2/2622 2627/2/2622 2630/2/2622 
f 2630/2/2623 2607/2/2623 2609/2/2623 
f 2610/2/2624 2636/2/2624 2635/2/2624 
f 2635/2/2625 2608/2/2625 2610/2/2625 
f 2627/2/2626 2609/2/2626 2611/2/2626 
f 2611/2/2626 2637/2/2626 2627/2/2626 
f 2613/2/2627 2612/2/2627 2638/2/2627 
f 2638/2/2628 2639/2/2628 2613/2/2628 
f 2614/2/2629 2640/2/2629 2636/2/2629 
f 2636/2/2630 2610/2/2630 2614/2/2630 
f 2615/2/2631 2641/2/2631 2637/2/2631 
f 2637/2/2632 2611/2/2632 2615/2/2632 
f 2616/2/2633 2642/2/2633 2638/2/2633 
f 2638/2/2634 2612/2/2634 2616/2/2634 
f 2643/2/2635 2640/2/2635 2614/2/2635 
f 2614/2/2636 2617/2/2636 2643/2/2636 
f 2618/2/2637 2644/2/2637 2641/2/2637 
f 2641/2/2638 2615/2/2638 2618/2/2638 
f 2619/2/2639 2645/2/2639 2642/2/2639 
f 2642/2/2640 2616/2/2640 2619/2/2640 
f 2620/2/2641 2646/2/2641 2643/2/2641 
f 2643/2/2642 2617/2/2642 2620/2/2642 
f 2647/2/2643 2644/2/2643 2618/2/2643 
f 2618/2/2644 2621/2/2644 2647/2/2644 
f 2622/2/2645 2648/2/2645 2645/2/2645 
f 2645/2/2646 2619/2/2646 2622/2/2646 
f 2623/2/2647 2649/2/2647 2646/2/2647 
f 2646/2/2648 2620/2/2648 2623/2/2648 
f 2624/2/2649 2650/2/2649 2647/2/2649 
f 2647/2/2650 2621/2/2650 2624/2/2650 
f 2648/2/2651 2622/2/2651 2625/2/2651 
f 2625/2/2652 2651/2/2652 2648/2/2652 
f 2639/2/2653 2649/2/2653 2623/2/2653 
f 2623/2/2654 2613/2/2654 2639/2/2654 
f 2626/2/2655 2652/2/2655 2650/2/2655 
f 2650/2/2656 2624/2/2656 2626/2/2656 
f 2564/2/2657 2653/2/2657 2651/2/2657 
f 2651/2/2658 2625/2/2658 2564/2/2658 
f 2654/2/2659 2652/2/2659 2626/2/2659 
f 2626/2/2660 2600/2/2660 2654/2/2660 
f 2563/2/2661 2655/2/2661 2653/2/2661 
f 2653/2/2662 2564/2/2662 2563/2/2662 
f 2599/2/2663 2656/2/2663 2654/2/2663 
f 2654/2/2664 2600/2/2664 2599/2/2664 
f 2657/2/2665 2655/2/2665 2563/2/2665 
f 2563/2/2666 2601/2/2666 2657/2/2666 
f 2602/2/2667 2658/2/2667 2656/2/2667 
f 2656/2/2668 2599/2/2668 2602/2/2668 
f 2598/2/2669 2597/2/2669 2657/2/2669 
f 2657/2/2670 2601/2/2670 2598/2/2670 
f 2658/2/2671 2602/2/2671 2603/2/2671 
f 2603/2/2672 2632/2/2672 2658/2/2672 
f 2659/2/2673 2660/2/2673 2661/2/2673 
f 2661/2/2673 2662/2/2673 2659/2/2673 
f 2635/2/2674 2636/2/2674 2663/2/2674 
f 2663/2/2675 2664/2/2675 2635/2/2675 
f 2637/2/2676 2665/2/2676 2628/2/2676 
f 2628/2/2677 2627/2/2677 2637/2/2677 
f 2639/2/2678 2638/2/2678 2666/2/2678 
f 2666/2/2678 2667/2/2678 2639/2/2678 
f 2663/2/2679 2636/2/2679 2640/2/2679 
f 2640/2/2679 2668/2/2679 2663/2/2679 
f 2637/2/2680 2641/2/2680 2662/2/2680 
f 2662/2/2681 2665/2/2681 2637/2/2681 
f 2666/2/2682 2638/2/2682 2642/2/2682 
f 2642/2/2683 2669/2/2683 2666/2/2683 
f 2643/2/2684 2670/2/2684 2668/2/2684 
f 2668/2/2685 2640/2/2685 2643/2/2685 
f 2662/2/2686 2641/2/2686 2644/2/2686 
f 2644/2/2687 2659/2/2687 2662/2/2687 
f 2671/2/2688 2669/2/2688 2642/2/2688 
f 2642/2/2689 2645/2/2689 2671/2/2689 
f 2643/2/2690 2646/2/2690 2672/2/2690 
f 2672/2/2691 2670/2/2691 2643/2/2691 
f 2647/2/2692 2673/2/2692 2659/2/2692 
f 2659/2/2692 2644/2/2692 2647/2/2692 
f 2648/2/2693 2674/2/2693 2671/2/2693 
f 2671/2/2694 2645/2/2694 2648/2/2694 
f 2672/2/2695 2646/2/2695 2649/2/2695 
f 2649/2/2696 2675/2/2696 2672/2/2696 
f 2647/2/2697 2650/2/2697 2676/2/2697 
f 2676/2/2698 2673/2/2698 2647/2/2698 
f 2651/2/2699 2677/2/2699 2674/2/2699 
f 2674/2/2699 2648/2/2699 2651/2/2699 
f 2649/2/2700 2639/2/2700 2667/2/2700 
f 2667/2/2700 2675/2/2700 2649/2/2700 
f 2676/2/2701 2650/2/2701 2652/2/2701 
f 2652/2/2702 2678/2/2702 2676/2/2702 
f 2679/2/2703 2677/2/2703 2651/2/2703 
f 2651/2/2704 2653/2/2704 2679/2/2704 
f 2654/2/2705 2680/2/2705 2678/2/2705 
f 2678/2/2705 2652/2/2705 2654/2/2705 
f 2655/2/2706 2681/2/2706 2679/2/2706 
f 2679/2/2707 2653/2/2707 2655/2/2707 
f 2654/2/2708 2656/2/2708 2682/2/2708 
f 2682/2/2709 2680/2/2709 2654/2/2709 
f 2657/2/2710 2683/2/2710 2681/2/2710 
f 2681/2/2710 2655/2/2710 2657/2/2710 
f 2682/2/2711 2656/2/2711 2658/2/2711 
f 2658/2/2712 2684/2/2712 2682/2/2712 
f 2657/2/2713 2597/2/2713 2685/2/2713 
f 2685/2/2714 2683/2/2714 2657/2/2714 
f 2632/2/2715 2686/2/2715 2684/2/2715 
f 2684/2/2715 2658/2/2715 2632/2/2715 
f 2685/2/2716 2597/2/2716 2596/2/2716 
f 2596/2/2716 2687/2/2716 2685/2/2716 
f 2632/2/2717 2631/2/2717 2688/2/2717 
f 2688/2/2718 2686/2/2718 2632/2/2718 
f 2689/2/2719 2687/2/2719 2596/2/2719 
f 2596/2/2720 2633/2/2720 2689/2/2720 
f 2688/2/2721 2631/2/2721 2634/2/2721 
f 2634/2/2722 2690/2/2722 2688/2/2722 
f 2689/2/2723 2633/2/2723 2630/2/2723 
f 2630/2/2723 2629/2/2723 2689/2/2723 
f 2635/2/2724 2664/2/2724 2690/2/2724 
f 2690/2/2724 2634/2/2724 2635/2/2724 
f 2691/2/2725 2692/2/2725 2693/2/2725 
f 2693/2/2725 2694/2/2725 2691/2/2725 
f 2671/2/2726 2695/2/2726 2696/2/2726 
f 2696/2/2726 2669/2/2726 2671/2/2726 
f 2672/2/2727 2697/2/2727 2698/2/2727 
f 2698/2/2727 2670/2/2727 2672/2/2727 
f 2660/2/2728 2659/2/2728 2673/2/2728 
f 2673/2/2728 2699/2/2728 2660/2/2728 
f 2671/2/2729 2674/2/2729 2700/2/2729 
f 2700/2/2729 2695/2/2729 2671/2/2729 
f 2675/2/2730 2701/2/2730 2697/2/2730 
f 2697/2/2730 2672/2/2730 2675/2/2730 
f 2676/2/2731 2694/2/2731 2699/2/2731 
f 2699/2/2731 2673/2/2731 2676/2/2731 
f 2700/2/2732 2674/2/2732 2677/2/2732 
f 2677/2/2732 2702/2/2732 2700/2/2732 
f 2703/2/2733 2701/2/2733 2675/2/2733 
f 2675/2/2733 2667/2/2733 2703/2/2733 
f 2678/2/2734 2691/2/2734 2694/2/2734 
f 2694/2/2734 2676/2/2734 2678/2/2734 
f 2679/2/2735 2704/2/2735 2702/2/2735 
f 2702/2/2735 2677/2/2735 2679/2/2735 
f 2691/2/2736 2678/2/2736 2680/2/2736 
f 2680/2/2736 2705/2/2736 2691/2/2736 
f 2679/2/2737 2681/2/2737 2706/2/2737 
f 2706/2/2737 2704/2/2737 2679/2/2737 
f 2682/2/2738 2707/2/2738 2705/2/2738 
f 2705/2/2738 2680/2/2738 2682/2/2738 
f 2706/2/2739 2681/2/2739 2683/2/2739 
f 2683/2/2739 2708/2/2739 2706/2/2739 
f 2684/2/2740 2709/2/2740 2707/2/2740 
f 2707/2/2740 2682/2/2740 2684/2/2740 
f 2685/2/2741 2710/2/2741 2708/2/2741 
f 2708/2/2741 2683/2/2741 2685/2/2741 
f 2709/2/2742 2684/2/2742 2686/2/2742 
f 2686/2/2742 2711/2/2742 2709/2/2742 
f 2687/2/2743 2712/2/2743 2710/2/2743 
f 2710/2/2743 2685/2/2743 2687/2/2743 
f 2688/2/2744 2713/2/2744 2711/2/2744 
f 2711/2/2745 2686/2/2745 2688/2/2745 
f 2687/2/2746 2689/2/2746 2714/2/2746 
f 2714/2/2746 2712/2/2746 2687/2/2746 
f 2690/2/2747 2715/2/2747 2713/2/2747 
f 2713/2/2748 2688/2/2748 2690/2/2748 
f 2716/2/2749 2714/2/2749 2689/2/2749 
f 2689/2/2749 2629/2/2749 2716/2/2749 
f 2715/2/2750 2690/2/2750 2664/2/2750 
f 2664/2/2750 2717/2/2750 2715/2/2750 
f 2716/2/2751 2629/2/2751 2628/2/2751 
f 2628/2/2751 2718/2/2751 2716/2/2751 
f 2663/2/2752 2719/2/2752 2717/2/2752 
f 2717/2/2752 2664/2/2752 2663/2/2752 
f 2718/2/2753 2628/2/2753 2665/2/2753 
f 2665/2/2753 2720/2/2753 2718/2/2753 
f 2666/2/2754 2721/2/2754 2703/2/2754 
f 2703/2/2754 2667/2/2754 2666/2/2754 
f 2668/2/2755 2722/2/2755 2719/2/2755 
f 2719/2/2755 2663/2/2755 2668/2/2755 
f 2662/2/2756 2661/2/2756 2720/2/2756 
f 2720/2/2756 2665/2/2756 2662/2/2756 
f 2721/2/2757 2666/2/2757 2669/2/2757 
f 2669/2/2757 2696/2/2757 2721/2/2757 
f 2722/2/2758 2668/2/2758 2670/2/2758 
f 2670/2/2758 2698/2/2758 2722/2/2758 
f 2723/2/2759 2724/2/2759 2725/2/2759 
f 2725/2/2759 2726/2/2759 2723/2/2759 
f 2727/2/2760 2702/2/2760 2704/2/2760 
f 2704/2/2761 2728/2/2761 2727/2/2761 
f 2705/2/2762 2729/2/2762 2692/2/2762 
f 2692/2/2762 2691/2/2762 2705/2/2762 
f 2706/2/2763 2730/2/2763 2728/2/2763 
f 2728/2/2764 2704/2/2764 2706/2/2764 
f 2729/2/2765 2705/2/2765 2707/2/2765 
f 2707/2/2766 2726/2/2766 2729/2/2766 
f 2708/2/2767 2731/2/2767 2730/2/2767 
f 2730/2/2768 2706/2/2768 2708/2/2768 
f 2709/2/2769 2723/2/2769 2726/2/2769 
f 2726/2/2770 2707/2/2770 2709/2/2770 
f 2731/2/2771 2708/2/2771 2710/2/2771 
f 2710/2/2772 2732/2/2772 2731/2/2772 
f 2711/2/2773 2733/2/2773 2723/2/2773 
f 2723/2/2774 2709/2/2774 2711/2/2774 
f 2712/2/2775 2734/2/2775 2732/2/2775 
f 2732/2/2776 2710/2/2776 2712/2/2776 
f 2733/2/2777 2711/2/2777 2713/2/2777 
f 2713/2/2777 2735/2/2777 2733/2/2777 
f 2714/2/2778 2736/2/2778 2734/2/2778 
f 2734/2/2778 2712/2/2778 2714/2/2778 
f 2715/2/2779 2737/2/2779 2735/2/2779 
f 2735/2/2780 2713/2/2780 2715/2/2780 
f 2736/2/2781 2714/2/2781 2716/2/2781 
f 2716/2/2781 2738/2/2781 2736/2/2781 
f 2717/2/2782 2739/2/2782 2737/2/2782 
f 2737/2/2782 2715/2/2782 2717/2/2782 
f 2718/2/2783 2740/2/2783 2738/2/2783 
f 2738/2/2784 2716/2/2784 2718/2/2784 
f 2739/2/2785 2717/2/2785 2719/2/2785 
f 2719/2/2786 2741/2/2786 2739/2/2786 
f 2720/2/2787 2742/2/2787 2740/2/2787 
f 2740/2/2788 2718/2/2788 2720/2/2788 
f 2703/2/2789 2721/2/2789 2743/2/2789 
f 2743/2/2790 2744/2/2790 2703/2/2790 
f 2722/2/2791 2745/2/2791 2741/2/2791 
f 2741/2/2792 2719/2/2792 2722/2/2792 
f 2742/2/2793 2720/2/2793 2661/2/2793 
f 2661/2/2794 2746/2/2794 2742/2/2794 
f 2696/2/2795 2747/2/2795 2743/2/2795 
f 2743/2/2796 2721/2/2796 2696/2/2796 
f 2698/2/2797 2748/2/2797 2745/2/2797 
f 2745/2/2798 2722/2/2798 2698/2/2798 
f 2660/2/2799 2749/2/2799 2746/2/2799 
f 2746/2/2799 2661/2/2799 2660/2/2799 
f 2747/2/2800 2696/2/2800 2695/2/2800 
f 2695/2/2800 2750/2/2800 2747/2/2800 
f 2748/2/2801 2698/2/2801 2697/2/2801 
f 2697/2/2802 2751/2/2802 2748/2/2802 
f 2699/2/2803 2752/2/2803 2749/2/2803 
f 2749/2/2804 2660/2/2804 2699/2/2804 
f 2700/2/2805 2753/2/2805 2750/2/2805 
f 2750/2/2806 2695/2/2806 2700/2/2806 
f 2701/2/2807 2754/2/2807 2751/2/2807 
f 2751/2/2808 2697/2/2808 2701/2/2808 
f 2752/2/2809 2699/2/2809 2694/2/2809 
f 2694/2/2810 2693/2/2810 2752/2/2810 
f 2702/2/2811 2727/2/2811 2753/2/2811 
f 2753/2/2812 2700/2/2812 2702/2/2812 
f 2744/2/2813 2754/2/2813 2701/2/2813 
f 2701/2/2814 2703/2/2814 2744/2/2814 
f 2755/2/2815 2756/2/2815 2757/2/2815 
f 2757/2/2815 2758/2/2815 2755/2/2815 
f 2732/2/2816 2759/2/2816 2760/2/2816 
f 2760/2/2816 2731/2/2816 2732/2/2816 
f 2733/2/2817 2761/2/2817 2724/2/2817 
f 2724/2/2817 2723/2/2817 2733/2/2817 
f 2734/2/2818 2762/2/2818 2759/2/2818 
f 2759/2/2818 2732/2/2818 2734/2/2818 
f 2735/2/2819 2758/2/2819 2761/2/2819 
f 2761/2/2820 2733/2/2820 2735/2/2820 
f 2763/2/2821 2762/2/2821 2734/2/2821 
f 2734/2/2821 2736/2/2821 2763/2/2821 
f 2737/2/2822 2755/2/2822 2758/2/2822 
f 2758/2/2823 2735/2/2823 2737/2/2823 
f 2738/2/2824 2764/2/2824 2763/2/2824 
f 2763/2/2825 2736/2/2825 2738/2/2825 
f 2765/2/2826 2755/2/2826 2737/2/2826 
f 2737/2/2826 2739/2/2826 2765/2/2826 
f 2764/2/2827 2738/2/2827 2740/2/2827 
f 2740/2/2827 2766/2/2827 2764/2/2827 
f 2767/2/2828 2765/2/2828 2739/2/2828 
f 2739/2/2828 2741/2/2828 2767/2/2828 
f 2742/2/2829 2768/2/2829 2766/2/2829 
f 2766/2/2829 2740/2/2829 2742/2/2829 
f 2769/2/2830 2744/2/2830 2743/2/2830 
f 2743/2/2830 2770/2/2830 2769/2/2830 
f 2771/2/2831 2767/2/2831 2741/2/2831 
f 2741/2/2831 2745/2/2831 2771/2/2831 
f 2746/2/2832 2772/2/2832 2768/2/2832 
f 2768/2/2833 2742/2/2833 2746/2/2833 
f 2770/2/2834 2743/2/2834 2747/2/2834 
f 2747/2/2834 2773/2/2834 2770/2/2834 
f 2771/2/2835 2745/2/2835 2748/2/2835 
f 2748/2/2836 2774/2/2836 2771/2/2836 
f 2749/2/2837 2775/2/2837 2772/2/2837 
f 2772/2/2838 2746/2/2838 2749/2/2838 
f 2750/2/2839 2776/2/2839 2773/2/2839 
f 2773/2/2840 2747/2/2840 2750/2/2840 
f 2751/2/2841 2777/2/2841 2774/2/2841 
f 2774/2/2841 2748/2/2841 2751/2/2841 
f 2752/2/2842 2778/2/2842 2775/2/2842 
f 2775/2/2843 2749/2/2843 2752/2/2843 
f 2776/2/2844 2750/2/2844 2753/2/2844 
f 2753/2/2844 2779/2/2844 2776/2/2844 
f 2754/2/2845 2780/2/2845 2777/2/2845 
f 2777/2/2845 2751/2/2845 2754/2/2845 
f 2693/2/2846 2781/2/2846 2778/2/2846 
f 2778/2/2846 2752/2/2846 2693/2/2846 
f 2727/2/2847 2782/2/2847 2779/2/2847 
f 2779/2/2848 2753/2/2848 2727/2/2848 
f 2769/2/2849 2780/2/2849 2754/2/2849 
f 2754/2/2850 2744/2/2850 2769/2/2850 
f 2692/2/2851 2783/2/2851 2781/2/2851 
f 2781/2/2852 2693/2/2852 2692/2/2852 
f 2728/2/2853 2784/2/2853 2782/2/2853 
f 2782/2/2853 2727/2/2853 2728/2/2853 
f 2729/2/2854 2785/2/2854 2783/2/2854 
f 2783/2/2855 2692/2/2855 2729/2/2855 
f 2784/2/2856 2728/2/2856 2730/2/2856 
f 2730/2/2857 2786/2/2857 2784/2/2857 
f 2726/2/2858 2725/2/2858 2785/2/2858 
f 2785/2/2859 2729/2/2859 2726/2/2859 
f 2760/2/2860 2786/2/2860 2730/2/2860 
f 2730/2/2861 2731/2/2861 2760/2/2861 
f 2787/2/2862 2788/2/2862 2789/2/2862 
f 2789/2/2862 2790/2/2862 2787/2/2862 
f 2791/2/2863 2792/2/2863 2763/2/2863 
f 2763/2/2863 2764/2/2863 2791/2/2863 
f 2793/2/2864 2756/2/2864 2755/2/2864 
f 2755/2/2864 2765/2/2864 2793/2/2864 
f 2766/2/2865 2794/2/2865 2791/2/2865 
f 2791/2/2865 2764/2/2865 2766/2/2865 
f 2795/2/2866 2793/2/2866 2765/2/2866 
f 2765/2/2866 2767/2/2866 2795/2/2866 
f 2768/2/2867 2796/2/2867 2794/2/2867 
f 2794/2/2867 2766/2/2867 2768/2/2867 
f 2769/2/2868 2770/2/2868 2797/2/2868 
f 2797/2/2868 2798/2/2868 2769/2/2868 
f 2771/2/2869 2799/2/2869 2795/2/2869 
f 2795/2/2869 2767/2/2869 2771/2/2869 
f 2796/2/2870 2768/2/2870 2772/2/2870 
f 2772/2/2870 2800/2/2870 2796/2/2870 
f 2773/2/2871 2801/2/2871 2797/2/2871 
f 2797/2/2871 2770/2/2871 2773/2/2871 
f 2799/2/2872 2771/2/2872 2774/2/2872 
f 2774/2/2872 2802/2/2872 2799/2/2872 
f 2775/2/2873 2803/2/2873 2800/2/2873 
f 2800/2/2873 2772/2/2873 2775/2/2873 
f 2776/2/2874 2804/2/2874 2801/2/2874 
f 2801/2/2874 2773/2/2874 2776/2/2874 
f 2805/2/2875 2802/2/2875 2774/2/2875 
f 2774/2/2875 2777/2/2875 2805/2/2875 
f 2806/2/2876 2803/2/2876 2775/2/2876 
f 2775/2/2876 2778/2/2876 2806/2/2876 
f 2779/2/2877 2807/2/2877 2804/2/2877 
f 2804/2/2877 2776/2/2877 2779/2/2877 
f 2780/2/2878 2808/2/2878 2805/2/2878 
f 2805/2/2878 2777/2/2878 2780/2/2878 
f 2806/2/2879 2778/2/2879 2781/2/2879 
f 2781/2/2879 2789/2/2879 2806/2/2879 
f 2782/2/2880 2809/2/2880 2807/2/2880 
f 2807/2/2880 2779/2/2880 2782/2/2880 
f 2798/2/2881 2808/2/2881 2780/2/2881 
f 2780/2/2881 2769/2/2881 2798/2/2881 
f 2783/2/2882 2790/2/2882 2789/2/2882 
f 2789/2/2882 2781/2/2882 2783/2/2882 
f 2809/2/2883 2782/2/2883 2784/2/2883 
f 2784/2/2883 2810/2/2883 2809/2/2883 
f 2790/2/2884 2783/2/2884 2785/2/2884 
f 2785/2/2884 2811/2/2884 2790/2/2884 
f 2786/2/2885 2812/2/2885 2810/2/2885 
f 2810/2/2885 2784/2/2885 2786/2/2885 
f 2811/2/2886 2785/2/2886 2725/2/2886 
f 2725/2/2886 2813/2/2886 2811/2/2886 
f 2814/2/2887 2812/2/2887 2786/2/2887 
f 2786/2/2887 2760/2/2887 2814/2/2887 
f 2815/2/2888 2813/2/2888 2725/2/2888 
f 2725/2/2888 2724/2/2888 2815/2/2888 
f 2816/2/2889 2814/2/2889 2760/2/2889 
f 2760/2/2889 2759/2/2889 2816/2/2889 
f 2761/2/2890 2817/2/2890 2815/2/2890 
f 2815/2/2890 2724/2/2890 2761/2/2890 
f 2762/2/2891 2818/2/2891 2816/2/2891 
f 2816/2/2891 2759/2/2891 2762/2/2891 
f 2817/2/2892 2761/2/2892 2758/2/2892 
f 2758/2/2893 2757/2/2893 2817/2/2893 
f 2762/2/2894 2763/2/2894 2792/2/2894 
f 2792/2/2894 2818/2/2894 2762/2/2894 
f 2819/2/2895 2820/2/2895 2821/2/2895 
f 2821/2/2895 2822/2/2895 2819/2/2895 
f 2809/2/2896 2810/2/2896 2823/2/2896 
f 2823/2/2897 2824/2/2897 2809/2/2897 
f 2811/2/2898 2825/2/2898 2787/2/2898 
f 2787/2/2898 2790/2/2898 2811/2/2898 
f 2826/2/2899 2823/2/2899 2810/2/2899 
f 2810/2/2900 2812/2/2900 2826/2/2900 
f 2813/2/2901 2819/2/2901 2825/2/2901 
f 2825/2/2901 2811/2/2901 2813/2/2901 
f 2814/2/2902 2827/2/2902 2826/2/2902 
f 2826/2/2903 2812/2/2903 2814/2/2903 
f 2819/2/2904 2813/2/2904 2815/2/2904 
f 2815/2/2905 2820/2/2905 2819/2/2905 
f 2816/2/2906 2828/2/2906 2827/2/2906 
f 2827/2/2907 2814/2/2907 2816/2/2907 
f 2817/2/2908 2829/2/2908 2820/2/2908 
f 2820/2/2909 2815/2/2909 2817/2/2909 
f 2816/2/2910 2818/2/2910 2830/2/2910 
f 2830/2/2911 2828/2/2911 2816/2/2911 
f 2817/2/2912 2757/2/2912 2831/2/2912 
f 2831/2/2912 2829/2/2912 2817/2/2912 
f 2792/2/2913 2832/2/2913 2830/2/2913 
f 2830/2/2914 2818/2/2914 2792/2/2914 
f 2833/2/2915 2831/2/2915 2757/2/2915 
f 2757/2/2916 2756/2/2916 2833/2/2916 
f 2834/2/2917 2832/2/2917 2792/2/2917 
f 2792/2/2918 2791/2/2918 2834/2/2918 
f 2833/2/2919 2756/2/2919 2793/2/2919 
f 2793/2/2920 2835/2/2920 2833/2/2920 
f 2836/2/2921 2834/2/2921 2791/2/2921 
f 2791/2/2922 2794/2/2922 2836/2/2922 
f 2795/2/2923 2837/2/2923 2835/2/2923 
f 2835/2/2923 2793/2/2923 2795/2/2923 
f 2794/2/2924 2796/2/2924 2838/2/2924 
f 2838/2/2925 2836/2/2925 2794/2/2925 
f 2839/2/2926 2840/2/2926 2798/2/2926 
f 2798/2/2926 2797/2/2926 2839/2/2926 
f 2795/2/2927 2799/2/2927 2841/2/2927 
f 2841/2/2927 2837/2/2927 2795/2/2927 
f 2838/2/2928 2796/2/2928 2800/2/2928 
f 2800/2/2929 2842/2/2929 2838/2/2929 
f 2839/2/2930 2797/2/2930 2801/2/2930 
f 2801/2/2931 2843/2/2931 2839/2/2931 
f 2802/2/2932 2844/2/2932 2841/2/2932 
f 2841/2/2932 2799/2/2932 2802/2/2932 
f 2800/2/2933 2803/2/2933 2845/2/2933 
f 2845/2/2934 2842/2/2934 2800/2/2934 
f 2801/2/2935 2804/2/2935 2846/2/2935 
f 2846/2/2936 2843/2/2936 2801/2/2936 
f 2847/2/2937 2844/2/2937 2802/2/2937 
f 2802/2/2938 2805/2/2938 2847/2/2938 
f 2806/2/2939 2848/2/2939 2845/2/2939 
f 2845/2/2940 2803/2/2940 2806/2/2940 
f 2849/2/2941 2846/2/2941 2804/2/2941 
f 2804/2/2942 2807/2/2942 2849/2/2942 
f 2850/2/2943 2847/2/2943 2805/2/2943 
f 2805/2/2944 2808/2/2944 2850/2/2944 
f 2848/2/2945 2806/2/2945 2789/2/2945 
f 2789/2/2946 2788/2/2946 2848/2/2946 
f 2809/2/2947 2824/2/2947 2849/2/2947 
f 2849/2/2948 2807/2/2948 2809/2/2948 
f 2808/2/2949 2798/2/2949 2840/2/2949 
f 2840/2/2950 2850/2/2950 2808/2/2950 
f 2851/2/2951 2852/2/2951 2853/2/2951 
f 2853/2/2951 2854/2/2951 2855/2/2951 
f 2853/2/2952 2855/2/2952 2856/2/2952 
f 2851/2/2951 2853/2/2951 2856/2/2951 
f 2857/2/2951 2858/2/2951 2859/2/2951 
f 2856/2/2951 2857/2/2951 2859/2/2951 
f 2859/2/2951 2860/2/2951 2861/2/2951 
f 2859/2/2951 2861/2/2951 2862/2/2951 
f 2856/2/2953 2859/2/2953 2862/2/2953 
f 2856/2/2951 2862/2/2951 2863/2/2951 
f 2856/2/2951 2863/2/2951 2864/2/2951 
f 2865/2/2951 2866/2/2951 2867/2/2951 
f 2864/2/2951 2865/2/2951 2867/2/2951 
f 2864/2/2954 2867/2/2954 2868/2/2954 
f 2864/2/2951 2868/2/2951 2869/2/2951 
f 2856/2/2955 2864/2/2955 2869/2/2955 
f 2856/2/2954 2869/2/2954 2870/2/2954 
f 2822/2/2951 2821/2/2951 2871/2/2951 
f 2870/2/2956 2822/2/2956 2871/2/2956 
f 2870/2/2957 2871/2/2957 2872/2/2957 
f 2870/2/2951 2872/2/2951 2873/2/2951 
f 2856/2/2958 2870/2/2958 2873/2/2958 
f 2856/2/2951 2873/2/2951 2874/2/2951 
f 2875/2/2951 2876/2/2951 2877/2/2951 
f 2874/2/2952 2875/2/2952 2877/2/2952 
f 2874/2/2951 2877/2/2951 2878/2/2951 
f 2856/2/2952 2874/2/2952 2878/2/2952 
f 2856/2/2958 2878/2/2958 2879/2/2958 
f 2856/2/2951 2879/2/2951 2880/2/2951 
f 2851/2/2951 2856/2/2951 2880/2/2951 
f 2859/2/2959 2858/2/2959 2827/2/2959 
f 2827/2/2959 2828/2/2959 2859/2/2959 
f 2871/2/2960 2821/2/2960 2820/2/2960 
f 2820/2/2960 2829/2/2960 2871/2/2960 
f 2828/2/2961 2830/2/2961 2860/2/2961 
f 2860/2/2961 2859/2/2961 2828/2/2961 
f 2831/2/2962 2872/2/2962 2871/2/2962 
f 2871/2/2962 2829/2/2962 2831/2/2962 
f 2861/2/2963 2860/2/2963 2830/2/2963 
f 2830/2/2964 2832/2/2964 2861/2/2964 
f 2833/2/2965 2873/2/2965 2872/2/2965 
f 2872/2/2965 2831/2/2965 2833/2/2965 
f 2834/2/2966 2862/2/2966 2861/2/2966 
f 2861/2/2966 2832/2/2966 2834/2/2966 
f 2873/2/2967 2833/2/2967 2835/2/2967 
f 2835/2/2967 2874/2/2967 2873/2/2967 
f 2836/2/2968 2863/2/2968 2862/2/2968 
f 2862/2/2969 2834/2/2969 2836/2/2969 
f 2874/2/2970 2835/2/2970 2837/2/2970 
f 2837/2/2970 2875/2/2970 2874/2/2970 
f 2863/2/2971 2836/2/2971 2838/2/2971 
f 2838/2/2972 2864/2/2972 2863/2/2972 
f 2851/2/2973 2880/2/2973 2840/2/2973 
f 2840/2/2974 2839/2/2974 2851/2/2974 
f 2837/2/2975 2841/2/2975 2876/2/2975 
f 2876/2/2976 2875/2/2976 2837/2/2976 
f 2865/2/2977 2864/2/2977 2838/2/2977 
f 2838/2/2978 2842/2/2978 2865/2/2978 
f 2852/2/2979 2851/2/2979 2839/2/2979 
f 2839/2/2980 2843/2/2980 2852/2/2980 
f 2877/2/2981 2876/2/2981 2841/2/2981 
f 2841/2/2982 2844/2/2982 2877/2/2982 
f 2842/2/2983 2845/2/2983 2866/2/2983 
f 2866/2/2984 2865/2/2984 2842/2/2984 
f 2846/2/2985 2853/2/2985 2852/2/2985 
f 2852/2/2986 2843/2/2986 2846/2/2986 
f 2847/2/2987 2878/2/2987 2877/2/2987 
f 2877/2/2987 2844/2/2987 2847/2/2987 
f 2867/2/2988 2866/2/2988 2845/2/2988 
f 2845/2/2989 2848/2/2989 2867/2/2989 
f 2853/2/2990 2846/2/2990 2849/2/2990 
f 2849/2/2990 2854/2/2990 2853/2/2990 
f 2850/2/2991 2879/2/2991 2878/2/2991 
f 2878/2/2991 2847/2/2991 2850/2/2991 
f 2788/2/2992 2868/2/2992 2867/2/2992 
f 2867/2/2992 2848/2/2992 2788/2/2992 
f 2855/2/2993 2854/2/2993 2849/2/2993 
f 2849/2/2994 2824/2/2994 2855/2/2994 
f 2879/2/2995 2850/2/2995 2840/2/2995 
f 2840/2/2995 2880/2/2995 2879/2/2995 
f 2787/2/2996 2869/2/2996 2868/2/2996 
f 2868/2/2997 2788/2/2997 2787/2/2997 
f 2823/2/2998 2856/2/2998 2855/2/2998 
f 2855/2/2999 2824/2/2999 2823/2/2999 
f 2869/2/3000 2787/2/3000 2825/2/3000 
f 2825/2/3001 2870/2/3001 2869/2/3001 
f 2826/2/3002 2857/2/3002 2856/2/3002 
f 2856/2/3002 2823/2/3002 2826/2/3002 
f 2870/2/3003 2825/2/3003 2819/2/3003 
f 2819/2/3003 2822/2/3003 2870/2/3003 
f 2857/2/3004 2826/2/3004 2827/2/3004 
f 2827/2/3004 2858/2/3004 2857/2/3004 
# 0 polygons - 1660 triangles

#
# object C_rculo_011_C_rculo_012
#

v  1.1014 0.2058 -0.6594
v  1.1949 0.2058 -0.6502
v  1.2848 0.2058 -0.6229
v  1.3677 0.2058 -0.5786
v  1.4403 0.2058 -0.5190
v  1.5000 0.2058 -0.4464
v  1.5442 0.2058 -0.3635
v  1.5715 0.2058 -0.2736
v  1.5807 0.2058 -0.1801
v  1.5715 0.2058 -0.0865
v  1.5442 0.2058 0.0034
v  1.5000 0.2058 0.0862
v  1.4403 0.2058 0.1589
v  1.3677 0.2058 0.2185
v  1.2848 0.2058 0.2628
v  1.1949 0.2058 0.2901
v  1.1014 0.2058 0.2993
v  1.0079 0.2058 0.2901
v  0.9180 0.2058 0.2628
v  0.8351 0.2058 0.2185
v  0.7625 0.2058 0.1589
v  0.7028 0.2058 0.0862
v  0.6585 0.2058 0.0034
v  0.6313 0.2058 -0.0865
v  0.6221 0.2058 -0.1801
v  0.6313 0.2058 -0.2736
v  0.6585 0.2058 -0.3635
v  0.7028 0.2058 -0.4464
v  0.7625 0.2058 -0.5190
v  1.0079 0.2058 -0.6502
v  0.8351 0.2058 -0.5786
v  0.9180 0.2058 -0.6229
v  1.6064 0.1844 -0.2805
v  1.6064 0.0836 -0.2805
v  1.6163 0.0836 -0.1801
v  1.6163 0.1844 -0.1801
v  1.2984 0.1844 -0.6557
v  1.3874 0.1844 -0.6082
v  1.2018 0.1844 0.3249
v  1.1014 0.1844 0.3348
v  0.7373 0.1844 -0.5441
v  0.8154 0.1844 -0.6082
v  1.2018 0.1844 -0.6850
v  1.2984 0.1844 0.2956
v  0.6733 0.1844 -0.4661
v  1.1014 0.1844 -0.6949
v  1.3874 0.1844 0.2480
v  0.6257 0.1844 -0.3771
v  1.4655 0.1844 0.1840
v  0.5964 0.1844 -0.2805
v  1.5295 0.1844 0.1060
v  0.5865 0.1844 -0.1801
v  1.5771 0.1844 0.0170
v  0.5964 0.1844 -0.0796
v  1.6064 0.1844 -0.0796
v  0.6257 0.1844 0.0170
v  0.6733 0.1844 0.1060
v  0.7373 0.1844 0.1840
v  1.5771 0.1844 -0.3771
v  0.8154 0.1844 0.2480
v  1.5295 0.1844 -0.4661
v  0.9044 0.1844 0.2956
v  1.0010 0.1844 -0.6850
v  1.4655 0.1844 -0.5441
v  1.0010 0.1844 0.3249
v  0.9044 0.1844 -0.6557
v  1.0010 0.0836 -0.6850
v  0.9044 0.0836 -0.6557
v  0.8154 0.0836 -0.6082
v  0.7373 0.0836 -0.5441
v  0.6733 0.0836 -0.4661
v  0.6257 0.0836 -0.3771
v  0.5964 0.0836 -0.2805
v  0.5865 0.0836 -0.1801
v  0.5964 0.0836 -0.0796
v  0.6257 0.0836 0.0170
v  0.6733 0.0836 0.1060
v  0.7373 0.0836 0.1840
v  0.8154 0.0836 0.2480
v  0.9044 0.0836 0.2956
v  1.0010 0.0836 0.3249
v  1.1014 0.0836 0.3348
v  1.2018 0.0836 0.3249
v  1.2984 0.0836 0.2956
v  1.3874 0.0836 0.2480
v  1.4655 0.0836 0.1840
v  1.5295 0.0836 0.1060
v  1.5771 0.0836 0.0170
v  1.6064 0.0836 -0.0796
v  1.5771 0.0836 -0.3771
v  1.5295 0.0836 -0.4661
v  1.4655 0.0836 -0.5441
v  1.3874 0.0836 -0.6082
v  1.2984 0.0836 -0.6557
v  1.2018 0.0836 -0.6850
v  1.1014 0.0836 -0.6949
# 96 vertices

vn -0.0000 -1.0000 -0.0000
vn -0.9952 -0.0000 0.0981
vn -0.2440 -0.8556 0.4565
vn -0.2439 -0.8557 0.4564
vn -0.0507 -0.8556 -0.5151
vn -0.0507 -0.8556 -0.5152
vn 0.3283 -0.8557 0.3999
vn 0.3284 -0.8556 0.4001
vn -0.1502 -0.8557 0.4953
vn -0.1502 -0.8556 -0.4953
vn 0.4001 -0.8557 0.3283
vn 0.4000 -0.8557 0.3283
vn -0.0507 -0.8556 0.5152
vn -0.0507 -0.8556 0.5151
vn -0.2440 -0.8556 -0.4564
vn -0.2440 -0.8556 -0.4565
vn 0.4563 -0.8557 0.2440
vn 0.4566 -0.8556 0.2441
vn -0.3280 -0.8557 -0.4003
vn -0.3284 -0.8556 -0.4001
vn 0.4951 -0.8558 0.1502
vn 0.4953 -0.8557 0.1502
vn -0.3999 -0.8558 -0.3281
vn -0.4001 -0.8557 -0.3283
vn 0.5147 -0.8558 0.0508
vn 0.5149 -0.8557 0.0507
vn -0.4562 -0.8558 -0.2439
vn -0.4569 -0.8554 -0.2439
vn 0.5151 -0.8556 -0.0507
vn 0.5148 -0.8558 -0.0507
vn -0.4951 -0.8558 -0.1502
vn 0.4954 -0.8556 -0.1501
vn 0.4951 -0.8558 -0.1502
vn -0.5148 -0.8558 -0.0507
vn -0.5152 -0.8556 -0.0507
vn 0.4567 -0.8555 -0.2442
vn 0.4565 -0.8556 -0.2441
vn -0.5147 -0.8558 0.0508
vn -0.5148 -0.8558 0.0507
vn 0.4001 -0.8556 -0.3283
vn 0.4001 -0.8557 -0.3283
vn -0.4951 -0.8557 0.1502
vn -0.4950 -0.8558 0.1503
vn 0.3283 -0.8556 -0.4002
vn 0.3283 -0.8557 -0.3999
vn -0.4565 -0.8556 0.2441
vn -0.4564 -0.8557 0.2439
vn 0.2441 -0.8555 -0.4566
vn 0.2440 -0.8556 -0.4564
vn 0.0507 -0.8556 0.5152
vn 0.0507 -0.8556 0.5151
vn -0.4002 -0.8556 0.3284
vn -0.4001 -0.8557 0.3282
vn 0.1502 -0.8556 -0.4953
vn 0.1501 -0.8557 -0.4952
vn 0.1502 -0.8556 0.4953
vn -0.3284 -0.8556 0.4001
vn -0.3283 -0.8557 0.3999
vn 0.0508 -0.8553 -0.5156
vn 0.0507 -0.8556 -0.5152
vn 0.2440 -0.8556 0.4565
vn 0.2436 -0.8557 0.4565
vn -0.0000 1.0000 -0.0000
vn 0.7731 -0.0000 -0.6343
vn -0.9569 -0.0000 0.2903
vn 0.6343 -0.0000 -0.7730
vn -0.8818 -0.0000 0.4716
vn 0.4716 -0.0000 -0.8818
vn 0.0981 -0.0000 0.9952
vn -0.7731 -0.0000 0.6343
vn 0.2903 -0.0000 -0.9569
vn 0.2903 -0.0000 0.9569
vn -0.6344 -0.0000 0.7730
vn 0.0981 -0.0000 -0.9952
vn 0.4713 -0.0000 0.8820
vn -0.4711 -0.0000 0.8821
vn -0.0981 -0.0000 -0.9952
vn 0.6344 -0.0000 0.7730
vn -0.2903 -0.0000 0.9569
vn -0.2903 -0.0000 -0.9569
vn 0.7731 -0.0000 0.6343
vn -0.0981 -0.0000 0.9952
vn -0.4716 -0.0000 -0.8818
vn 0.8818 -0.0000 0.4716
vn -0.6343 -0.0000 -0.7730
vn -0.6344 -0.0000 -0.7730
vn 0.9569 -0.0000 0.2903
vn -0.7731 -0.0000 -0.6343
vn 0.9952 -0.0000 0.0981
vn -0.8818 -0.0000 -0.4716
vn -0.8820 -0.0000 -0.4713
vn 0.9952 -0.0000 -0.0980
vn -0.9569 -0.0000 -0.2903
vn 0.9569 -0.0000 -0.2903
vn -0.9952 -0.0000 -0.0980
vn 0.8820 -0.0000 -0.4713
vn 0.8818 -0.0000 -0.4716
# 97 vertex normals

vt 0.0000 0.0000 0.0000
# 1 texture coords

o C_rculo_011_C_rculo_012
g C_rculo_011_C_rculo_012
usemtl Goddard_None
s off
f 2881/3/3005 2882/3/3005 2883/3/3005 
f 2883/3/3005 2884/3/3005 2885/3/3005 
f 2881/3/3005 2883/3/3005 2885/3/3005 
f 2885/3/3005 2886/3/3005 2887/3/3005 
f 2887/3/3005 2888/3/3005 2889/3/3005 
f 2885/3/3005 2887/3/3005 2889/3/3005 
f 2881/3/3005 2885/3/3005 2889/3/3005 
f 2889/3/3005 2890/3/3005 2891/3/3005 
f 2891/3/3005 2892/3/3005 2893/3/3005 
f 2889/3/3005 2891/3/3005 2893/3/3005 
f 2893/3/3005 2894/3/3005 2895/3/3005 
f 2895/3/3005 2896/3/3005 2897/3/3005 
f 2893/3/3005 2895/3/3005 2897/3/3005 
f 2889/3/3005 2893/3/3005 2897/3/3005 
f 2897/3/3005 2898/3/3005 2899/3/3005 
f 2899/3/3005 2900/3/3005 2901/3/3005 
f 2897/3/3005 2899/3/3005 2901/3/3005 
f 2901/3/3005 2902/3/3005 2903/3/3005 
f 2903/3/3005 2904/3/3005 2905/3/3005 
f 2901/3/3005 2903/3/3005 2905/3/3005 
f 2897/3/3005 2901/3/3005 2905/3/3005 
f 2889/3/3005 2897/3/3005 2905/3/3005 
f 2881/3/3005 2889/3/3005 2905/3/3005 
f 2906/3/3005 2907/3/3005 2908/3/3005 
f 2905/3/3005 2906/3/3005 2908/3/3005 
f 2905/3/3005 2908/3/3005 2909/3/3005 
f 2881/3/3005 2905/3/3005 2909/3/3005 
f 2910/3/3005 2881/3/3005 2909/3/3005 
f 2910/3/3005 2909/3/3005 2911/3/3005 
f 2910/3/3005 2911/3/3005 2912/3/3005 
f 2913/3/3006 2914/3/3006 2915/3/3006 
f 2915/3/3006 2916/3/3006 2913/3/3006 
f 2883/3/3007 2917/3/3007 2918/3/3007 
f 2918/3/3008 2884/3/3008 2883/3/3008 
f 2896/3/3009 2919/3/3009 2920/3/3009 
f 2920/3/3010 2897/3/3010 2896/3/3010 
f 2911/3/3011 2909/3/3011 2921/3/3011 
f 2921/3/3012 2922/3/3012 2911/3/3012 
f 2882/3/3013 2923/3/3013 2917/3/3013 
f 2917/3/3013 2883/3/3013 2882/3/3013 
f 2895/3/3014 2924/3/3014 2919/3/3014 
f 2919/3/3014 2896/3/3014 2895/3/3014 
f 2908/3/3015 2925/3/3015 2921/3/3015 
f 2921/3/3016 2909/3/3016 2908/3/3016 
f 2882/3/3017 2881/3/3017 2926/3/3017 
f 2926/3/3018 2923/3/3018 2882/3/3018 
f 2894/3/3019 2927/3/3019 2924/3/3019 
f 2924/3/3020 2895/3/3020 2894/3/3020 
f 2928/3/3021 2925/3/3021 2908/3/3021 
f 2908/3/3022 2907/3/3022 2928/3/3022 
f 2893/3/3023 2929/3/3023 2927/3/3023 
f 2927/3/3024 2894/3/3024 2893/3/3024 
f 2906/3/3025 2930/3/3025 2928/3/3025 
f 2928/3/3026 2907/3/3026 2906/3/3026 
f 2892/3/3027 2931/3/3027 2929/3/3027 
f 2929/3/3028 2893/3/3028 2892/3/3028 
f 2932/3/3029 2930/3/3029 2906/3/3029 
f 2906/3/3030 2905/3/3030 2932/3/3030 
f 2891/3/3031 2933/3/3031 2931/3/3031 
f 2931/3/3032 2892/3/3032 2891/3/3032 
f 2932/3/3033 2905/3/3033 2904/3/3033 
f 2904/3/3034 2934/3/3034 2932/3/3034 
f 2890/3/3035 2935/3/3035 2933/3/3035 
f 2933/3/3035 2891/3/3035 2890/3/3035 
f 2904/3/3036 2903/3/3036 2936/3/3036 
f 2936/3/3037 2934/3/3037 2904/3/3037 
f 2889/3/3038 2916/3/3038 2935/3/3038 
f 2935/3/3039 2890/3/3039 2889/3/3039 
f 2902/3/3040 2937/3/3040 2936/3/3040 
f 2936/3/3041 2903/3/3041 2902/3/3041 
f 2888/3/3042 2913/3/3042 2916/3/3042 
f 2916/3/3043 2889/3/3043 2888/3/3043 
f 2901/3/3044 2938/3/3044 2937/3/3044 
f 2937/3/3045 2902/3/3045 2901/3/3045 
f 2887/3/3046 2939/3/3046 2913/3/3046 
f 2913/3/3047 2888/3/3047 2887/3/3047 
f 2900/3/3048 2940/3/3048 2938/3/3048 
f 2938/3/3049 2901/3/3049 2900/3/3049 
f 2886/3/3050 2941/3/3050 2939/3/3050 
f 2939/3/3051 2887/3/3051 2886/3/3051 
f 2899/3/3052 2942/3/3052 2940/3/3052 
f 2940/3/3053 2900/3/3053 2899/3/3053 
f 2926/3/3054 2881/3/3054 2910/3/3054 
f 2910/3/3055 2943/3/3055 2926/3/3055 
f 2885/3/3056 2944/3/3056 2941/3/3056 
f 2941/3/3057 2886/3/3057 2885/3/3057 
f 2898/3/3058 2945/3/3058 2942/3/3058 
f 2942/3/3059 2899/3/3059 2898/3/3059 
f 2943/3/3060 2910/3/3060 2912/3/3060 
f 2912/3/3060 2946/3/3060 2943/3/3060 
f 2884/3/3061 2918/3/3061 2944/3/3061 
f 2944/3/3062 2885/3/3062 2884/3/3062 
f 2897/3/3063 2920/3/3063 2945/3/3063 
f 2945/3/3064 2898/3/3064 2897/3/3064 
f 2946/3/3065 2912/3/3065 2911/3/3065 
f 2911/3/3066 2922/3/3066 2946/3/3066 
f 2947/3/3067 2948/3/3067 2949/3/3067 
f 2949/3/3067 2950/3/3067 2951/3/3067 
f 2947/3/3067 2949/3/3067 2951/3/3067 
f 2951/3/3067 2952/3/3067 2953/3/3067 
f 2951/3/3067 2953/3/3067 2954/3/3067 
f 2947/3/3067 2951/3/3067 2954/3/3067 
f 2947/3/3067 2954/3/3067 2955/3/3067 
f 2955/3/3067 2956/3/3067 2957/3/3067 
f 2957/3/3067 2958/3/3067 2959/3/3067 
f 2955/3/3067 2957/3/3067 2959/3/3067 
f 2959/3/3067 2960/3/3067 2961/3/3067 
f 2961/3/3067 2962/3/3067 2963/3/3067 
f 2959/3/3067 2961/3/3067 2963/3/3067 
f 2955/3/3067 2959/3/3067 2963/3/3067 
f 2963/3/3067 2964/3/3067 2965/3/3067 
f 2965/3/3067 2966/3/3067 2967/3/3067 
f 2963/3/3067 2965/3/3067 2967/3/3067 
f 2967/3/3067 2968/3/3067 2969/3/3067 
f 2969/3/3067 2915/3/3067 2914/3/3067 
f 2967/3/3067 2969/3/3067 2914/3/3067 
f 2963/3/3067 2967/3/3067 2914/3/3067 
f 2955/3/3067 2963/3/3067 2914/3/3067 
f 2914/3/3067 2970/3/3067 2971/3/3067 
f 2971/3/3067 2972/3/3067 2973/3/3067 
f 2914/3/3067 2971/3/3067 2973/3/3067 
f 2973/3/3067 2974/3/3067 2975/3/3067 
f 2973/3/3067 2975/3/3067 2976/3/3067 
f 2914/3/3067 2973/3/3067 2976/3/3067 
f 2955/3/3067 2914/3/3067 2976/3/3067 
f 2947/3/3067 2955/3/3067 2976/3/3067 
f 2938/3/3068 2958/3/3068 2957/3/3068 
f 2957/3/3068 2937/3/3068 2938/3/3068 
f 2939/3/3069 2970/3/3069 2914/3/3069 
f 2914/3/3069 2913/3/3069 2939/3/3069 
f 2940/3/3070 2959/3/3070 2958/3/3070 
f 2958/3/3070 2938/3/3070 2940/3/3070 
f 2941/3/3071 2971/3/3071 2970/3/3071 
f 2970/3/3071 2939/3/3071 2941/3/3071 
f 2942/3/3072 2960/3/3072 2959/3/3072 
f 2959/3/3072 2940/3/3072 2942/3/3072 
f 2943/3/3073 2947/3/3073 2976/3/3073 
f 2976/3/3073 2926/3/3073 2943/3/3073 
f 2944/3/3074 2972/3/3074 2971/3/3074 
f 2971/3/3074 2941/3/3074 2944/3/3074 
f 2945/3/3075 2961/3/3075 2960/3/3075 
f 2960/3/3075 2942/3/3075 2945/3/3075 
f 2946/3/3076 2948/3/3076 2947/3/3076 
f 2947/3/3076 2943/3/3076 2946/3/3076 
f 2918/3/3077 2973/3/3077 2972/3/3077 
f 2972/3/3077 2944/3/3077 2918/3/3077 
f 2920/3/3078 2962/3/3078 2961/3/3078 
f 2961/3/3078 2945/3/3078 2920/3/3078 
f 2922/3/3079 2949/3/3079 2948/3/3079 
f 2948/3/3079 2946/3/3079 2922/3/3079 
f 2917/3/3080 2974/3/3080 2973/3/3080 
f 2973/3/3080 2918/3/3080 2917/3/3080 
f 2919/3/3081 2963/3/3081 2962/3/3081 
f 2962/3/3081 2920/3/3081 2919/3/3081 
f 2921/3/3082 2950/3/3082 2949/3/3082 
f 2949/3/3082 2922/3/3082 2921/3/3082 
f 2923/3/3083 2975/3/3083 2974/3/3083 
f 2974/3/3083 2917/3/3083 2923/3/3083 
f 2924/3/3084 2964/3/3084 2963/3/3084 
f 2963/3/3084 2919/3/3084 2924/3/3084 
f 2925/3/3085 2951/3/3085 2950/3/3085 
f 2950/3/3085 2921/3/3085 2925/3/3085 
f 2923/3/3086 2926/3/3086 2976/3/3086 
f 2976/3/3086 2975/3/3086 2923/3/3086 
f 2927/3/3087 2965/3/3087 2964/3/3087 
f 2964/3/3087 2924/3/3087 2927/3/3087 
f 2928/3/3088 2952/3/3088 2951/3/3088 
f 2951/3/3088 2925/3/3088 2928/3/3088 
f 2929/3/3089 2966/3/3089 2965/3/3089 
f 2965/3/3090 2927/3/3090 2929/3/3090 
f 2930/3/3091 2953/3/3091 2952/3/3091 
f 2952/3/3091 2928/3/3091 2930/3/3091 
f 2931/3/3092 2967/3/3092 2966/3/3092 
f 2966/3/3092 2929/3/3092 2931/3/3092 
f 2932/3/3093 2954/3/3093 2953/3/3093 
f 2953/3/3093 2930/3/3093 2932/3/3093 
f 2933/3/3094 2968/3/3094 2967/3/3094 
f 2967/3/3095 2931/3/3095 2933/3/3095 
f 2934/3/3096 2955/3/3096 2954/3/3096 
f 2954/3/3096 2932/3/3096 2934/3/3096 
f 2935/3/3097 2969/3/3097 2968/3/3097 
f 2968/3/3097 2933/3/3097 2935/3/3097 
f 2936/3/3098 2956/3/3098 2955/3/3098 
f 2955/3/3098 2934/3/3098 2936/3/3098 
f 2916/3/3099 2915/3/3099 2969/3/3099 
f 2969/3/3099 2935/3/3099 2916/3/3099 
f 2937/3/3100 2957/3/3100 2956/3/3100 
f 2956/3/3101 2936/3/3101 2937/3/3101 
# 0 polygons - 188 triangles

#
# object C_rculo_012_C_rculo_013
#

v  1.1002 0.3837 -0.5578
v  1.1738 0.3837 -0.5505
v  1.2446 0.3837 -0.5291
v  1.3098 0.3837 -0.4942
v  1.3670 0.3837 -0.4473
v  1.4139 0.3837 -0.3901
v  1.4488 0.3837 -0.3248
v  1.4703 0.3837 -0.2540
v  1.4775 0.3837 -0.1804
v  1.4703 0.3837 -0.1068
v  1.4488 0.3837 -0.0360
v  1.4139 0.3837 0.0292
v  1.3670 0.3837 0.0864
v  1.3098 0.3837 0.1334
v  1.2446 0.3837 0.1682
v  1.1738 0.3837 0.1897
v  1.1002 0.3837 0.1969
v  1.0265 0.3837 0.1897
v  0.9557 0.3837 0.1682
v  0.8905 0.3837 0.1334
v  0.8333 0.3837 0.0864
v  0.7864 0.3837 0.0292
v  0.7515 0.3837 -0.0360
v  0.7300 0.3837 -0.1068
v  0.7228 0.3837 -0.1804
v  0.7300 0.3837 -0.2540
v  0.7515 0.3837 -0.3248
v  0.7864 0.3837 -0.3901
v  0.8333 0.3837 -0.4473
v  1.0265 0.3837 -0.5505
v  0.8905 0.3837 -0.4942
v  0.9557 0.3837 -0.5291
v  1.0071 0.2045 -0.6481
v  0.9177 0.2045 -0.6210
v  0.8352 0.2045 -0.5769
v  0.7630 0.2045 -0.5176
v  0.7037 0.2045 -0.4454
v  0.6596 0.2045 -0.3629
v  0.6325 0.2045 -0.2735
v  0.6233 0.2045 -0.1804
v  0.6325 0.2045 -0.0874
v  0.6596 0.2045 0.0021
v  0.7037 0.2045 0.0845
v  0.7630 0.2045 0.1568
v  0.8352 0.2045 0.2161
v  0.9177 0.2045 0.2601
v  1.0071 0.2045 0.2873
v  1.1002 0.2045 0.2964
v  1.1932 0.2045 0.2873
v  1.2826 0.2045 0.2601
v  1.3651 0.2045 0.2161
v  1.4373 0.2045 0.1568
v  1.4967 0.2045 0.0845
v  1.5407 0.2045 0.0021
v  1.5679 0.2045 -0.0874
v  1.5770 0.2045 -0.1804
v  1.5679 0.2045 -0.2735
v  1.5407 0.2045 -0.3629
v  1.4967 0.2045 -0.4454
v  1.4373 0.2045 -0.5176
v  1.3651 0.2045 -0.5769
v  1.2826 0.2045 -0.6210
v  1.1932 0.2045 -0.6481
v  1.1002 0.2045 -0.6573
# 64 vertices

vn -0.0000 -1.0000 -0.0000
vn -0.0000 1.0000 -0.0000
vn 0.8375 -0.4837 0.2542
vn 0.8376 -0.4836 0.2540
vn -0.6767 -0.4835 -0.5552
vn -0.6766 -0.4836 -0.5553
vn 0.8712 -0.4834 0.0861
vn 0.8711 -0.4836 0.0858
vn -0.7719 -0.4836 -0.4127
vn -0.7720 -0.4836 -0.4126
vn 0.8711 -0.4836 -0.0858
vn -0.8376 -0.4836 -0.2540
vn 0.8376 -0.4836 -0.2540
vn 0.8376 -0.4836 -0.2541
vn -0.8711 -0.4836 -0.0858
vn 0.7717 -0.4836 -0.4130
vn 0.7719 -0.4836 -0.4126
vn -0.8711 -0.4836 0.0856
vn -0.8711 -0.4836 0.0859
vn 0.6765 -0.4836 -0.5554
vn 0.6766 -0.4836 -0.5553
vn -0.8376 -0.4836 0.2540
vn -0.8376 -0.4836 0.2541
vn 0.5553 -0.4836 -0.6766
vn -0.7720 -0.4836 0.4125
vn -0.7720 -0.4836 0.4126
vn 0.4126 -0.4836 -0.7719
vn 0.0858 -0.4836 0.8711
vn -0.6766 -0.4836 0.5553
vn 0.2540 -0.4836 -0.8376
vn 0.2544 -0.4835 -0.8376
vn 0.2541 -0.4836 0.8376
vn 0.2542 -0.4836 0.8375
vn -0.5553 -0.4836 0.6766
vn 0.0858 -0.4836 -0.8711
vn 0.4127 -0.4836 0.7719
vn 0.4126 -0.4836 0.7719
vn -0.4127 -0.4834 0.7720
vn -0.4126 -0.4836 0.7719
vn -0.0857 -0.4836 -0.8711
vn -0.0858 -0.4836 -0.8711
vn 0.5553 -0.4836 0.6766
vn -0.2539 -0.4837 0.8376
vn -0.2541 -0.4836 0.8376
vn -0.2542 -0.4836 -0.8376
vn -0.2543 -0.4837 -0.8375
vn 0.6766 -0.4836 0.5553
vn -0.0857 -0.4836 0.8711
vn -0.0859 -0.4836 0.8711
vn -0.4127 -0.4836 -0.7719
vn -0.4125 -0.4836 -0.7720
vn 0.7719 -0.4836 0.4126
vn 0.7720 -0.4836 0.4126
vn -0.5555 -0.4836 -0.6764
vn -0.5553 -0.4836 -0.6766
# 55 vertex normals

vt 0.0000 0.0000 0.0000
# 1 texture coords

o C_rculo_012_C_rculo_013
g C_rculo_012_C_rculo_013
usemtl Goddard_None
s off
f 2977/4/3102 2978/4/3102 2979/4/3102 
f 2979/4/3102 2980/4/3102 2981/4/3102 
f 2977/4/3102 2979/4/3102 2981/4/3102 
f 2981/4/3102 2982/4/3102 2983/4/3102 
f 2983/4/3102 2984/4/3102 2985/4/3102 
f 2981/4/3102 2983/4/3102 2985/4/3102 
f 2977/4/3102 2981/4/3102 2985/4/3102 
f 2985/4/3102 2986/4/3102 2987/4/3102 
f 2987/4/3102 2988/4/3102 2989/4/3102 
f 2985/4/3102 2987/4/3102 2989/4/3102 
f 2989/4/3102 2990/4/3102 2991/4/3102 
f 2991/4/3102 2992/4/3102 2993/4/3102 
f 2989/4/3102 2991/4/3102 2993/4/3102 
f 2985/4/3102 2989/4/3102 2993/4/3102 
f 2993/4/3102 2994/4/3102 2995/4/3102 
f 2995/4/3102 2996/4/3102 2997/4/3102 
f 2993/4/3102 2995/4/3102 2997/4/3102 
f 2997/4/3102 2998/4/3102 2999/4/3102 
f 2999/4/3102 3000/4/3102 3001/4/3102 
f 2997/4/3102 2999/4/3102 3001/4/3102 
f 2993/4/3102 2997/4/3102 3001/4/3102 
f 2985/4/3102 2993/4/3102 3001/4/3102 
f 2977/4/3102 2985/4/3102 3001/4/3102 
f 3002/4/3102 3003/4/3102 3004/4/3102 
f 3001/4/3102 3002/4/3102 3004/4/3102 
f 3001/4/3102 3004/4/3102 3005/4/3102 
f 2977/4/3102 3001/4/3102 3005/4/3102 
f 3006/4/3102 2977/4/3102 3005/4/3102 
f 3006/4/3102 3005/4/3102 3007/4/3102 
f 3006/4/3102 3007/4/3102 3008/4/3102 
f 3009/4/3103 3010/4/3103 3011/4/3103 
f 3011/4/3103 3012/4/3103 3013/4/3103 
f 3009/4/3103 3011/4/3103 3013/4/3103 
f 3013/4/3103 3014/4/3103 3015/4/3103 
f 3015/4/3103 3016/4/3103 3017/4/3103 
f 3013/4/3103 3015/4/3103 3017/4/3103 
f 3009/4/3103 3013/4/3103 3017/4/3103 
f 3017/4/3103 3018/4/3103 3019/4/3103 
f 3019/4/3103 3020/4/3103 3021/4/3103 
f 3017/4/3103 3019/4/3103 3021/4/3103 
f 3021/4/3103 3022/4/3103 3023/4/3103 
f 3023/4/3103 3024/4/3103 3025/4/3103 
f 3021/4/3103 3023/4/3103 3025/4/3103 
f 3017/4/3103 3021/4/3103 3025/4/3103 
f 3009/4/3103 3017/4/3103 3025/4/3103 
f 3025/4/3103 3026/4/3103 3027/4/3103 
f 3027/4/3103 3028/4/3103 3029/4/3103 
f 3025/4/3103 3027/4/3103 3029/4/3103 
f 3029/4/3103 3030/4/3103 3031/4/3103 
f 3031/4/3103 3032/4/3103 3033/4/3103 
f 3029/4/3103 3031/4/3103 3033/4/3103 
f 3025/4/3103 3029/4/3103 3033/4/3103 
f 3033/4/3103 3034/4/3103 3035/4/3103 
f 3035/4/3103 3036/4/3103 3037/4/3103 
f 3033/4/3103 3035/4/3103 3037/4/3103 
f 3037/4/3103 3038/4/3103 3039/4/3103 
f 3037/4/3103 3039/4/3103 3040/4/3103 
f 3033/4/3103 3037/4/3103 3040/4/3103 
f 3025/4/3103 3033/4/3103 3040/4/3103 
f 3009/4/3103 3025/4/3103 3040/4/3103 
f 3002/4/3104 3015/4/3104 3014/4/3104 
f 3014/4/3105 3003/4/3105 3002/4/3105 
f 2988/4/3106 3029/4/3106 3028/4/3106 
f 3028/4/3107 2989/4/3107 2988/4/3107 
f 3016/4/3108 3015/4/3108 3002/4/3108 
f 3002/4/3109 3001/4/3109 3016/4/3109 
f 2987/4/3110 3030/4/3110 3029/4/3110 
f 3029/4/3111 2988/4/3111 2987/4/3111 
f 3016/4/3112 3001/4/3112 3000/4/3112 
f 3000/4/3112 3017/4/3112 3016/4/3112 
f 2986/4/3113 3031/4/3113 3030/4/3113 
f 3030/4/3113 2987/4/3113 2986/4/3113 
f 3000/4/3114 2999/4/3114 3018/4/3114 
f 3018/4/3115 3017/4/3115 3000/4/3115 
f 2985/4/3116 3032/4/3116 3031/4/3116 
f 3031/4/3116 2986/4/3116 2985/4/3116 
f 2998/4/3117 3019/4/3117 3018/4/3117 
f 3018/4/3118 2999/4/3118 2998/4/3118 
f 2984/4/3119 3033/4/3119 3032/4/3119 
f 3032/4/3120 2985/4/3120 2984/4/3120 
f 2997/4/3121 3020/4/3121 3019/4/3121 
f 3019/4/3122 2998/4/3122 2997/4/3122 
f 2983/4/3123 3034/4/3123 3033/4/3123 
f 3033/4/3124 2984/4/3124 2983/4/3124 
f 2996/4/3125 3021/4/3125 3020/4/3125 
f 3020/4/3125 2997/4/3125 2996/4/3125 
f 2982/4/3126 3035/4/3126 3034/4/3126 
f 3034/4/3127 2983/4/3127 2982/4/3127 
f 2995/4/3128 3022/4/3128 3021/4/3128 
f 3021/4/3128 2996/4/3128 2995/4/3128 
f 3040/4/3129 2977/4/3129 3006/4/3129 
f 3006/4/3129 3009/4/3129 3040/4/3129 
f 2981/4/3130 3036/4/3130 3035/4/3130 
f 3035/4/3130 2982/4/3130 2981/4/3130 
f 2994/4/3131 3023/4/3131 3022/4/3131 
f 3022/4/3132 2995/4/3132 2994/4/3132 
f 3009/4/3133 3006/4/3133 3008/4/3133 
f 3008/4/3134 3010/4/3134 3009/4/3134 
f 2980/4/3135 3037/4/3135 3036/4/3135 
f 3036/4/3135 2981/4/3135 2980/4/3135 
f 2993/4/3136 3024/4/3136 3023/4/3136 
f 3023/4/3136 2994/4/3136 2993/4/3136 
f 3010/4/3137 3008/4/3137 3007/4/3137 
f 3007/4/3138 3011/4/3138 3010/4/3138 
f 2979/4/3139 3038/4/3139 3037/4/3139 
f 3037/4/3140 2980/4/3140 2979/4/3140 
f 2992/4/3141 3025/4/3141 3024/4/3141 
f 3024/4/3142 2993/4/3142 2992/4/3142 
f 3007/4/3143 3005/4/3143 3012/4/3143 
f 3012/4/3143 3011/4/3143 3007/4/3143 
f 2978/4/3144 3039/4/3144 3038/4/3144 
f 3038/4/3145 2979/4/3145 2978/4/3145 
f 2991/4/3146 3026/4/3146 3025/4/3146 
f 3025/4/3147 2992/4/3147 2991/4/3147 
f 3004/4/3148 3013/4/3148 3012/4/3148 
f 3012/4/3148 3005/4/3148 3004/4/3148 
f 2978/4/3149 2977/4/3149 3040/4/3149 
f 3040/4/3150 3039/4/3150 2978/4/3150 
f 2990/4/3151 3027/4/3151 3026/4/3151 
f 3026/4/3152 2991/4/3152 2990/4/3152 
f 3014/4/3153 3013/4/3153 3004/4/3153 
f 3004/4/3154 3003/4/3154 3014/4/3154 
f 2989/4/3155 3028/4/3155 3027/4/3155 
f 3027/4/3156 2990/4/3156 2989/4/3156 
# 0 polygons - 124 triangles

#
# object C_rculo_013_C_rculo_014
#

v  1.1008 0.4483 -0.5403
v  1.1706 0.4483 -0.5334
v  1.2378 0.4483 -0.5130
v  1.2997 0.4483 -0.4799
v  1.3540 0.4483 -0.4354
v  1.3986 0.4483 -0.3811
v  1.4317 0.4483 -0.3192
v  1.4520 0.4483 -0.2520
v  1.4589 0.4483 -0.1821
v  1.4520 0.4483 -0.1122
v  1.4317 0.4483 -0.0450
v  1.3986 0.4483 0.0169
v  1.3540 0.4483 0.0712
v  1.2997 0.4483 0.1157
v  1.2378 0.4483 0.1488
v  1.1706 0.4483 0.1692
v  1.1008 0.4483 0.1761
v  1.0309 0.4483 0.1692
v  0.9637 0.4483 0.1488
v  0.9018 0.4483 0.1157
v  0.8475 0.4483 0.0712
v  0.8030 0.4483 0.0169
v  0.7699 0.4483 -0.0450
v  0.7495 0.4483 -0.1122
v  0.7426 0.4483 -0.1821
v  0.7495 0.4483 -0.2520
v  0.7699 0.4483 -0.3192
v  0.8030 0.4483 -0.3811
v  0.8475 0.4483 -0.4354
v  1.0309 0.4483 -0.5334
v  0.9018 0.4483 -0.4799
v  0.9637 0.4483 -0.5130
v  0.8330 0.4174 -0.4498
v  0.8330 0.3826 -0.4498
v  0.8904 0.3826 -0.4969
v  0.8904 0.4174 -0.4969
v  0.7221 0.4174 -0.1821
v  0.7294 0.4174 -0.1082
v  1.4721 0.4174 -0.1082
v  1.4506 0.4174 -0.0372
v  0.7509 0.4174 -0.0372
v  1.4794 0.4174 -0.1821
v  0.7859 0.4174 0.0283
v  1.4721 0.4174 -0.2560
v  0.8330 0.4174 0.0857
v  1.4506 0.4174 -0.3270
v  0.8904 0.4174 0.1327
v  1.4156 0.4174 -0.3925
v  0.9559 0.4174 0.1677
v  1.1008 0.4174 -0.5608
v  1.0269 0.4174 -0.5535
v  1.3685 0.4174 -0.4498
v  1.0269 0.4174 0.1893
v  0.9559 0.4174 -0.5319
v  1.3111 0.4174 -0.4969
v  1.1008 0.4174 0.1966
v  1.2457 0.4174 -0.5319
v  1.1746 0.4174 0.1893
v  1.1746 0.4174 -0.5535
v  1.2457 0.4174 0.1677
v  0.7859 0.4174 -0.3925
v  1.3111 0.4174 0.1327
v  0.7509 0.4174 -0.3270
v  1.3685 0.4174 0.0857
v  0.7294 0.4174 -0.2560
v  1.4156 0.4174 0.0283
v  1.0269 0.3826 -0.5535
v  0.9559 0.3826 -0.5319
v  0.7859 0.3826 -0.3925
v  0.7509 0.3826 -0.3270
v  0.7294 0.3826 -0.2560
v  0.7221 0.3826 -0.1821
v  0.7294 0.3826 -0.1082
v  0.7509 0.3826 -0.0372
v  0.7859 0.3826 0.0283
v  0.8330 0.3826 0.0857
v  0.8904 0.3826 0.1327
v  0.9559 0.3826 0.1677
v  1.0269 0.3826 0.1893
v  1.1008 0.3826 0.1966
v  1.1746 0.3826 0.1893
v  1.2457 0.3826 0.1677
v  1.3111 0.3826 0.1327
v  1.3685 0.3826 0.0857
v  1.4156 0.3826 0.0283
v  1.4506 0.3826 -0.0372
v  1.4721 0.3826 -0.1082
v  1.4794 0.3826 -0.1821
v  1.4721 0.3826 -0.2560
v  1.4506 0.3826 -0.3270
v  1.4156 0.3826 -0.3925
v  1.3685 0.3826 -0.4498
v  1.3111 0.3826 -0.4969
v  1.2457 0.3826 -0.5319
v  1.1746 0.3826 -0.5535
v  1.1008 0.3826 -0.5608
# 96 vertices

vn -0.0000 -1.0000 -0.0000
vn 0.6343 -0.0000 0.7731
vn 0.8308 -0.5506 -0.0818
vn 0.8307 -0.5506 -0.0819
vn -0.7989 -0.5506 -0.2422
vn -0.7989 -0.5505 -0.2423
vn 0.7989 -0.5505 -0.2423
vn 0.7988 -0.5507 -0.2421
vn -0.8307 -0.5507 -0.0819
vn -0.8308 -0.5505 -0.0818
vn 0.7363 -0.5505 -0.3935
vn 0.7362 -0.5506 -0.3935
vn -0.8308 -0.5505 0.0818
vn -0.8307 -0.5506 0.0818
vn 0.6453 -0.5505 -0.5296
vn -0.7989 -0.5505 0.2423
vn 0.5296 -0.5505 -0.6454
vn 0.5296 -0.5505 -0.6453
vn -0.7362 -0.5506 0.3935
vn -0.7363 -0.5503 0.3936
vn 0.3935 -0.5504 -0.7363
vn 0.3937 -0.5503 -0.7363
vn 0.0818 -0.5506 0.8308
vn 0.0818 -0.5505 0.8308
vn -0.6453 -0.5505 0.5296
vn -0.6454 -0.5506 0.5294
vn 0.2423 -0.5505 -0.7989
vn 0.2424 -0.5504 -0.7989
vn 0.2423 -0.5505 0.7989
vn -0.5296 -0.5505 0.6454
vn -0.5296 -0.5505 0.6453
vn 0.0818 -0.5505 -0.8308
vn 0.0820 -0.5509 -0.8306
vn 0.3936 -0.5504 0.7363
vn 0.3935 -0.5503 0.7364
vn -0.3936 -0.5506 0.7362
vn -0.3937 -0.5503 0.7363
vn -0.0819 -0.5506 -0.8308
vn -0.0818 -0.5505 -0.8308
vn 0.5296 -0.5505 0.6454
vn -0.2424 -0.5506 0.7988
vn -0.2422 -0.5505 0.7989
vn -0.2427 -0.5506 -0.7987
vn -0.2423 -0.5505 -0.7989
vn 0.6453 -0.5505 0.5296
vn 0.6454 -0.5504 0.5296
vn -0.0819 -0.5506 0.8307
vn -0.0819 -0.5506 0.8308
vn -0.3935 -0.5505 -0.7362
vn -0.3936 -0.5508 -0.7360
vn 0.7363 -0.5505 0.3935
vn 0.7362 -0.5505 0.3935
vn -0.5296 -0.5505 -0.6453
vn -0.5294 -0.5505 -0.6455
vn 0.7989 -0.5504 0.2424
vn 0.7989 -0.5506 0.2423
vn -0.6454 -0.5505 -0.5296
vn -0.6453 -0.5505 -0.5296
vn 0.8308 -0.5505 0.0818
vn -0.7364 -0.5503 -0.3936
vn -0.7363 -0.5503 -0.3937
vn -0.0000 1.0000 -0.0000
vn -0.2907 -0.0000 0.9568
vn -0.2904 -0.0000 0.9569
vn -0.2907 -0.0000 -0.9568
vn 0.7731 -0.0000 0.6343
vn 0.7729 -0.0000 0.6345
vn -0.0984 -0.0000 0.9951
vn -0.0980 -0.0000 0.9952
vn -0.4716 -0.0000 -0.8818
vn -0.4718 -0.0000 -0.8817
vn 0.8820 -0.0000 0.4713
vn -0.6344 -0.0000 -0.7730
vn 0.9571 -0.0000 0.2898
vn 0.9569 -0.0000 0.2903
vn -0.7731 -0.0000 -0.6343
vn 0.9952 -0.0000 0.0978
vn 0.9952 -0.0000 0.0983
vn -0.8820 -0.0000 -0.4713
vn 0.9952 -0.0000 -0.0980
vn 0.9952 -0.0000 -0.0983
vn -0.9570 -0.0000 -0.2901
vn 0.9569 -0.0000 -0.2903
vn -0.9952 -0.0000 -0.0980
vn 0.8820 -0.0000 -0.4713
vn -0.9952 -0.0000 0.0983
vn -0.9952 -0.0000 0.0980
vn 0.7731 -0.0000 -0.6343
vn -0.9571 -0.0000 0.2898
vn -0.9569 -0.0000 0.2903
vn 0.6344 -0.0000 -0.7730
vn -0.8820 -0.0000 0.4713
vn 0.4713 -0.0000 -0.8820
vn 0.0983 -0.0000 0.9952
vn -0.7729 -0.0000 0.6345
vn -0.7731 -0.0000 0.6343
vn 0.2906 -0.0000 -0.9568
vn 0.2904 -0.0000 -0.9569
vn 0.2903 -0.0000 0.9569
vn 0.2902 -0.0000 0.9570
vn -0.6343 -0.0000 0.7731
vn 0.0983 -0.0000 -0.9952
vn 0.4713 -0.0000 0.8820
vn -0.4718 -0.0000 0.8817
vn -0.0981 -0.0000 -0.9952
vn -0.0980 -0.0000 -0.9952
# 106 vertex normals

vt 0.0000 0.0000 0.0000
# 1 texture coords

o C_rculo_013_C_rculo_014
g C_rculo_013_C_rculo_014
usemtl Goddard_None
s off
f 3041/5/3157 3042/5/3157 3043/5/3157 
f 3043/5/3157 3044/5/3157 3045/5/3157 
f 3041/5/3157 3043/5/3157 3045/5/3157 
f 3045/5/3157 3046/5/3157 3047/5/3157 
f 3047/5/3157 3048/5/3157 3049/5/3157 
f 3045/5/3157 3047/5/3157 3049/5/3157 
f 3041/5/3157 3045/5/3157 3049/5/3157 
f 3049/5/3157 3050/5/3157 3051/5/3157 
f 3051/5/3157 3052/5/3157 3053/5/3157 
f 3049/5/3157 3051/5/3157 3053/5/3157 
f 3053/5/3157 3054/5/3157 3055/5/3157 
f 3055/5/3157 3056/5/3157 3057/5/3157 
f 3053/5/3157 3055/5/3157 3057/5/3157 
f 3049/5/3157 3053/5/3157 3057/5/3157 
f 3057/5/3157 3058/5/3157 3059/5/3157 
f 3059/5/3157 3060/5/3157 3061/5/3157 
f 3057/5/3157 3059/5/3157 3061/5/3157 
f 3061/5/3157 3062/5/3157 3063/5/3157 
f 3063/5/3157 3064/5/3157 3065/5/3157 
f 3061/5/3157 3063/5/3157 3065/5/3157 
f 3057/5/3157 3061/5/3157 3065/5/3157 
f 3049/5/3157 3057/5/3157 3065/5/3157 
f 3041/5/3157 3049/5/3157 3065/5/3157 
f 3066/5/3157 3067/5/3157 3068/5/3157 
f 3065/5/3157 3066/5/3157 3068/5/3157 
f 3065/5/3157 3068/5/3157 3069/5/3157 
f 3041/5/3157 3065/5/3157 3069/5/3157 
f 3070/5/3157 3041/5/3157 3069/5/3157 
f 3070/5/3157 3069/5/3157 3071/5/3157 
f 3070/5/3157 3071/5/3157 3072/5/3157 
f 3073/5/3158 3074/5/3158 3075/5/3158 
f 3075/5/3158 3076/5/3158 3073/5/3158 
f 3077/5/3159 3065/5/3159 3064/5/3159 
f 3064/5/3160 3078/5/3160 3077/5/3160 
f 3050/5/3161 3079/5/3161 3080/5/3161 
f 3080/5/3162 3051/5/3162 3050/5/3162 
f 3064/5/3163 3063/5/3163 3081/5/3163 
f 3081/5/3164 3078/5/3164 3064/5/3164 
f 3049/5/3165 3082/5/3165 3079/5/3165 
f 3079/5/3166 3050/5/3166 3049/5/3166 
f 3062/5/3167 3083/5/3167 3081/5/3167 
f 3081/5/3168 3063/5/3168 3062/5/3168 
f 3048/5/3169 3084/5/3169 3082/5/3169 
f 3082/5/3170 3049/5/3170 3048/5/3170 
f 3061/5/3171 3085/5/3171 3083/5/3171 
f 3083/5/3171 3062/5/3171 3061/5/3171 
f 3047/5/3172 3086/5/3172 3084/5/3172 
f 3084/5/3172 3048/5/3172 3047/5/3172 
f 3060/5/3173 3087/5/3173 3085/5/3173 
f 3085/5/3174 3061/5/3174 3060/5/3174 
f 3046/5/3175 3088/5/3175 3086/5/3175 
f 3086/5/3176 3047/5/3176 3046/5/3176 
f 3059/5/3177 3089/5/3177 3087/5/3177 
f 3087/5/3178 3060/5/3178 3059/5/3178 
f 3090/5/3179 3041/5/3179 3070/5/3179 
f 3070/5/3180 3091/5/3180 3090/5/3180 
f 3045/5/3181 3092/5/3181 3088/5/3181 
f 3088/5/3182 3046/5/3182 3045/5/3182 
f 3058/5/3183 3093/5/3183 3089/5/3183 
f 3089/5/3184 3059/5/3184 3058/5/3184 
f 3091/5/3185 3070/5/3185 3072/5/3185 
f 3072/5/3185 3094/5/3185 3091/5/3185 
f 3044/5/3186 3095/5/3186 3092/5/3186 
f 3092/5/3187 3045/5/3187 3044/5/3187 
f 3057/5/3188 3096/5/3188 3093/5/3188 
f 3093/5/3189 3058/5/3189 3057/5/3189 
f 3094/5/3190 3072/5/3190 3071/5/3190 
f 3071/5/3191 3076/5/3191 3094/5/3191 
f 3043/5/3192 3097/5/3192 3095/5/3192 
f 3095/5/3193 3044/5/3193 3043/5/3193 
f 3056/5/3194 3098/5/3194 3096/5/3194 
f 3096/5/3195 3057/5/3195 3056/5/3195 
f 3071/5/3196 3069/5/3196 3073/5/3196 
f 3073/5/3196 3076/5/3196 3071/5/3196 
f 3042/5/3197 3099/5/3197 3097/5/3197 
f 3097/5/3198 3043/5/3198 3042/5/3198 
f 3055/5/3199 3100/5/3199 3098/5/3199 
f 3098/5/3200 3056/5/3200 3055/5/3200 
f 3068/5/3201 3101/5/3201 3073/5/3201 
f 3073/5/3202 3069/5/3202 3068/5/3202 
f 3042/5/3203 3041/5/3203 3090/5/3203 
f 3090/5/3204 3099/5/3204 3042/5/3204 
f 3054/5/3205 3102/5/3205 3100/5/3205 
f 3100/5/3206 3055/5/3206 3054/5/3206 
f 3103/5/3207 3101/5/3207 3068/5/3207 
f 3068/5/3208 3067/5/3208 3103/5/3208 
f 3053/5/3209 3104/5/3209 3102/5/3209 
f 3102/5/3210 3054/5/3210 3053/5/3210 
f 3066/5/3211 3105/5/3211 3103/5/3211 
f 3103/5/3212 3067/5/3212 3066/5/3212 
f 3052/5/3213 3106/5/3213 3104/5/3213 
f 3104/5/3214 3053/5/3214 3052/5/3214 
f 3077/5/3215 3105/5/3215 3066/5/3215 
f 3066/5/3215 3065/5/3215 3077/5/3215 
f 3051/5/3216 3080/5/3216 3106/5/3216 
f 3106/5/3217 3052/5/3217 3051/5/3217 
f 3107/5/3218 3108/5/3218 3075/5/3218 
f 3075/5/3218 3074/5/3218 3109/5/3218 
f 3107/5/3218 3075/5/3218 3109/5/3218 
f 3109/5/3218 3110/5/3218 3111/5/3218 
f 3109/5/3218 3111/5/3218 3112/5/3218 
f 3107/5/3218 3109/5/3218 3112/5/3218 
f 3107/5/3218 3112/5/3218 3113/5/3218 
f 3113/5/3218 3114/5/3218 3115/5/3218 
f 3115/5/3218 3116/5/3218 3117/5/3218 
f 3113/5/3218 3115/5/3218 3117/5/3218 
f 3117/5/3218 3118/5/3218 3119/5/3218 
f 3119/5/3218 3120/5/3218 3121/5/3218 
f 3117/5/3218 3119/5/3218 3121/5/3218 
f 3113/5/3218 3117/5/3218 3121/5/3218 
f 3121/5/3218 3122/5/3218 3123/5/3218 
f 3123/5/3218 3124/5/3218 3125/5/3218 
f 3121/5/3218 3123/5/3218 3125/5/3218 
f 3125/5/3218 3126/5/3218 3127/5/3218 
f 3127/5/3218 3128/5/3218 3129/5/3218 
f 3125/5/3218 3127/5/3218 3129/5/3218 
f 3121/5/3218 3125/5/3218 3129/5/3218 
f 3113/5/3218 3121/5/3218 3129/5/3218 
f 3129/5/3218 3130/5/3218 3131/5/3218 
f 3131/5/3218 3132/5/3218 3133/5/3218 
f 3129/5/3218 3131/5/3218 3133/5/3218 
f 3133/5/3218 3134/5/3218 3135/5/3218 
f 3133/5/3218 3135/5/3218 3136/5/3218 
f 3129/5/3218 3133/5/3218 3136/5/3218 
f 3113/5/3218 3129/5/3218 3136/5/3218 
f 3107/5/3218 3113/5/3218 3136/5/3218 
f 3099/5/3219 3135/5/3219 3134/5/3219 
f 3134/5/3220 3097/5/3220 3099/5/3220 
f 3100/5/3221 3122/5/3221 3121/5/3221 
f 3121/5/3221 3098/5/3221 3100/5/3221 
f 3101/5/3222 3109/5/3222 3074/5/3222 
f 3074/5/3223 3073/5/3223 3101/5/3223 
f 3099/5/3224 3090/5/3224 3136/5/3224 
f 3136/5/3225 3135/5/3225 3099/5/3225 
f 3102/5/3226 3123/5/3226 3122/5/3226 
f 3122/5/3227 3100/5/3227 3102/5/3227 
f 3103/5/3228 3110/5/3228 3109/5/3228 
f 3109/5/3228 3101/5/3228 3103/5/3228 
f 3104/5/3229 3124/5/3229 3123/5/3229 
f 3123/5/3229 3102/5/3229 3104/5/3229 
f 3105/5/3230 3111/5/3230 3110/5/3230 
f 3110/5/3231 3103/5/3231 3105/5/3231 
f 3106/5/3232 3125/5/3232 3124/5/3232 
f 3124/5/3232 3104/5/3232 3106/5/3232 
f 3077/5/3233 3112/5/3233 3111/5/3233 
f 3111/5/3234 3105/5/3234 3077/5/3234 
f 3080/5/3235 3126/5/3235 3125/5/3235 
f 3125/5/3235 3106/5/3235 3080/5/3235 
f 3078/5/3236 3113/5/3236 3112/5/3236 
f 3112/5/3237 3077/5/3237 3078/5/3237 
f 3079/5/3238 3127/5/3238 3126/5/3238 
f 3126/5/3238 3080/5/3238 3079/5/3238 
f 3081/5/3239 3114/5/3239 3113/5/3239 
f 3113/5/3239 3078/5/3239 3081/5/3239 
f 3082/5/3240 3128/5/3240 3127/5/3240 
f 3127/5/3240 3079/5/3240 3082/5/3240 
f 3083/5/3241 3115/5/3241 3114/5/3241 
f 3114/5/3241 3081/5/3241 3083/5/3241 
f 3084/5/3242 3129/5/3242 3128/5/3242 
f 3128/5/3243 3082/5/3243 3084/5/3243 
f 3085/5/3244 3116/5/3244 3115/5/3244 
f 3115/5/3244 3083/5/3244 3085/5/3244 
f 3086/5/3245 3130/5/3245 3129/5/3245 
f 3129/5/3246 3084/5/3246 3086/5/3246 
f 3087/5/3247 3117/5/3247 3116/5/3247 
f 3116/5/3247 3085/5/3247 3087/5/3247 
f 3088/5/3248 3131/5/3248 3130/5/3248 
f 3130/5/3248 3086/5/3248 3088/5/3248 
f 3089/5/3249 3118/5/3249 3117/5/3249 
f 3117/5/3249 3087/5/3249 3089/5/3249 
f 3091/5/3250 3107/5/3250 3136/5/3250 
f 3136/5/3250 3090/5/3250 3091/5/3250 
f 3092/5/3251 3132/5/3251 3131/5/3251 
f 3131/5/3252 3088/5/3252 3092/5/3252 
f 3093/5/3253 3119/5/3253 3118/5/3253 
f 3118/5/3254 3089/5/3254 3093/5/3254 
f 3094/5/3255 3108/5/3255 3107/5/3255 
f 3107/5/3256 3091/5/3256 3094/5/3256 
f 3095/5/3257 3133/5/3257 3132/5/3257 
f 3132/5/3257 3092/5/3257 3095/5/3257 
f 3096/5/3258 3120/5/3258 3119/5/3258 
f 3119/5/3258 3093/5/3258 3096/5/3258 
f 3076/5/3259 3075/5/3259 3108/5/3259 
f 3108/5/3259 3094/5/3259 3076/5/3259 
f 3097/5/3260 3134/5/3260 3133/5/3260 
f 3133/5/3260 3095/5/3260 3097/5/3260 
f 3098/5/3261 3121/5/3261 3120/5/3261 
f 3120/5/3262 3096/5/3262 3098/5/3262 
# 0 polygons - 188 triangles

